sample_id,feature_kind,feature_idx,ablation_frac,detect_prob,detect_drop,dataset,seed
s142652,causal,8,0.0,0.99995,0.0,fiveg_nidd,0
s142652,causal,8,0.25,0.90506,0.09489,fiveg_nidd,0
s142652,causal,8,0.5,0.90506,0.09489,fiveg_nidd,0
s142652,causal,8,0.75,0.90506,0.09489,fiveg_nidd,0
s142652,causal,8,1.0,0.90506,0.09489,fiveg_nidd,0
s142652,causal,32,0.0,0.99995,0.0,fiveg_nidd,0
s142652,causal,32,0.25,0.06544,0.93451,fiveg_nidd,0
s142652,causal,32,0.5,0.06544,0.93451,fiveg_nidd,0
s142652,causal,32,0.75,0.06544,0.93451,fiveg_nidd,0
s142652,causal,32,1.0,0.06544,0.93451,fiveg_nidd,0
s142652,non_causal,22,0.0,0.99995,0.0,fiveg_nidd,0
s142652,non_causal,22,0.25,0.99995,0.0,fiveg_nidd,0
s142652,non_causal,22,0.5,0.99995,0.0,fiveg_nidd,0
s142652,non_causal,22,0.75,0.99995,0.0,fiveg_nidd,0
s142652,non_causal,22,1.0,0.99995,0.0,fiveg_nidd,0
s142652,non_causal,21,0.0,0.99995,0.0,fiveg_nidd,0
s142652,non_causal,21,0.25,0.99994,1e-05,fiveg_nidd,0
s142652,non_causal,21,0.5,0.99994,1e-05,fiveg_nidd,0
s142652,non_causal,21,0.75,0.99994,1e-05,fiveg_nidd,0
s142652,non_causal,21,1.0,0.99994,1e-05,fiveg_nidd,0
s142652,non_causal,4,0.0,0.99995,0.0,fiveg_nidd,0
s142652,non_causal,4,0.25,0.99995,0.0,fiveg_nidd,0
s142652,non_causal,4,0.5,0.99995,0.0,fiveg_nidd,0
s142652,non_causal,4,0.75,0.99995,0.0,fiveg_nidd,0
s142652,non_causal,4,1.0,0.99995,0.0,fiveg_nidd,0
s129551,causal,8,0.0,0.99988,0.0,fiveg_nidd,0
s129551,causal,8,0.25,0.22301,0.77688,fiveg_nidd,0
s129551,causal,8,0.5,0.22301,0.77688,fiveg_nidd,0
s129551,causal,8,0.75,0.22301,0.77688,fiveg_nidd,0
s129551,causal,8,1.0,0.22301,0.77688,fiveg_nidd,0
s129551,causal,40,0.0,0.99988,0.0,fiveg_nidd,0
s129551,causal,40,0.25,0.99992,-4e-05,fiveg_nidd,0
s129551,causal,40,0.5,0.99985,3e-05,fiveg_nidd,0
s129551,causal,40,0.75,0.82565,0.17423,fiveg_nidd,0
s129551,causal,40,1.0,0.82565,0.17423,fiveg_nidd,0
s129551,non_causal,35,0.0,0.99988,0.0,fiveg_nidd,0
s129551,non_causal,35,0.25,0.99988,0.0,fiveg_nidd,0
s129551,non_causal,35,0.5,0.99988,0.0,fiveg_nidd,0
s129551,non_causal,35,0.75,0.99988,0.0,fiveg_nidd,0
s129551,non_causal,35,1.0,0.99988,0.0,fiveg_nidd,0
s129551,non_causal,5,0.0,0.99988,0.0,fiveg_nidd,0
s129551,non_causal,5,0.25,0.99988,0.0,fiveg_nidd,0
s129551,non_causal,5,0.5,0.99988,0.0,fiveg_nidd,0
s129551,non_causal,5,0.75,0.99988,0.0,fiveg_nidd,0
s129551,non_causal,5,1.0,0.99988,0.0,fiveg_nidd,0
s129551,non_causal,15,0.0,0.99988,0.0,fiveg_nidd,0
s129551,non_causal,15,0.25,0.9999,-1e-05,fiveg_nidd,0
s129551,non_causal,15,0.5,0.9999,-1e-05,fiveg_nidd,0
s129551,non_causal,15,0.75,0.9999,-1e-05,fiveg_nidd,0
s129551,non_causal,15,1.0,0.9999,-1e-05,fiveg_nidd,0
s140444,causal,0,0.0,0.9525,0.0,fiveg_nidd,0
s140444,causal,0,0.25,0.89724,0.05526,fiveg_nidd,0
s140444,causal,0,0.5,0.89724,0.05526,fiveg_nidd,0
s140444,causal,0,0.75,0.88611,0.0664,fiveg_nidd,0
s140444,causal,0,1.0,0.88379,0.06871,fiveg_nidd,0
s140444,causal,8,0.0,0.9525,0.0,fiveg_nidd,0
s140444,causal,8,0.25,0.47634,0.47616,fiveg_nidd,0
s140444,causal,8,0.5,0.47634,0.47616,fiveg_nidd,0
s140444,causal,8,0.75,0.47634,0.47616,fiveg_nidd,0
s140444,causal,8,1.0,0.47634,0.47616,fiveg_nidd,0
s140444,causal,29,0.0,0.9525,0.0,fiveg_nidd,0
s140444,causal,29,0.25,0.93545,0.01706,fiveg_nidd,0
s140444,causal,29,0.5,0.42859,0.52391,fiveg_nidd,0
s140444,causal,29,0.75,0.51606,0.43644,fiveg_nidd,0
s140444,causal,29,1.0,0.51606,0.43644,fiveg_nidd,0
s140444,causal,30,0.0,0.9525,0.0,fiveg_nidd,0
s140444,causal,30,0.25,0.7692,0.18331,fiveg_nidd,0
s140444,causal,30,0.5,0.7692,0.18331,fiveg_nidd,0
s140444,causal,30,0.75,0.7692,0.18331,fiveg_nidd,0
s140444,causal,30,1.0,0.7692,0.18331,fiveg_nidd,0
s140444,causal,31,0.0,0.9525,0.0,fiveg_nidd,0
s140444,causal,31,0.25,0.8199,0.13261,fiveg_nidd,0
s140444,causal,31,0.5,0.8199,0.13261,fiveg_nidd,0
s140444,causal,31,0.75,0.8199,0.13261,fiveg_nidd,0
s140444,causal,31,1.0,0.8199,0.13261,fiveg_nidd,0
s140444,causal,32,0.0,0.9525,0.0,fiveg_nidd,0
s140444,causal,32,0.25,0.05185,0.90065,fiveg_nidd,0
s140444,causal,32,0.5,0.05185,0.90065,fiveg_nidd,0
s140444,causal,32,0.75,0.05185,0.90065,fiveg_nidd,0
s140444,causal,32,1.0,0.05185,0.90065,fiveg_nidd,0
s140444,causal,40,0.0,0.9525,0.0,fiveg_nidd,0
s140444,causal,40,0.25,0.9252,0.0273,fiveg_nidd,0
s140444,causal,40,0.5,0.23052,0.72199,fiveg_nidd,0
s140444,causal,40,0.75,0.00918,0.94332,fiveg_nidd,0
s140444,causal,40,1.0,0.00918,0.94332,fiveg_nidd,0
s140444,non_causal,37,0.0,0.9525,0.0,fiveg_nidd,0
s140444,non_causal,37,0.25,0.9525,0.0,fiveg_nidd,0
s140444,non_causal,37,0.5,0.93586,0.01665,fiveg_nidd,0
s140444,non_causal,37,0.75,0.93586,0.01665,fiveg_nidd,0
s140444,non_causal,37,1.0,0.93586,0.01665,fiveg_nidd,0
s140444,non_causal,26,0.0,0.9525,0.0,fiveg_nidd,0
s140444,non_causal,26,0.25,0.9525,0.0,fiveg_nidd,0
s140444,non_causal,26,0.5,0.9525,0.0,fiveg_nidd,0
s140444,non_causal,26,0.75,0.9525,0.0,fiveg_nidd,0
s140444,non_causal,26,1.0,0.9525,0.0,fiveg_nidd,0
s140444,non_causal,24,0.0,0.9525,0.0,fiveg_nidd,0
s140444,non_causal,24,0.25,0.9525,0.0,fiveg_nidd,0
s140444,non_causal,24,0.5,0.9525,0.0,fiveg_nidd,0
s140444,non_causal,24,0.75,0.9525,0.0,fiveg_nidd,0
s140444,non_causal,24,1.0,0.9525,0.0,fiveg_nidd,0
s350314,causal,29,0.0,0.99915,0.0,fiveg_nidd,0
s350314,causal,29,0.25,0.99877,0.00038,fiveg_nidd,0
s350314,causal,29,0.5,0.7799,0.21925,fiveg_nidd,0
s350314,causal,29,0.75,0.83729,0.16186,fiveg_nidd,0
s350314,causal,29,1.0,0.83729,0.16186,fiveg_nidd,0
s350314,causal,30,0.0,0.99915,0.0,fiveg_nidd,0
s350314,causal,30,0.25,0.92977,0.06938,fiveg_nidd,0
s350314,causal,30,0.5,0.92977,0.06938,fiveg_nidd,0
s350314,causal,30,0.75,0.92977,0.06938,fiveg_nidd,0
s350314,causal,30,1.0,0.92977,0.06938,fiveg_nidd,0
s350314,causal,32,0.0,0.99915,0.0,fiveg_nidd,0
s350314,causal,32,0.25,0.08864,0.91051,fiveg_nidd,0
s350314,causal,32,0.5,0.08864,0.91051,fiveg_nidd,0
s350314,causal,32,0.75,0.08864,0.91051,fiveg_nidd,0
s350314,causal,32,1.0,0.08864,0.91051,fiveg_nidd,0
s350314,causal,40,0.0,0.99915,0.0,fiveg_nidd,0
s350314,causal,40,0.25,0.999,0.00015,fiveg_nidd,0
s350314,causal,40,0.5,0.99713,0.00202,fiveg_nidd,0
s350314,causal,40,0.75,0.06452,0.93463,fiveg_nidd,0
s350314,causal,40,1.0,0.06452,0.93463,fiveg_nidd,0
s350314,non_causal,4,0.0,0.99915,0.0,fiveg_nidd,0
s350314,non_causal,4,0.25,0.99915,0.0,fiveg_nidd,0
s350314,non_causal,4,0.5,0.99915,0.0,fiveg_nidd,0
s350314,non_causal,4,0.75,0.99915,0.0,fiveg_nidd,0
s350314,non_causal,4,1.0,0.99915,0.0,fiveg_nidd,0
s350314,non_causal,24,0.0,0.99915,0.0,fiveg_nidd,0
s350314,non_causal,24,0.25,0.99915,0.0,fiveg_nidd,0
s350314,non_causal,24,0.5,0.99915,0.0,fiveg_nidd,0
s350314,non_causal,24,0.75,0.99915,0.0,fiveg_nidd,0
s350314,non_causal,24,1.0,0.99915,0.0,fiveg_nidd,0
s350314,non_causal,34,0.0,0.99915,0.0,fiveg_nidd,0
s350314,non_causal,34,0.25,0.99915,0.0,fiveg_nidd,0
s350314,non_causal,34,0.5,0.99915,0.0,fiveg_nidd,0
s350314,non_causal,34,0.75,0.99915,0.0,fiveg_nidd,0
s350314,non_causal,34,1.0,0.99915,0.0,fiveg_nidd,0
s324688,causal,0,0.0,0.88362,0.0,fiveg_nidd,0
s324688,causal,0,0.25,0.84903,0.03459,fiveg_nidd,0
s324688,causal,0,0.5,0.84903,0.03459,fiveg_nidd,0
s324688,causal,0,0.75,0.82887,0.05476,fiveg_nidd,0
s324688,causal,0,1.0,0.82587,0.05776,fiveg_nidd,0
s324688,causal,8,0.0,0.88362,0.0,fiveg_nidd,0
s324688,causal,8,0.25,0.28242,0.6012,fiveg_nidd,0
s324688,causal,8,0.5,0.28242,0.6012,fiveg_nidd,0
s324688,causal,8,0.75,0.28242,0.6012,fiveg_nidd,0
s324688,causal,8,1.0,0.28242,0.6012,fiveg_nidd,0
s324688,causal,9,0.0,0.88362,0.0,fiveg_nidd,0
s324688,causal,9,0.25,0.76729,0.11633,fiveg_nidd,0
s324688,causal,9,0.5,0.76729,0.11633,fiveg_nidd,0
s324688,causal,9,0.75,0.76729,0.11633,fiveg_nidd,0
s324688,causal,9,1.0,0.76729,0.11633,fiveg_nidd,0
s324688,causal,29,0.0,0.88362,0.0,fiveg_nidd,0
s324688,causal,29,0.25,0.84466,0.03896,fiveg_nidd,0
s324688,causal,29,0.5,0.22711,0.65651,fiveg_nidd,0
s324688,causal,29,0.75,0.29446,0.58916,fiveg_nidd,0
s324688,causal,29,1.0,0.29446,0.58916,fiveg_nidd,0
s324688,causal,30,0.0,0.88362,0.0,fiveg_nidd,0
s324688,causal,30,0.25,0.52003,0.3636,fiveg_nidd,0
s324688,causal,30,0.5,0.52003,0.3636,fiveg_nidd,0
s324688,causal,30,0.75,0.52003,0.3636,fiveg_nidd,0
s324688,causal,30,1.0,0.52003,0.3636,fiveg_nidd,0
s324688,causal,31,0.0,0.88362,0.0,fiveg_nidd,0
s324688,causal,31,0.25,0.57478,0.30884,fiveg_nidd,0
s324688,causal,31,0.5,0.57478,0.30884,fiveg_nidd,0
s324688,causal,31,0.75,0.57478,0.30884,fiveg_nidd,0
s324688,causal,31,1.0,0.57478,0.30884,fiveg_nidd,0
s324688,causal,32,0.0,0.88362,0.0,fiveg_nidd,0
s324688,causal,32,0.25,0.05178,0.83184,fiveg_nidd,0
s324688,causal,32,0.5,0.05178,0.83184,fiveg_nidd,0
s324688,causal,32,0.75,0.05178,0.83184,fiveg_nidd,0
s324688,causal,32,1.0,0.05178,0.83184,fiveg_nidd,0
s324688,causal,40,0.0,0.88362,0.0,fiveg_nidd,0
s324688,causal,40,0.25,0.80133,0.0823,fiveg_nidd,0
s324688,causal,40,0.5,0.02231,0.86131,fiveg_nidd,0
s324688,causal,40,0.75,0.02231,0.86131,fiveg_nidd,0
s324688,causal,40,1.0,0.02231,0.86131,fiveg_nidd,0
s324688,non_causal,23,0.0,0.88362,0.0,fiveg_nidd,0
s324688,non_causal,23,0.25,0.88362,0.0,fiveg_nidd,0
s324688,non_causal,23,0.5,0.88362,0.0,fiveg_nidd,0
s324688,non_causal,23,0.75,0.88362,0.0,fiveg_nidd,0
s324688,non_causal,23,1.0,0.88362,0.0,fiveg_nidd,0
s324688,non_causal,1,0.0,0.88362,0.0,fiveg_nidd,0
s324688,non_causal,1,0.25,0.88362,0.0,fiveg_nidd,0
s324688,non_causal,1,0.5,0.88362,0.0,fiveg_nidd,0
s324688,non_causal,1,0.75,0.88362,0.0,fiveg_nidd,0
s324688,non_causal,1,1.0,0.88362,0.0,fiveg_nidd,0
s324688,non_causal,6,0.0,0.88362,0.0,fiveg_nidd,0
s324688,non_causal,6,0.25,0.88362,0.0,fiveg_nidd,0
s324688,non_causal,6,0.5,0.88362,0.0,fiveg_nidd,0
s324688,non_causal,6,0.75,0.88362,0.0,fiveg_nidd,0
s324688,non_causal,6,1.0,0.88362,0.0,fiveg_nidd,0
s143546,causal,8,0.0,0.98691,0.0,fiveg_nidd,0
s143546,causal,8,0.25,0.77299,0.21392,fiveg_nidd,0
s143546,causal,8,0.5,0.77299,0.21392,fiveg_nidd,0
s143546,causal,8,0.75,0.77299,0.21392,fiveg_nidd,0
s143546,causal,8,1.0,0.77299,0.21392,fiveg_nidd,0
s143546,causal,29,0.0,0.98691,0.0,fiveg_nidd,0
s143546,causal,29,0.25,0.98125,0.00566,fiveg_nidd,0
s143546,causal,29,0.5,0.47784,0.50907,fiveg_nidd,0
s143546,causal,29,0.75,0.56919,0.41772,fiveg_nidd,0
s143546,causal,29,1.0,0.56919,0.41772,fiveg_nidd,0
s143546,causal,30,0.0,0.98691,0.0,fiveg_nidd,0
s143546,causal,30,0.25,0.69881,0.2881,fiveg_nidd,0
s143546,causal,30,0.5,0.69881,0.2881,fiveg_nidd,0
s143546,causal,30,0.75,0.69881,0.2881,fiveg_nidd,0
s143546,causal,30,1.0,0.69881,0.2881,fiveg_nidd,0
s143546,causal,31,0.0,0.98691,0.0,fiveg_nidd,0
s143546,causal,31,0.25,0.91896,0.06795,fiveg_nidd,0
s143546,causal,31,0.5,0.91896,0.06795,fiveg_nidd,0
s143546,causal,31,0.75,0.91896,0.06795,fiveg_nidd,0
s143546,causal,31,1.0,0.91896,0.06795,fiveg_nidd,0
s143546,causal,32,0.0,0.98691,0.0,fiveg_nidd,0
s143546,causal,32,0.25,0.07047,0.91644,fiveg_nidd,0
s143546,causal,32,0.5,0.07047,0.91644,fiveg_nidd,0
s143546,causal,32,0.75,0.07047,0.91644,fiveg_nidd,0
s143546,causal,32,1.0,0.07047,0.91644,fiveg_nidd,0
s143546,causal,40,0.0,0.98691,0.0,fiveg_nidd,0
s143546,causal,40,0.25,0.95211,0.0348,fiveg_nidd,0
s143546,causal,40,0.5,0.03595,0.95096,fiveg_nidd,0
s143546,causal,40,0.75,0.00492,0.98199,fiveg_nidd,0
s143546,causal,40,1.0,0.00492,0.98199,fiveg_nidd,0
s143546,non_causal,7,0.0,0.98691,0.0,fiveg_nidd,0
s143546,non_causal,7,0.25,0.98691,0.0,fiveg_nidd,0
s143546,non_causal,7,0.5,0.98691,0.0,fiveg_nidd,0
s143546,non_causal,7,0.75,0.98691,0.0,fiveg_nidd,0
s143546,non_causal,7,1.0,0.98691,0.0,fiveg_nidd,0
s143546,non_causal,18,0.0,0.98691,0.0,fiveg_nidd,0
s143546,non_causal,18,0.25,0.98579,0.00112,fiveg_nidd,0
s143546,non_causal,18,0.5,0.98579,0.00112,fiveg_nidd,0
s143546,non_causal,18,0.75,0.98579,0.00112,fiveg_nidd,0
s143546,non_causal,18,1.0,0.98579,0.00112,fiveg_nidd,0
s143546,non_causal,11,0.0,0.98691,0.0,fiveg_nidd,0
s143546,non_causal,11,0.25,0.98691,0.0,fiveg_nidd,0
s143546,non_causal,11,0.5,0.98691,0.0,fiveg_nidd,0
s143546,non_causal,11,0.75,0.98691,0.0,fiveg_nidd,0
s143546,non_causal,11,1.0,0.98691,0.0,fiveg_nidd,0
s119913,causal,8,0.0,0.99997,0.0,fiveg_nidd,0
s119913,causal,8,0.25,0.88791,0.11206,fiveg_nidd,0
s119913,causal,8,0.5,0.88791,0.11206,fiveg_nidd,0
s119913,causal,8,0.75,0.88791,0.11206,fiveg_nidd,0
s119913,causal,8,1.0,0.88791,0.11206,fiveg_nidd,0
s119913,causal,32,0.0,0.99997,0.0,fiveg_nidd,0
s119913,causal,32,0.25,0.83758,0.16239,fiveg_nidd,0
s119913,causal,32,0.5,0.83758,0.16239,fiveg_nidd,0
s119913,causal,32,0.75,0.83758,0.16239,fiveg_nidd,0
s119913,causal,32,1.0,0.83758,0.16239,fiveg_nidd,0
s119913,non_causal,26,0.0,0.99997,0.0,fiveg_nidd,0
s119913,non_causal,26,0.25,0.99997,0.0,fiveg_nidd,0
s119913,non_causal,26,0.5,0.99997,0.0,fiveg_nidd,0
s119913,non_causal,26,0.75,0.99997,0.0,fiveg_nidd,0
s119913,non_causal,26,1.0,0.99997,0.0,fiveg_nidd,0
s119913,non_causal,10,0.0,0.99997,0.0,fiveg_nidd,0
s119913,non_causal,10,0.25,0.99997,0.0,fiveg_nidd,0
s119913,non_causal,10,0.5,0.99997,0.0,fiveg_nidd,0
s119913,non_causal,10,0.75,0.99997,0.0,fiveg_nidd,0
s119913,non_causal,10,1.0,0.99997,0.0,fiveg_nidd,0
s119913,non_causal,5,0.0,0.99997,0.0,fiveg_nidd,0
s119913,non_causal,5,0.25,0.99997,0.0,fiveg_nidd,0
s119913,non_causal,5,0.5,0.99997,0.0,fiveg_nidd,0
s119913,non_causal,5,0.75,0.99997,0.0,fiveg_nidd,0
s119913,non_causal,5,1.0,0.99997,0.0,fiveg_nidd,0
s293339,causal,8,0.0,0.98021,0.0,fiveg_nidd,0
s293339,causal,8,0.25,0.69281,0.2874,fiveg_nidd,0
s293339,causal,8,0.5,0.69281,0.2874,fiveg_nidd,0
s293339,causal,8,0.75,0.69281,0.2874,fiveg_nidd,0
s293339,causal,8,1.0,0.69281,0.2874,fiveg_nidd,0
s293339,causal,29,0.0,0.98021,0.0,fiveg_nidd,0
s293339,causal,29,0.25,0.97176,0.00845,fiveg_nidd,0
s293339,causal,29,0.5,0.43325,0.54696,fiveg_nidd,0
s293339,causal,29,0.75,0.5241,0.45611,fiveg_nidd,0
s293339,causal,29,1.0,0.5241,0.45611,fiveg_nidd,0
s293339,causal,30,0.0,0.98021,0.0,fiveg_nidd,0
s293339,causal,30,0.25,0.75792,0.22229,fiveg_nidd,0
s293339,causal,30,0.5,0.75792,0.22229,fiveg_nidd,0
s293339,causal,30,0.75,0.75792,0.22229,fiveg_nidd,0
s293339,causal,30,1.0,0.75792,0.22229,fiveg_nidd,0
s293339,causal,31,0.0,0.98021,0.0,fiveg_nidd,0
s293339,causal,31,0.25,0.88356,0.09665,fiveg_nidd,0
s293339,causal,31,0.5,0.88356,0.09665,fiveg_nidd,0
s293339,causal,31,0.75,0.88356,0.09665,fiveg_nidd,0
s293339,causal,31,1.0,0.88356,0.09665,fiveg_nidd,0
s293339,causal,32,0.0,0.98021,0.0,fiveg_nidd,0
s293339,causal,32,0.25,0.05737,0.92284,fiveg_nidd,0
s293339,causal,32,0.5,0.05737,0.92284,fiveg_nidd,0
s293339,causal,32,0.75,0.05737,0.92284,fiveg_nidd,0
s293339,causal,32,1.0,0.05737,0.92284,fiveg_nidd,0
s293339,causal,40,0.0,0.98021,0.0,fiveg_nidd,0
s293339,causal,40,0.25,0.93098,0.04923,fiveg_nidd,0
s293339,causal,40,0.5,0.02486,0.95535,fiveg_nidd,0
s293339,causal,40,0.75,0.00427,0.97594,fiveg_nidd,0
s293339,causal,40,1.0,0.00427,0.97594,fiveg_nidd,0
s293339,non_causal,15,0.0,0.98021,0.0,fiveg_nidd,0
s293339,non_causal,15,0.25,0.97325,0.00696,fiveg_nidd,0
s293339,non_causal,15,0.5,0.97325,0.00696,fiveg_nidd,0
s293339,non_causal,15,0.75,0.97325,0.00696,fiveg_nidd,0
s293339,non_causal,15,1.0,0.97325,0.00696,fiveg_nidd,0
s293339,non_causal,3,0.0,0.98021,0.0,fiveg_nidd,0
s293339,non_causal,3,0.25,0.98021,0.0,fiveg_nidd,0
s293339,non_causal,3,0.5,0.98021,0.0,fiveg_nidd,0
s293339,non_causal,3,0.75,0.98021,0.0,fiveg_nidd,0
s293339,non_causal,3,1.0,0.98021,0.0,fiveg_nidd,0
s293339,non_causal,5,0.0,0.98021,0.0,fiveg_nidd,0
s293339,non_causal,5,0.25,0.98021,0.0,fiveg_nidd,0
s293339,non_causal,5,0.5,0.98021,0.0,fiveg_nidd,0
s293339,non_causal,5,0.75,0.98021,0.0,fiveg_nidd,0
s293339,non_causal,5,1.0,0.98021,0.0,fiveg_nidd,0
s179833,causal,8,0.0,0.99179,0.0,fiveg_nidd,0
s179833,causal,8,0.25,0.84365,0.14813,fiveg_nidd,0
s179833,causal,8,0.5,0.84365,0.14813,fiveg_nidd,0
s179833,causal,8,0.75,0.84365,0.14813,fiveg_nidd,0
s179833,causal,8,1.0,0.84365,0.14813,fiveg_nidd,0
s179833,causal,29,0.0,0.99179,0.0,fiveg_nidd,0
s179833,causal,29,0.25,0.98735,0.00444,fiveg_nidd,0
s179833,causal,29,0.5,0.53515,0.45664,fiveg_nidd,0
s179833,causal,29,0.75,0.62464,0.36715,fiveg_nidd,0
s179833,causal,29,1.0,0.62464,0.36715,fiveg_nidd,0
s179833,causal,30,0.0,0.99179,0.0,fiveg_nidd,0
s179833,causal,30,0.25,0.8344,0.15738,fiveg_nidd,0
s179833,causal,30,0.5,0.8344,0.15738,fiveg_nidd,0
s179833,causal,30,0.75,0.8344,0.15738,fiveg_nidd,0
s179833,causal,30,1.0,0.8344,0.15738,fiveg_nidd,0
s179833,causal,31,0.0,0.99179,0.0,fiveg_nidd,0
s179833,causal,31,0.25,0.9413,0.05049,fiveg_nidd,0
s179833,causal,31,0.5,0.9413,0.05049,fiveg_nidd,0
s179833,causal,31,0.75,0.9413,0.05049,fiveg_nidd,0
s179833,causal,31,1.0,0.9413,0.05049,fiveg_nidd,0
s179833,causal,32,0.0,0.99179,0.0,fiveg_nidd,0
s179833,causal,32,0.25,0.1062,0.88559,fiveg_nidd,0
s179833,causal,32,0.5,0.1062,0.88559,fiveg_nidd,0
s179833,causal,32,0.75,0.1062,0.88559,fiveg_nidd,0
s179833,causal,32,1.0,0.1062,0.88559,fiveg_nidd,0
s179833,causal,40,0.0,0.99179,0.0,fiveg_nidd,0
s179833,causal,40,0.25,0.933,0.05879,fiveg_nidd,0
s179833,causal,40,0.5,0.04291,0.94888,fiveg_nidd,0
s179833,causal,40,0.75,0.00446,0.98733,fiveg_nidd,0
s179833,causal,40,1.0,0.00446,0.98733,fiveg_nidd,0
s179833,non_causal,23,0.0,0.99179,0.0,fiveg_nidd,0
s179833,non_causal,23,0.25,0.99179,0.0,fiveg_nidd,0
s179833,non_causal,23,0.5,0.99179,0.0,fiveg_nidd,0
s179833,non_causal,23,0.75,0.99179,0.0,fiveg_nidd,0
s179833,non_causal,23,1.0,0.99179,0.0,fiveg_nidd,0
s179833,non_causal,7,0.0,0.99179,0.0,fiveg_nidd,0
s179833,non_causal,7,0.25,0.99179,0.0,fiveg_nidd,0
s179833,non_causal,7,0.5,0.99179,0.0,fiveg_nidd,0
s179833,non_causal,7,0.75,0.99179,0.0,fiveg_nidd,0
s179833,non_causal,7,1.0,0.99179,0.0,fiveg_nidd,0
s179833,non_causal,16,0.0,0.99179,0.0,fiveg_nidd,0
s179833,non_causal,16,0.25,0.99179,0.0,fiveg_nidd,0
s179833,non_causal,16,0.5,0.99179,0.0,fiveg_nidd,0
s179833,non_causal,16,0.75,0.99179,0.0,fiveg_nidd,0
s179833,non_causal,16,1.0,0.99179,0.0,fiveg_nidd,0
s305325,causal,8,0.0,0.99997,0.0,fiveg_nidd,0
s305325,causal,8,0.25,0.91745,0.08251,fiveg_nidd,0
s305325,causal,8,0.5,0.91745,0.08251,fiveg_nidd,0
s305325,causal,8,0.75,0.91745,0.08251,fiveg_nidd,0
s305325,causal,8,1.0,0.91745,0.08251,fiveg_nidd,0
s305325,causal,32,0.0,0.99997,0.0,fiveg_nidd,0
s305325,causal,32,0.25,0.10529,0.89468,fiveg_nidd,0
s305325,causal,32,0.5,0.10529,0.89468,fiveg_nidd,0
s305325,causal,32,0.75,0.10529,0.89468,fiveg_nidd,0
s305325,causal,32,1.0,0.10529,0.89468,fiveg_nidd,0
s305325,non_causal,3,0.0,0.99997,0.0,fiveg_nidd,0
s305325,non_causal,3,0.25,0.99997,0.0,fiveg_nidd,0
s305325,non_causal,3,0.5,0.99997,0.0,fiveg_nidd,0
s305325,non_causal,3,0.75,0.99997,0.0,fiveg_nidd,0
s305325,non_causal,3,1.0,0.99997,0.0,fiveg_nidd,0
s305325,non_causal,19,0.0,0.99997,0.0,fiveg_nidd,0
s305325,non_causal,19,0.25,0.99997,0.0,fiveg_nidd,0
s305325,non_causal,19,0.5,0.99997,0.0,fiveg_nidd,0
s305325,non_causal,19,0.75,0.99997,0.0,fiveg_nidd,0
s305325,non_causal,19,1.0,0.99997,0.0,fiveg_nidd,0
s305325,non_causal,28,0.0,0.99997,0.0,fiveg_nidd,0
s305325,non_causal,28,0.25,0.99997,0.0,fiveg_nidd,0
s305325,non_causal,28,0.5,0.99997,0.0,fiveg_nidd,0
s305325,non_causal,28,0.75,0.99997,0.0,fiveg_nidd,0
s305325,non_causal,28,1.0,0.99997,0.0,fiveg_nidd,0
s140433,causal,8,0.0,0.99996,0.0,fiveg_nidd,0
s140433,causal,8,0.25,0.90414,0.09581,fiveg_nidd,0
s140433,causal,8,0.5,0.90414,0.09581,fiveg_nidd,0
s140433,causal,8,0.75,0.90414,0.09581,fiveg_nidd,0
s140433,causal,8,1.0,0.90414,0.09581,fiveg_nidd,0
s140433,causal,32,0.0,0.99996,0.0,fiveg_nidd,0
s140433,causal,32,0.25,0.00025,0.99971,fiveg_nidd,0
s140433,causal,32,0.5,0.00025,0.99971,fiveg_nidd,0
s140433,causal,32,0.75,0.00025,0.99971,fiveg_nidd,0
s140433,causal,32,1.0,0.00025,0.99971,fiveg_nidd,0
s140433,non_causal,14,0.0,0.99996,0.0,fiveg_nidd,0
s140433,non_causal,14,0.25,0.99996,0.0,fiveg_nidd,0
s140433,non_causal,14,0.5,0.99996,0.0,fiveg_nidd,0
s140433,non_causal,14,0.75,0.99996,0.0,fiveg_nidd,0
s140433,non_causal,14,1.0,0.99996,0.0,fiveg_nidd,0
s140433,non_causal,16,0.0,0.99996,0.0,fiveg_nidd,0
s140433,non_causal,16,0.25,0.99995,0.0,fiveg_nidd,0
s140433,non_causal,16,0.5,0.99995,0.0,fiveg_nidd,0
s140433,non_causal,16,0.75,0.99995,0.0,fiveg_nidd,0
s140433,non_causal,16,1.0,0.99995,0.0,fiveg_nidd,0
s140433,non_causal,2,0.0,0.99996,0.0,fiveg_nidd,0
s140433,non_causal,2,0.25,0.99996,0.0,fiveg_nidd,0
s140433,non_causal,2,0.5,0.99996,0.0,fiveg_nidd,0
s140433,non_causal,2,0.75,0.99996,0.0,fiveg_nidd,0
s140433,non_causal,2,1.0,0.99996,0.0,fiveg_nidd,0
s135482,causal,8,0.0,0.99973,0.0,fiveg_nidd,0
s135482,causal,8,0.25,0.20271,0.79702,fiveg_nidd,0
s135482,causal,8,0.5,0.20271,0.79702,fiveg_nidd,0
s135482,causal,8,0.75,0.20271,0.79702,fiveg_nidd,0
s135482,causal,8,1.0,0.20271,0.79702,fiveg_nidd,0
s135482,causal,40,0.0,0.99973,0.0,fiveg_nidd,0
s135482,causal,40,0.25,0.98975,0.00998,fiveg_nidd,0
s135482,causal,40,0.5,0.63062,0.36911,fiveg_nidd,0
s135482,causal,40,0.75,0.63062,0.36911,fiveg_nidd,0
s135482,causal,40,1.0,0.63062,0.36911,fiveg_nidd,0
s135482,non_causal,39,0.0,0.99973,0.0,fiveg_nidd,0
s135482,non_causal,39,0.25,0.99974,-1e-05,fiveg_nidd,0
s135482,non_causal,39,0.5,0.99973,-0.0,fiveg_nidd,0
s135482,non_causal,39,0.75,0.99981,-8e-05,fiveg_nidd,0
s135482,non_causal,39,1.0,0.99986,-0.00013,fiveg_nidd,0
s135482,non_causal,15,0.0,0.99973,0.0,fiveg_nidd,0
s135482,non_causal,15,0.25,0.99977,-4e-05,fiveg_nidd,0
s135482,non_causal,15,0.5,0.99977,-4e-05,fiveg_nidd,0
s135482,non_causal,15,0.75,0.99977,-4e-05,fiveg_nidd,0
s135482,non_causal,15,1.0,0.99977,-4e-05,fiveg_nidd,0
s135482,non_causal,14,0.0,0.99973,0.0,fiveg_nidd,0
s135482,non_causal,14,0.25,0.99969,4e-05,fiveg_nidd,0
s135482,non_causal,14,0.5,0.99969,4e-05,fiveg_nidd,0
s135482,non_causal,14,0.75,0.99969,4e-05,fiveg_nidd,0
s135482,non_causal,14,1.0,0.99969,4e-05,fiveg_nidd,0
s324030,causal,8,0.0,0.99997,0.0,fiveg_nidd,0
s324030,causal,8,0.25,0.88945,0.11051,fiveg_nidd,0
s324030,causal,8,0.5,0.88945,0.11051,fiveg_nidd,0
s324030,causal,8,0.75,0.88945,0.11051,fiveg_nidd,0
s324030,causal,8,1.0,0.88945,0.11051,fiveg_nidd,0
s324030,causal,32,0.0,0.99997,0.0,fiveg_nidd,0
s324030,causal,32,0.25,0.14951,0.85046,fiveg_nidd,0
s324030,causal,32,0.5,0.14951,0.85046,fiveg_nidd,0
s324030,causal,32,0.75,0.14951,0.85046,fiveg_nidd,0
s324030,causal,32,1.0,0.14951,0.85046,fiveg_nidd,0
s324030,non_causal,24,0.0,0.99997,0.0,fiveg_nidd,0
s324030,non_causal,24,0.25,0.99997,0.0,fiveg_nidd,0
s324030,non_causal,24,0.5,0.99997,0.0,fiveg_nidd,0
s324030,non_causal,24,0.75,0.99997,0.0,fiveg_nidd,0
s324030,non_causal,24,1.0,0.99997,0.0,fiveg_nidd,0
s324030,non_causal,15,0.0,0.99997,0.0,fiveg_nidd,0
s324030,non_causal,15,0.25,0.99996,1e-05,fiveg_nidd,0
s324030,non_causal,15,0.5,0.99995,1e-05,fiveg_nidd,0
s324030,non_causal,15,0.75,0.99995,1e-05,fiveg_nidd,0
s324030,non_causal,15,1.0,0.99995,1e-05,fiveg_nidd,0
s324030,non_causal,17,0.0,0.99997,0.0,fiveg_nidd,0
s324030,non_causal,17,0.25,0.99996,0.0,fiveg_nidd,0
s324030,non_causal,17,0.5,0.99996,0.0,fiveg_nidd,0
s324030,non_causal,17,0.75,0.99996,0.0,fiveg_nidd,0
s324030,non_causal,17,1.0,0.99996,0.0,fiveg_nidd,0
s293500,causal,8,0.0,0.98586,0.0,fiveg_nidd,0
s293500,causal,8,0.25,0.7567,0.22916,fiveg_nidd,0
s293500,causal,8,0.5,0.7567,0.22916,fiveg_nidd,0
s293500,causal,8,0.75,0.7567,0.22916,fiveg_nidd,0
s293500,causal,8,1.0,0.7567,0.22916,fiveg_nidd,0
s293500,causal,29,0.0,0.98586,0.0,fiveg_nidd,0
s293500,causal,29,0.25,0.98049,0.00537,fiveg_nidd,0
s293500,causal,29,0.5,0.50169,0.48417,fiveg_nidd,0
s293500,causal,29,0.75,0.59215,0.39372,fiveg_nidd,0
s293500,causal,29,1.0,0.59215,0.39372,fiveg_nidd,0
s293500,causal,30,0.0,0.98586,0.0,fiveg_nidd,0
s293500,causal,30,0.25,0.71056,0.27531,fiveg_nidd,0
s293500,causal,30,0.5,0.71056,0.27531,fiveg_nidd,0
s293500,causal,30,0.75,0.71056,0.27531,fiveg_nidd,0
s293500,causal,30,1.0,0.71056,0.27531,fiveg_nidd,0
s293500,causal,31,0.0,0.98586,0.0,fiveg_nidd,0
s293500,causal,31,0.25,0.92551,0.06035,fiveg_nidd,0
s293500,causal,31,0.5,0.92551,0.06035,fiveg_nidd,0
s293500,causal,31,0.75,0.92551,0.06035,fiveg_nidd,0
s293500,causal,31,1.0,0.92551,0.06035,fiveg_nidd,0
s293500,causal,32,0.0,0.98586,0.0,fiveg_nidd,0
s293500,causal,32,0.25,0.07671,0.90916,fiveg_nidd,0
s293500,causal,32,0.5,0.07671,0.90916,fiveg_nidd,0
s293500,causal,32,0.75,0.07671,0.90916,fiveg_nidd,0
s293500,causal,32,1.0,0.07671,0.90916,fiveg_nidd,0
s293500,causal,40,0.0,0.98586,0.0,fiveg_nidd,0
s293500,causal,40,0.25,0.95645,0.02941,fiveg_nidd,0
s293500,causal,40,0.5,0.46584,0.52003,fiveg_nidd,0
s293500,causal,40,0.75,0.02792,0.95795,fiveg_nidd,0
s293500,causal,40,1.0,0.02792,0.95795,fiveg_nidd,0
s293500,non_causal,6,0.0,0.98586,0.0,fiveg_nidd,0
s293500,non_causal,6,0.25,0.98586,0.0,fiveg_nidd,0
s293500,non_causal,6,0.5,0.98586,0.0,fiveg_nidd,0
s293500,non_causal,6,0.75,0.98586,0.0,fiveg_nidd,0
s293500,non_causal,6,1.0,0.98586,0.0,fiveg_nidd,0
s293500,non_causal,1,0.0,0.98586,0.0,fiveg_nidd,0
s293500,non_causal,1,0.25,0.98586,0.0,fiveg_nidd,0
s293500,non_causal,1,0.5,0.98586,0.0,fiveg_nidd,0
s293500,non_causal,1,0.75,0.98586,0.0,fiveg_nidd,0
s293500,non_causal,1,1.0,0.98586,0.0,fiveg_nidd,0
s293500,non_causal,9,0.0,0.98586,0.0,fiveg_nidd,0
s293500,non_causal,9,0.25,0.96975,0.01612,fiveg_nidd,0
s293500,non_causal,9,0.5,0.96975,0.01612,fiveg_nidd,0
s293500,non_causal,9,0.75,0.96975,0.01612,fiveg_nidd,0
s293500,non_causal,9,1.0,0.96975,0.01612,fiveg_nidd,0
s303750,causal,8,0.0,0.99996,0.0,fiveg_nidd,0
s303750,causal,8,0.25,0.92122,0.07874,fiveg_nidd,0
s303750,causal,8,0.5,0.92122,0.07874,fiveg_nidd,0
s303750,causal,8,0.75,0.92122,0.07874,fiveg_nidd,0
s303750,causal,8,1.0,0.92122,0.07874,fiveg_nidd,0
s303750,causal,32,0.0,0.99996,0.0,fiveg_nidd,0
s303750,causal,32,0.25,0.08391,0.91605,fiveg_nidd,0
s303750,causal,32,0.5,0.08391,0.91605,fiveg_nidd,0
s303750,causal,32,0.75,0.08391,0.91605,fiveg_nidd,0
s303750,causal,32,1.0,0.08391,0.91605,fiveg_nidd,0
s303750,non_causal,26,0.0,0.99996,0.0,fiveg_nidd,0
s303750,non_causal,26,0.25,0.99996,0.0,fiveg_nidd,0
s303750,non_causal,26,0.5,0.99996,0.0,fiveg_nidd,0
s303750,non_causal,26,0.75,0.99996,0.0,fiveg_nidd,0
s303750,non_causal,26,1.0,0.99996,0.0,fiveg_nidd,0
s303750,non_causal,5,0.0,0.99996,0.0,fiveg_nidd,0
s303750,non_causal,5,0.25,0.99996,0.0,fiveg_nidd,0
s303750,non_causal,5,0.5,0.99996,0.0,fiveg_nidd,0
s303750,non_causal,5,0.75,0.99996,0.0,fiveg_nidd,0
s303750,non_causal,5,1.0,0.99996,0.0,fiveg_nidd,0
s303750,non_causal,15,0.0,0.99996,0.0,fiveg_nidd,0
s303750,non_causal,15,0.25,0.99996,0.0,fiveg_nidd,0
s303750,non_causal,15,0.5,0.99996,0.0,fiveg_nidd,0
s303750,non_causal,15,0.75,0.99996,0.0,fiveg_nidd,0
s303750,non_causal,15,1.0,0.99996,0.0,fiveg_nidd,0
s316302,causal,32,0.0,0.99991,0.0,fiveg_nidd,0
s316302,causal,32,0.25,0.0001,0.99981,fiveg_nidd,0
s316302,causal,32,0.5,0.0001,0.99981,fiveg_nidd,0
s316302,causal,32,0.75,0.0001,0.99981,fiveg_nidd,0
s316302,causal,32,1.0,0.0001,0.99981,fiveg_nidd,0
s316302,non_causal,13,0.0,0.99991,0.0,fiveg_nidd,0
s316302,non_causal,13,0.25,0.99991,0.0,fiveg_nidd,0
s316302,non_causal,13,0.5,0.9999,1e-05,fiveg_nidd,0
s316302,non_causal,13,0.75,0.9999,1e-05,fiveg_nidd,0
s316302,non_causal,13,1.0,0.9999,1e-05,fiveg_nidd,0
s316302,non_causal,9,0.0,0.99991,0.0,fiveg_nidd,0
s316302,non_causal,9,0.25,0.99975,0.00016,fiveg_nidd,0
s316302,non_causal,9,0.5,0.99975,0.00016,fiveg_nidd,0
s316302,non_causal,9,0.75,0.99975,0.00016,fiveg_nidd,0
s316302,non_causal,9,1.0,0.99975,0.00016,fiveg_nidd,0
s316302,non_causal,20,0.0,0.99991,0.0,fiveg_nidd,0
s316302,non_causal,20,0.25,0.99991,0.0,fiveg_nidd,0
s316302,non_causal,20,0.5,0.99991,0.0,fiveg_nidd,0
s316302,non_causal,20,0.75,0.99991,0.0,fiveg_nidd,0
s316302,non_causal,20,1.0,0.99991,0.0,fiveg_nidd,0
s293495,causal,8,0.0,0.96863,0.0,fiveg_nidd,0
s293495,causal,8,0.25,0.58479,0.38384,fiveg_nidd,0
s293495,causal,8,0.5,0.58479,0.38384,fiveg_nidd,0
s293495,causal,8,0.75,0.58479,0.38384,fiveg_nidd,0
s293495,causal,8,1.0,0.58479,0.38384,fiveg_nidd,0
s293495,causal,29,0.0,0.96863,0.0,fiveg_nidd,0
s293495,causal,29,0.25,0.95554,0.0131,fiveg_nidd,0
s293495,causal,29,0.5,0.38778,0.58085,fiveg_nidd,0
s293495,causal,29,0.75,0.47632,0.49232,fiveg_nidd,0
s293495,causal,29,1.0,0.47632,0.49232,fiveg_nidd,0
s293495,causal,30,0.0,0.96863,0.0,fiveg_nidd,0
s293495,causal,30,0.25,0.69521,0.27342,fiveg_nidd,0
s293495,causal,30,0.5,0.69521,0.27342,fiveg_nidd,0
s293495,causal,30,0.75,0.69521,0.27342,fiveg_nidd,0
s293495,causal,30,1.0,0.69521,0.27342,fiveg_nidd,0
s293495,causal,31,0.0,0.96863,0.0,fiveg_nidd,0
s293495,causal,31,0.25,0.83129,0.13735,fiveg_nidd,0
s293495,causal,31,0.5,0.83129,0.13735,fiveg_nidd,0
s293495,causal,31,0.75,0.83129,0.13735,fiveg_nidd,0
s293495,causal,31,1.0,0.83129,0.13735,fiveg_nidd,0
s293495,causal,32,0.0,0.96863,0.0,fiveg_nidd,0
s293495,causal,32,0.25,0.05526,0.91338,fiveg_nidd,0
s293495,causal,32,0.5,0.05526,0.91338,fiveg_nidd,0
s293495,causal,32,0.75,0.05526,0.91338,fiveg_nidd,0
s293495,causal,32,1.0,0.05526,0.91338,fiveg_nidd,0
s293495,causal,40,0.0,0.96863,0.0,fiveg_nidd,0
s293495,causal,40,0.25,0.86352,0.10511,fiveg_nidd,0
s293495,causal,40,0.5,0.05991,0.90872,fiveg_nidd,0
s293495,causal,40,0.75,0.00956,0.95907,fiveg_nidd,0
s293495,causal,40,1.0,0.00956,0.95907,fiveg_nidd,0
s293495,non_causal,36,0.0,0.96863,0.0,fiveg_nidd,0
s293495,non_causal,36,0.25,0.97289,-0.00426,fiveg_nidd,0
s293495,non_causal,36,0.5,0.97242,-0.00379,fiveg_nidd,0
s293495,non_causal,36,0.75,0.98922,-0.02058,fiveg_nidd,0
s293495,non_causal,36,1.0,0.97895,-0.01031,fiveg_nidd,0
s293495,non_causal,11,0.0,0.96863,0.0,fiveg_nidd,0
s293495,non_causal,11,0.25,0.96863,0.0,fiveg_nidd,0
s293495,non_causal,11,0.5,0.96863,0.0,fiveg_nidd,0
s293495,non_causal,11,0.75,0.96863,0.0,fiveg_nidd,0
s293495,non_causal,11,1.0,0.96863,0.0,fiveg_nidd,0
s293495,non_causal,39,0.0,0.96863,0.0,fiveg_nidd,0
s293495,non_causal,39,0.25,0.97355,-0.00492,fiveg_nidd,0
s293495,non_causal,39,0.5,0.9836,-0.01496,fiveg_nidd,0
s293495,non_causal,39,0.75,0.98699,-0.01836,fiveg_nidd,0
s293495,non_causal,39,1.0,0.99396,-0.02532,fiveg_nidd,0
s340087,causal,8,0.0,0.74095,0.0,fiveg_nidd,0
s340087,causal,8,0.25,0.28631,0.45464,fiveg_nidd,0
s340087,causal,8,0.5,0.28631,0.45464,fiveg_nidd,0
s340087,causal,8,0.75,0.28631,0.45464,fiveg_nidd,0
s340087,causal,8,1.0,0.28631,0.45464,fiveg_nidd,0
s340087,causal,9,0.0,0.74095,0.0,fiveg_nidd,0
s340087,causal,9,0.25,0.55925,0.1817,fiveg_nidd,0
s340087,causal,9,0.5,0.55925,0.1817,fiveg_nidd,0
s340087,causal,9,0.75,0.55925,0.1817,fiveg_nidd,0
s340087,causal,9,1.0,0.55925,0.1817,fiveg_nidd,0
s340087,causal,15,0.0,0.74095,0.0,fiveg_nidd,0
s340087,causal,15,0.25,0.68286,0.05809,fiveg_nidd,0
s340087,causal,15,0.5,0.68286,0.05809,fiveg_nidd,0
s340087,causal,15,0.75,0.68286,0.05809,fiveg_nidd,0
s340087,causal,15,1.0,0.68286,0.05809,fiveg_nidd,0
s340087,causal,16,0.0,0.74095,0.0,fiveg_nidd,0
s340087,causal,16,0.25,0.5365,0.20445,fiveg_nidd,0
s340087,causal,16,0.5,0.5365,0.20445,fiveg_nidd,0
s340087,causal,16,0.75,0.5365,0.20445,fiveg_nidd,0
s340087,causal,16,1.0,0.5365,0.20445,fiveg_nidd,0
s340087,causal,29,0.0,0.74095,0.0,fiveg_nidd,0
s340087,causal,29,0.25,0.66909,0.07186,fiveg_nidd,0
s340087,causal,29,0.5,0.17204,0.56891,fiveg_nidd,0
s340087,causal,29,0.75,0.22412,0.51683,fiveg_nidd,0
s340087,causal,29,1.0,0.22412,0.51683,fiveg_nidd,0
s340087,causal,30,0.0,0.74095,0.0,fiveg_nidd,0
s340087,causal,30,0.25,0.41721,0.32375,fiveg_nidd,0
s340087,causal,30,0.5,0.41721,0.32375,fiveg_nidd,0
s340087,causal,30,0.75,0.41721,0.32375,fiveg_nidd,0
s340087,causal,30,1.0,0.41721,0.32375,fiveg_nidd,0
s340087,causal,31,0.0,0.74095,0.0,fiveg_nidd,0
s340087,causal,31,0.25,0.28327,0.45768,fiveg_nidd,0
s340087,causal,31,0.5,0.28327,0.45768,fiveg_nidd,0
s340087,causal,31,0.75,0.28327,0.45768,fiveg_nidd,0
s340087,causal,31,1.0,0.28327,0.45768,fiveg_nidd,0
s340087,causal,32,0.0,0.74095,0.0,fiveg_nidd,0
s340087,causal,32,0.25,0.0456,0.69535,fiveg_nidd,0
s340087,causal,32,0.5,0.0456,0.69535,fiveg_nidd,0
s340087,causal,32,0.75,0.0456,0.69535,fiveg_nidd,0
s340087,causal,32,1.0,0.0456,0.69535,fiveg_nidd,0
s340087,causal,40,0.0,0.74095,0.0,fiveg_nidd,0
s340087,causal,40,0.25,0.01144,0.72951,fiveg_nidd,0
s340087,causal,40,0.5,0.01144,0.72951,fiveg_nidd,0
s340087,causal,40,0.75,0.01144,0.72951,fiveg_nidd,0
s340087,causal,40,1.0,0.01144,0.72951,fiveg_nidd,0
s340087,non_causal,21,0.0,0.74095,0.0,fiveg_nidd,0
s340087,non_causal,21,0.25,0.7408,0.00015,fiveg_nidd,0
s340087,non_causal,21,0.5,0.7408,0.00015,fiveg_nidd,0
s340087,non_causal,21,0.75,0.7408,0.00015,fiveg_nidd,0
s340087,non_causal,21,1.0,0.7408,0.00015,fiveg_nidd,0
s340087,non_causal,5,0.0,0.74095,0.0,fiveg_nidd,0
s340087,non_causal,5,0.25,0.74095,0.0,fiveg_nidd,0
s340087,non_causal,5,0.5,0.74095,0.0,fiveg_nidd,0
s340087,non_causal,5,0.75,0.74095,0.0,fiveg_nidd,0
s340087,non_causal,5,1.0,0.74095,0.0,fiveg_nidd,0
s340087,non_causal,10,0.0,0.74095,0.0,fiveg_nidd,0
s340087,non_causal,10,0.25,0.74095,0.0,fiveg_nidd,0
s340087,non_causal,10,0.5,0.74095,0.0,fiveg_nidd,0
s340087,non_causal,10,0.75,0.74095,0.0,fiveg_nidd,0
s340087,non_causal,10,1.0,0.74095,0.0,fiveg_nidd,0
s143477,causal,29,0.0,0.99838,0.0,fiveg_nidd,0
s143477,causal,29,0.25,0.99746,0.00092,fiveg_nidd,0
s143477,causal,29,0.5,0.69582,0.30256,fiveg_nidd,0
s143477,causal,29,0.75,0.76853,0.22985,fiveg_nidd,0
s143477,causal,29,1.0,0.76853,0.22985,fiveg_nidd,0
s143477,causal,30,0.0,0.99838,0.0,fiveg_nidd,0
s143477,causal,30,0.25,0.86323,0.13515,fiveg_nidd,0
s143477,causal,30,0.5,0.86323,0.13515,fiveg_nidd,0
s143477,causal,30,0.75,0.86323,0.13515,fiveg_nidd,0
s143477,causal,30,1.0,0.86323,0.13515,fiveg_nidd,0
s143477,causal,32,0.0,0.99838,0.0,fiveg_nidd,0
s143477,causal,32,0.25,0.16214,0.83624,fiveg_nidd,0
s143477,causal,32,0.5,0.16214,0.83624,fiveg_nidd,0
s143477,causal,32,0.75,0.16214,0.83624,fiveg_nidd,0
s143477,causal,32,1.0,0.16214,0.83624,fiveg_nidd,0
s143477,causal,40,0.0,0.99838,0.0,fiveg_nidd,0
s143477,causal,40,0.25,0.99838,0.0,fiveg_nidd,0
s143477,causal,40,0.5,0.99788,0.0005,fiveg_nidd,0
s143477,causal,40,0.75,0.56962,0.42876,fiveg_nidd,0
s143477,causal,40,1.0,0.03196,0.96642,fiveg_nidd,0
s143477,non_causal,6,0.0,0.99838,0.0,fiveg_nidd,0
s143477,non_causal,6,0.25,0.99838,0.0,fiveg_nidd,0
s143477,non_causal,6,0.5,0.99838,0.0,fiveg_nidd,0
s143477,non_causal,6,0.75,0.99838,0.0,fiveg_nidd,0
s143477,non_causal,6,1.0,0.99838,0.0,fiveg_nidd,0
s143477,non_causal,7,0.0,0.99838,0.0,fiveg_nidd,0
s143477,non_causal,7,0.25,0.99838,0.0,fiveg_nidd,0
s143477,non_causal,7,0.5,0.99838,0.0,fiveg_nidd,0
s143477,non_causal,7,0.75,0.99838,0.0,fiveg_nidd,0
s143477,non_causal,7,1.0,0.99838,0.0,fiveg_nidd,0
s143477,non_causal,20,0.0,0.99838,0.0,fiveg_nidd,0
s143477,non_causal,20,0.25,0.99813,0.00025,fiveg_nidd,0
s143477,non_causal,20,0.5,0.99813,0.00025,fiveg_nidd,0
s143477,non_causal,20,0.75,0.99813,0.00025,fiveg_nidd,0
s143477,non_causal,20,1.0,0.99813,0.00025,fiveg_nidd,0
s141529,causal,29,0.0,0.99925,0.0,fiveg_nidd,0
s141529,causal,29,0.25,0.99892,0.00033,fiveg_nidd,0
s141529,causal,29,0.5,0.78116,0.21809,fiveg_nidd,0
s141529,causal,29,0.75,0.83833,0.16092,fiveg_nidd,0
s141529,causal,29,1.0,0.83833,0.16092,fiveg_nidd,0
s141529,causal,30,0.0,0.99925,0.0,fiveg_nidd,0
s141529,causal,30,0.25,0.93413,0.06512,fiveg_nidd,0
s141529,causal,30,0.5,0.93413,0.06512,fiveg_nidd,0
s141529,causal,30,0.75,0.93413,0.06512,fiveg_nidd,0
s141529,causal,30,1.0,0.93413,0.06512,fiveg_nidd,0
s141529,causal,32,0.0,0.99925,0.0,fiveg_nidd,0
s141529,causal,32,0.25,0.09821,0.90105,fiveg_nidd,0
s141529,causal,32,0.5,0.09821,0.90105,fiveg_nidd,0
s141529,causal,32,0.75,0.09821,0.90105,fiveg_nidd,0
s141529,causal,32,1.0,0.09821,0.90105,fiveg_nidd,0
s141529,causal,40,0.0,0.99925,0.0,fiveg_nidd,0
s141529,causal,40,0.25,0.99912,0.00013,fiveg_nidd,0
s141529,causal,40,0.5,0.99706,0.0022,fiveg_nidd,0
s141529,causal,40,0.75,0.04715,0.9521,fiveg_nidd,0
s141529,causal,40,1.0,0.04715,0.9521,fiveg_nidd,0
s141529,non_causal,25,0.0,0.99925,0.0,fiveg_nidd,0
s141529,non_causal,25,0.25,0.99925,0.0,fiveg_nidd,0
s141529,non_causal,25,0.5,0.99925,0.0,fiveg_nidd,0
s141529,non_causal,25,0.75,0.99925,0.0,fiveg_nidd,0
s141529,non_causal,25,1.0,0.99925,0.0,fiveg_nidd,0
s141529,non_causal,8,0.0,0.99925,0.0,fiveg_nidd,0
s141529,non_causal,8,0.25,0.98121,0.01805,fiveg_nidd,0
s141529,non_causal,8,0.5,0.98121,0.01805,fiveg_nidd,0
s141529,non_causal,8,0.75,0.98121,0.01805,fiveg_nidd,0
s141529,non_causal,8,1.0,0.98121,0.01805,fiveg_nidd,0
s141529,non_causal,22,0.0,0.99925,0.0,fiveg_nidd,0
s141529,non_causal,22,0.25,0.99925,0.0,fiveg_nidd,0
s141529,non_causal,22,0.5,0.99925,0.0,fiveg_nidd,0
s141529,non_causal,22,0.75,0.99925,0.0,fiveg_nidd,0
s141529,non_causal,22,1.0,0.99925,0.0,fiveg_nidd,0
s310229,causal,8,0.0,0.99352,0.0,fiveg_nidd,1
s310229,causal,8,0.25,0.33699,0.65652,fiveg_nidd,1
s310229,causal,8,0.5,0.33699,0.65652,fiveg_nidd,1
s310229,causal,8,0.75,0.33699,0.65652,fiveg_nidd,1
s310229,causal,8,1.0,0.33699,0.65652,fiveg_nidd,1
s310229,causal,30,0.0,0.99352,0.0,fiveg_nidd,1
s310229,causal,30,0.25,0.86854,0.12498,fiveg_nidd,1
s310229,causal,30,0.5,0.86854,0.12498,fiveg_nidd,1
s310229,causal,30,0.75,0.86854,0.12498,fiveg_nidd,1
s310229,causal,30,1.0,0.86854,0.12498,fiveg_nidd,1
s310229,causal,32,0.0,0.99352,0.0,fiveg_nidd,1
s310229,causal,32,0.25,0.44733,0.54619,fiveg_nidd,1
s310229,causal,32,0.5,0.44733,0.54619,fiveg_nidd,1
s310229,causal,32,0.75,0.44733,0.54619,fiveg_nidd,1
s310229,causal,32,1.0,0.44733,0.54619,fiveg_nidd,1
s310229,causal,40,0.0,0.99352,0.0,fiveg_nidd,1
s310229,causal,40,0.25,0.91371,0.0798,fiveg_nidd,1
s310229,causal,40,0.5,0.00079,0.99273,fiveg_nidd,1
s310229,causal,40,0.75,0.00079,0.99273,fiveg_nidd,1
s310229,causal,40,1.0,0.00079,0.99273,fiveg_nidd,1
s310229,non_causal,6,0.0,0.99352,0.0,fiveg_nidd,1
s310229,non_causal,6,0.25,0.99352,0.0,fiveg_nidd,1
s310229,non_causal,6,0.5,0.99352,0.0,fiveg_nidd,1
s310229,non_causal,6,0.75,0.99352,0.0,fiveg_nidd,1
s310229,non_causal,6,1.0,0.99352,0.0,fiveg_nidd,1
s310229,non_causal,7,0.0,0.99352,0.0,fiveg_nidd,1
s310229,non_causal,7,0.25,0.99352,0.0,fiveg_nidd,1
s310229,non_causal,7,0.5,0.99352,0.0,fiveg_nidd,1
s310229,non_causal,7,0.75,0.99352,0.0,fiveg_nidd,1
s310229,non_causal,7,1.0,0.99352,0.0,fiveg_nidd,1
s310229,non_causal,25,0.0,0.99352,0.0,fiveg_nidd,1
s310229,non_causal,25,0.25,0.99352,0.0,fiveg_nidd,1
s310229,non_causal,25,0.5,0.99352,0.0,fiveg_nidd,1
s310229,non_causal,25,0.75,0.99352,0.0,fiveg_nidd,1
s310229,non_causal,25,1.0,0.99352,0.0,fiveg_nidd,1
s170696,causal,8,0.0,0.99715,0.0,fiveg_nidd,1
s170696,causal,8,0.25,0.3306,0.66655,fiveg_nidd,1
s170696,causal,8,0.5,0.3306,0.66655,fiveg_nidd,1
s170696,causal,8,0.75,0.3306,0.66655,fiveg_nidd,1
s170696,causal,8,1.0,0.3306,0.66655,fiveg_nidd,1
s170696,causal,30,0.0,0.99715,0.0,fiveg_nidd,1
s170696,causal,30,0.25,0.85543,0.14172,fiveg_nidd,1
s170696,causal,30,0.5,0.85543,0.14172,fiveg_nidd,1
s170696,causal,30,0.75,0.85543,0.14172,fiveg_nidd,1
s170696,causal,30,1.0,0.85543,0.14172,fiveg_nidd,1
s170696,causal,32,0.0,0.99715,0.0,fiveg_nidd,1
s170696,causal,32,0.25,0.27988,0.71727,fiveg_nidd,1
s170696,causal,32,0.5,0.27988,0.71727,fiveg_nidd,1
s170696,causal,32,0.75,0.27988,0.71727,fiveg_nidd,1
s170696,causal,32,1.0,0.27988,0.71727,fiveg_nidd,1
s170696,causal,40,0.0,0.99715,0.0,fiveg_nidd,1
s170696,causal,40,0.25,0.99596,0.0012,fiveg_nidd,1
s170696,causal,40,0.5,0.98857,0.00858,fiveg_nidd,1
s170696,causal,40,0.75,0.00514,0.99202,fiveg_nidd,1
s170696,causal,40,1.0,0.00514,0.99202,fiveg_nidd,1
s170696,non_causal,18,0.0,0.99715,0.0,fiveg_nidd,1
s170696,non_causal,18,0.25,0.9972,-5e-05,fiveg_nidd,1
s170696,non_causal,18,0.5,0.99714,2e-05,fiveg_nidd,1
s170696,non_causal,18,0.75,0.99714,2e-05,fiveg_nidd,1
s170696,non_causal,18,1.0,0.99714,2e-05,fiveg_nidd,1
s170696,non_causal,12,0.0,0.99715,0.0,fiveg_nidd,1
s170696,non_causal,12,0.25,0.99715,0.0,fiveg_nidd,1
s170696,non_causal,12,0.5,0.99715,0.0,fiveg_nidd,1
s170696,non_causal,12,0.75,0.99715,0.0,fiveg_nidd,1
s170696,non_causal,12,1.0,0.99715,0.0,fiveg_nidd,1
s170696,non_causal,36,0.0,0.99715,0.0,fiveg_nidd,1
s170696,non_causal,36,0.25,0.9976,-0.00044,fiveg_nidd,1
s170696,non_causal,36,0.5,0.9967,0.00046,fiveg_nidd,1
s170696,non_causal,36,0.75,0.99617,0.00098,fiveg_nidd,1
s170696,non_causal,36,1.0,0.99856,-0.0014,fiveg_nidd,1
s124336,causal,8,0.0,0.99998,0.0,fiveg_nidd,1
s124336,causal,8,0.25,0.68598,0.314,fiveg_nidd,1
s124336,causal,8,0.5,0.68598,0.314,fiveg_nidd,1
s124336,causal,8,0.75,0.68598,0.314,fiveg_nidd,1
s124336,causal,8,1.0,0.68598,0.314,fiveg_nidd,1
s124336,causal,32,0.0,0.99998,0.0,fiveg_nidd,1
s124336,causal,32,0.25,0.13419,0.86579,fiveg_nidd,1
s124336,causal,32,0.5,0.13414,0.86584,fiveg_nidd,1
s124336,causal,32,0.75,0.13414,0.86584,fiveg_nidd,1
s124336,causal,32,1.0,0.13402,0.86596,fiveg_nidd,1
s124336,causal,40,0.0,0.99998,0.0,fiveg_nidd,1
s124336,causal,40,0.25,0.99997,1e-05,fiveg_nidd,1
s124336,causal,40,0.5,0.99996,2e-05,fiveg_nidd,1
s124336,causal,40,0.75,0.92127,0.07871,fiveg_nidd,1
s124336,causal,40,1.0,0.92127,0.07871,fiveg_nidd,1
s124336,non_causal,33,0.0,0.99998,0.0,fiveg_nidd,1
s124336,non_causal,33,0.25,0.99998,0.0,fiveg_nidd,1
s124336,non_causal,33,0.5,0.99998,0.0,fiveg_nidd,1
s124336,non_causal,33,0.75,0.99998,0.0,fiveg_nidd,1
s124336,non_causal,33,1.0,0.99998,0.0,fiveg_nidd,1
s124336,non_causal,5,0.0,0.99998,0.0,fiveg_nidd,1
s124336,non_causal,5,0.25,0.99998,0.0,fiveg_nidd,1
s124336,non_causal,5,0.5,0.99998,0.0,fiveg_nidd,1
s124336,non_causal,5,0.75,0.99998,0.0,fiveg_nidd,1
s124336,non_causal,5,1.0,0.99998,0.0,fiveg_nidd,1
s124336,non_causal,27,0.0,0.99998,0.0,fiveg_nidd,1
s124336,non_causal,27,0.25,0.99998,0.0,fiveg_nidd,1
s124336,non_causal,27,0.5,0.99998,0.0,fiveg_nidd,1
s124336,non_causal,27,0.75,0.99998,0.0,fiveg_nidd,1
s124336,non_causal,27,1.0,0.99998,0.0,fiveg_nidd,1
s160493,causal,8,0.0,0.99996,0.0,fiveg_nidd,1
s160493,causal,8,0.25,0.49296,0.507,fiveg_nidd,1
s160493,causal,8,0.5,0.49296,0.507,fiveg_nidd,1
s160493,causal,8,0.75,0.49296,0.507,fiveg_nidd,1
s160493,causal,8,1.0,0.49296,0.507,fiveg_nidd,1
s160493,causal,32,0.0,0.99996,0.0,fiveg_nidd,1
s160493,causal,32,0.25,0.1209,0.87906,fiveg_nidd,1
s160493,causal,32,0.5,0.1209,0.87906,fiveg_nidd,1
s160493,causal,32,0.75,0.1209,0.87906,fiveg_nidd,1
s160493,causal,32,1.0,0.12089,0.87907,fiveg_nidd,1
s160493,non_causal,19,0.0,0.99996,0.0,fiveg_nidd,1
s160493,non_causal,19,0.25,0.99996,0.0,fiveg_nidd,1
s160493,non_causal,19,0.5,0.99996,0.0,fiveg_nidd,1
s160493,non_causal,19,0.75,0.99996,0.0,fiveg_nidd,1
s160493,non_causal,19,1.0,0.99996,0.0,fiveg_nidd,1
s160493,non_causal,13,0.0,0.99996,0.0,fiveg_nidd,1
s160493,non_causal,13,0.25,0.99996,0.0,fiveg_nidd,1
s160493,non_causal,13,0.5,0.99996,0.0,fiveg_nidd,1
s160493,non_causal,13,0.75,0.99996,0.0,fiveg_nidd,1
s160493,non_causal,13,1.0,0.99996,0.0,fiveg_nidd,1
s160493,non_causal,20,0.0,0.99996,0.0,fiveg_nidd,1
s160493,non_causal,20,0.25,0.99996,0.0,fiveg_nidd,1
s160493,non_causal,20,0.5,0.99996,0.0,fiveg_nidd,1
s160493,non_causal,20,0.75,0.99996,0.0,fiveg_nidd,1
s160493,non_causal,20,1.0,0.99996,0.0,fiveg_nidd,1
s310797,causal,8,0.0,0.99997,0.0,fiveg_nidd,1
s310797,causal,8,0.25,0.56088,0.43909,fiveg_nidd,1
s310797,causal,8,0.5,0.56088,0.43909,fiveg_nidd,1
s310797,causal,8,0.75,0.56088,0.43909,fiveg_nidd,1
s310797,causal,8,1.0,0.56088,0.43909,fiveg_nidd,1
s310797,non_causal,5,0.0,0.99997,0.0,fiveg_nidd,1
s310797,non_causal,5,0.25,0.99997,0.0,fiveg_nidd,1
s310797,non_causal,5,0.5,0.99997,0.0,fiveg_nidd,1
s310797,non_causal,5,0.75,0.99997,0.0,fiveg_nidd,1
s310797,non_causal,5,1.0,0.99997,0.0,fiveg_nidd,1
s310797,non_causal,24,0.0,0.99997,0.0,fiveg_nidd,1
s310797,non_causal,24,0.25,0.99997,0.0,fiveg_nidd,1
s310797,non_causal,24,0.5,0.99997,0.0,fiveg_nidd,1
s310797,non_causal,24,0.75,0.99997,0.0,fiveg_nidd,1
s310797,non_causal,24,1.0,0.99997,0.0,fiveg_nidd,1
s310797,non_causal,32,0.0,0.99997,0.0,fiveg_nidd,1
s310797,non_causal,32,0.25,0.99415,0.00581,fiveg_nidd,1
s310797,non_causal,32,0.5,0.99415,0.00581,fiveg_nidd,1
s310797,non_causal,32,0.75,0.99415,0.00581,fiveg_nidd,1
s310797,non_causal,32,1.0,0.99415,0.00582,fiveg_nidd,1
s157252,causal,8,0.0,0.99996,0.0,fiveg_nidd,1
s157252,causal,8,0.25,0.64543,0.35453,fiveg_nidd,1
s157252,causal,8,0.5,0.64543,0.35453,fiveg_nidd,1
s157252,causal,8,0.75,0.64543,0.35453,fiveg_nidd,1
s157252,causal,8,1.0,0.64543,0.35453,fiveg_nidd,1
s157252,causal,32,0.0,0.99996,0.0,fiveg_nidd,1
s157252,causal,32,0.25,0.09321,0.90676,fiveg_nidd,1
s157252,causal,32,0.5,0.09318,0.90679,fiveg_nidd,1
s157252,causal,32,0.75,0.09318,0.90679,fiveg_nidd,1
s157252,causal,32,1.0,0.09311,0.90685,fiveg_nidd,1
s157252,causal,40,0.0,0.99996,0.0,fiveg_nidd,1
s157252,causal,40,0.25,0.99996,0.0,fiveg_nidd,1
s157252,causal,40,0.5,0.99995,2e-05,fiveg_nidd,1
s157252,causal,40,0.75,0.99985,0.00011,fiveg_nidd,1
s157252,causal,40,1.0,0.91914,0.08082,fiveg_nidd,1
s157252,non_causal,39,0.0,0.99996,0.0,fiveg_nidd,1
s157252,non_causal,39,0.25,0.99997,-1e-05,fiveg_nidd,1
s157252,non_causal,39,0.5,0.99998,-1e-05,fiveg_nidd,1
s157252,non_causal,39,0.75,0.99998,-2e-05,fiveg_nidd,1
s157252,non_causal,39,1.0,0.99998,-2e-05,fiveg_nidd,1
s157252,non_causal,15,0.0,0.99996,0.0,fiveg_nidd,1
s157252,non_causal,15,0.25,0.99996,0.0,fiveg_nidd,1
s157252,non_causal,15,0.5,0.99996,0.0,fiveg_nidd,1
s157252,non_causal,15,0.75,0.99996,0.0,fiveg_nidd,1
s157252,non_causal,15,1.0,0.99996,0.0,fiveg_nidd,1
s157252,non_causal,0,0.0,0.99996,0.0,fiveg_nidd,1
s157252,non_causal,0,0.25,0.99997,-0.0,fiveg_nidd,1
s157252,non_causal,0,0.5,0.99997,-0.0,fiveg_nidd,1
s157252,non_causal,0,0.75,0.99997,-0.0,fiveg_nidd,1
s157252,non_causal,0,1.0,0.99996,0.0,fiveg_nidd,1
s155797,causal,8,0.0,0.99995,0.0,fiveg_nidd,1
s155797,causal,8,0.25,0.47222,0.52773,fiveg_nidd,1
s155797,causal,8,0.5,0.47222,0.52773,fiveg_nidd,1
s155797,causal,8,0.75,0.47222,0.52773,fiveg_nidd,1
s155797,causal,8,1.0,0.47222,0.52773,fiveg_nidd,1
s155797,non_causal,36,0.0,0.99995,0.0,fiveg_nidd,1
s155797,non_causal,36,0.25,0.99995,0.0,fiveg_nidd,1
s155797,non_causal,36,0.5,0.99995,-0.0,fiveg_nidd,1
s155797,non_causal,36,0.75,0.99995,-0.0,fiveg_nidd,1
s155797,non_causal,36,1.0,0.99996,-0.0,fiveg_nidd,1
s155797,non_causal,13,0.0,0.99995,0.0,fiveg_nidd,1
s155797,non_causal,13,0.25,0.99995,0.0,fiveg_nidd,1
s155797,non_causal,13,0.5,0.99995,0.0,fiveg_nidd,1
s155797,non_causal,13,0.75,0.99995,0.0,fiveg_nidd,1
s155797,non_causal,13,1.0,0.99995,0.0,fiveg_nidd,1
s155797,non_causal,18,0.0,0.99995,0.0,fiveg_nidd,1
s155797,non_causal,18,0.25,0.99995,0.0,fiveg_nidd,1
s155797,non_causal,18,0.5,0.99995,0.0,fiveg_nidd,1
s155797,non_causal,18,0.75,0.99995,0.0,fiveg_nidd,1
s155797,non_causal,18,1.0,0.99995,0.0,fiveg_nidd,1
s170203,causal,8,0.0,0.99986,0.0,fiveg_nidd,1
s170203,causal,8,0.25,0.38273,0.61713,fiveg_nidd,1
s170203,causal,8,0.5,0.38273,0.61713,fiveg_nidd,1
s170203,causal,8,0.75,0.38273,0.61713,fiveg_nidd,1
s170203,causal,8,1.0,0.38273,0.61713,fiveg_nidd,1
s170203,non_causal,33,0.0,0.99986,0.0,fiveg_nidd,1
s170203,non_causal,33,0.25,0.99977,9e-05,fiveg_nidd,1
s170203,non_causal,33,0.5,0.99977,9e-05,fiveg_nidd,1
s170203,non_causal,33,0.75,0.99977,9e-05,fiveg_nidd,1
s170203,non_causal,33,1.0,0.99977,9e-05,fiveg_nidd,1
s170203,non_causal,22,0.0,0.99986,0.0,fiveg_nidd,1
s170203,non_causal,22,0.25,0.99984,1e-05,fiveg_nidd,1
s170203,non_causal,22,0.5,0.99984,1e-05,fiveg_nidd,1
s170203,non_causal,22,0.75,0.99984,1e-05,fiveg_nidd,1
s170203,non_causal,22,1.0,0.99984,1e-05,fiveg_nidd,1
s170203,non_causal,36,0.0,0.99986,0.0,fiveg_nidd,1
s170203,non_causal,36,0.25,0.99986,-0.0,fiveg_nidd,1
s170203,non_causal,36,0.5,0.99985,1e-05,fiveg_nidd,1
s170203,non_causal,36,0.75,0.99983,3e-05,fiveg_nidd,1
s170203,non_causal,36,1.0,0.99985,1e-05,fiveg_nidd,1
s124243,causal,8,0.0,0.99993,0.0,fiveg_nidd,1
s124243,causal,8,0.25,0.58644,0.41349,fiveg_nidd,1
s124243,causal,8,0.5,0.58644,0.41349,fiveg_nidd,1
s124243,causal,8,0.75,0.58644,0.41349,fiveg_nidd,1
s124243,causal,8,1.0,0.58644,0.41349,fiveg_nidd,1
s124243,causal,32,0.0,0.99993,0.0,fiveg_nidd,1
s124243,causal,32,0.25,0.04588,0.95405,fiveg_nidd,1
s124243,causal,32,0.5,0.04587,0.95406,fiveg_nidd,1
s124243,causal,32,0.75,0.04587,0.95406,fiveg_nidd,1
s124243,causal,32,1.0,0.04585,0.95408,fiveg_nidd,1
s124243,causal,40,0.0,0.99993,0.0,fiveg_nidd,1
s124243,causal,40,0.25,0.99992,1e-05,fiveg_nidd,1
s124243,causal,40,0.5,0.91818,0.08174,fiveg_nidd,1
s124243,causal,40,0.75,0.91818,0.08174,fiveg_nidd,1
s124243,causal,40,1.0,0.91818,0.08174,fiveg_nidd,1
s124243,non_causal,29,0.0,0.99993,0.0,fiveg_nidd,1
s124243,non_causal,29,0.25,0.99992,1e-05,fiveg_nidd,1
s124243,non_causal,29,0.5,0.99992,1e-05,fiveg_nidd,1
s124243,non_causal,29,0.75,0.99992,1e-05,fiveg_nidd,1
s124243,non_causal,29,1.0,0.99992,1e-05,fiveg_nidd,1
s124243,non_causal,17,0.0,0.99993,0.0,fiveg_nidd,1
s124243,non_causal,17,0.25,0.99993,0.0,fiveg_nidd,1
s124243,non_causal,17,0.5,0.99993,0.0,fiveg_nidd,1
s124243,non_causal,17,0.75,0.99993,0.0,fiveg_nidd,1
s124243,non_causal,17,1.0,0.99993,0.0,fiveg_nidd,1
s124243,non_causal,27,0.0,0.99993,0.0,fiveg_nidd,1
s124243,non_causal,27,0.25,0.99993,0.0,fiveg_nidd,1
s124243,non_causal,27,0.5,0.99993,0.0,fiveg_nidd,1
s124243,non_causal,27,0.75,0.99993,0.0,fiveg_nidd,1
s124243,non_causal,27,1.0,0.99993,0.0,fiveg_nidd,1
s139354,causal,8,0.0,0.99995,0.0,fiveg_nidd,1
s139354,causal,8,0.25,0.55925,0.44071,fiveg_nidd,1
s139354,causal,8,0.5,0.55925,0.44071,fiveg_nidd,1
s139354,causal,8,0.75,0.55925,0.44071,fiveg_nidd,1
s139354,causal,8,1.0,0.55925,0.44071,fiveg_nidd,1
s139354,causal,32,0.0,0.99995,0.0,fiveg_nidd,1
s139354,causal,32,0.25,0.07807,0.92188,fiveg_nidd,1
s139354,causal,32,0.5,0.07804,0.92191,fiveg_nidd,1
s139354,causal,32,0.75,0.07804,0.92191,fiveg_nidd,1
s139354,causal,32,1.0,0.07798,0.92198,fiveg_nidd,1
s139354,non_causal,7,0.0,0.99995,0.0,fiveg_nidd,1
s139354,non_causal,7,0.25,0.99995,0.0,fiveg_nidd,1
s139354,non_causal,7,0.5,0.99995,0.0,fiveg_nidd,1
s139354,non_causal,7,0.75,0.99995,0.0,fiveg_nidd,1
s139354,non_causal,7,1.0,0.99995,0.0,fiveg_nidd,1
s139354,non_causal,36,0.0,0.99995,0.0,fiveg_nidd,1
s139354,non_causal,36,0.25,0.99995,0.0,fiveg_nidd,1
s139354,non_causal,36,0.5,0.99995,0.0,fiveg_nidd,1
s139354,non_causal,36,0.75,0.99996,-1e-05,fiveg_nidd,1
s139354,non_causal,36,1.0,0.99996,-0.0,fiveg_nidd,1
s139354,non_causal,4,0.0,0.99995,0.0,fiveg_nidd,1
s139354,non_causal,4,0.25,0.99995,0.0,fiveg_nidd,1
s139354,non_causal,4,0.5,0.99995,0.0,fiveg_nidd,1
s139354,non_causal,4,0.75,0.99995,0.0,fiveg_nidd,1
s139354,non_causal,4,1.0,0.99995,0.0,fiveg_nidd,1
s139056,causal,8,0.0,0.99885,0.0,fiveg_nidd,1
s139056,causal,8,0.25,0.59199,0.40686,fiveg_nidd,1
s139056,causal,8,0.5,0.59199,0.40686,fiveg_nidd,1
s139056,causal,8,0.75,0.59199,0.40686,fiveg_nidd,1
s139056,causal,8,1.0,0.59199,0.40686,fiveg_nidd,1
s139056,causal,30,0.0,0.99885,0.0,fiveg_nidd,1
s139056,causal,30,0.25,0.94503,0.05382,fiveg_nidd,1
s139056,causal,30,0.5,0.94503,0.05382,fiveg_nidd,1
s139056,causal,30,0.75,0.94503,0.05382,fiveg_nidd,1
s139056,causal,30,1.0,0.94503,0.05382,fiveg_nidd,1
s139056,causal,32,0.0,0.99885,0.0,fiveg_nidd,1
s139056,causal,32,0.25,0.57693,0.42192,fiveg_nidd,1
s139056,causal,32,0.5,0.57693,0.42192,fiveg_nidd,1
s139056,causal,32,0.75,0.57693,0.42192,fiveg_nidd,1
s139056,causal,32,1.0,0.57693,0.42192,fiveg_nidd,1
s139056,causal,40,0.0,0.99885,0.0,fiveg_nidd,1
s139056,causal,40,0.25,0.97212,0.02673,fiveg_nidd,1
s139056,causal,40,0.5,0.26554,0.73331,fiveg_nidd,1
s139056,causal,40,0.75,0.00083,0.99802,fiveg_nidd,1
s139056,causal,40,1.0,0.00083,0.99802,fiveg_nidd,1
s139056,non_causal,5,0.0,0.99885,0.0,fiveg_nidd,1
s139056,non_causal,5,0.25,0.99885,0.0,fiveg_nidd,1
s139056,non_causal,5,0.5,0.99885,0.0,fiveg_nidd,1
s139056,non_causal,5,0.75,0.99885,0.0,fiveg_nidd,1
s139056,non_causal,5,1.0,0.99885,0.0,fiveg_nidd,1
s139056,non_causal,36,0.0,0.99885,0.0,fiveg_nidd,1
s139056,non_causal,36,0.25,0.99878,7e-05,fiveg_nidd,1
s139056,non_causal,36,0.5,0.99894,-9e-05,fiveg_nidd,1
s139056,non_causal,36,0.75,0.99898,-0.00013,fiveg_nidd,1
s139056,non_causal,36,1.0,0.99892,-8e-05,fiveg_nidd,1
s139056,non_causal,3,0.0,0.99885,0.0,fiveg_nidd,1
s139056,non_causal,3,0.25,0.99885,0.0,fiveg_nidd,1
s139056,non_causal,3,0.5,0.99885,0.0,fiveg_nidd,1
s139056,non_causal,3,0.75,0.99885,0.0,fiveg_nidd,1
s139056,non_causal,3,1.0,0.99885,0.0,fiveg_nidd,1
s125998,causal,8,0.0,0.99996,0.0,fiveg_nidd,1
s125998,causal,8,0.25,0.49581,0.50415,fiveg_nidd,1
s125998,causal,8,0.5,0.49581,0.50415,fiveg_nidd,1
s125998,causal,8,0.75,0.49581,0.50415,fiveg_nidd,1
s125998,causal,8,1.0,0.49581,0.50415,fiveg_nidd,1
s125998,non_causal,10,0.0,0.99996,0.0,fiveg_nidd,1
s125998,non_causal,10,0.25,0.99996,0.0,fiveg_nidd,1
s125998,non_causal,10,0.5,0.99996,0.0,fiveg_nidd,1
s125998,non_causal,10,0.75,0.99996,-0.0,fiveg_nidd,1
s125998,non_causal,10,1.0,0.99996,-0.0,fiveg_nidd,1
s125998,non_causal,31,0.0,0.99996,0.0,fiveg_nidd,1
s125998,non_causal,31,0.25,0.99996,0.0,fiveg_nidd,1
s125998,non_causal,31,0.5,0.99996,0.0,fiveg_nidd,1
s125998,non_causal,31,0.75,0.99996,0.0,fiveg_nidd,1
s125998,non_causal,31,1.0,0.99996,0.0,fiveg_nidd,1
s125998,non_causal,0,0.0,0.99996,0.0,fiveg_nidd,1
s125998,non_causal,0,0.25,0.99996,0.0,fiveg_nidd,1
s125998,non_causal,0,0.5,0.99996,0.0,fiveg_nidd,1
s125998,non_causal,0,0.75,0.99996,-0.0,fiveg_nidd,1
s125998,non_causal,0,1.0,0.99996,0.0,fiveg_nidd,1
s120511,causal,8,0.0,0.99996,0.0,fiveg_nidd,1
s120511,causal,8,0.25,0.63958,0.36039,fiveg_nidd,1
s120511,causal,8,0.5,0.63958,0.36039,fiveg_nidd,1
s120511,causal,8,0.75,0.63958,0.36039,fiveg_nidd,1
s120511,causal,8,1.0,0.63958,0.36039,fiveg_nidd,1
s120511,causal,32,0.0,0.99996,0.0,fiveg_nidd,1
s120511,causal,32,0.25,0.00024,0.99972,fiveg_nidd,1
s120511,causal,32,0.5,0.00024,0.99972,fiveg_nidd,1
s120511,causal,32,0.75,0.00024,0.99972,fiveg_nidd,1
s120511,causal,32,1.0,0.00024,0.99972,fiveg_nidd,1
s120511,non_causal,9,0.0,0.99996,0.0,fiveg_nidd,1
s120511,non_causal,9,0.25,0.99996,0.0,fiveg_nidd,1
s120511,non_causal,9,0.5,0.99996,0.0,fiveg_nidd,1
s120511,non_causal,9,0.75,0.99996,0.0,fiveg_nidd,1
s120511,non_causal,9,1.0,0.99996,0.0,fiveg_nidd,1
s120511,non_causal,7,0.0,0.99996,0.0,fiveg_nidd,1
s120511,non_causal,7,0.25,0.99996,0.0,fiveg_nidd,1
s120511,non_causal,7,0.5,0.99996,0.0,fiveg_nidd,1
s120511,non_causal,7,0.75,0.99996,0.0,fiveg_nidd,1
s120511,non_causal,7,1.0,0.99996,0.0,fiveg_nidd,1
s120511,non_causal,2,0.0,0.99996,0.0,fiveg_nidd,1
s120511,non_causal,2,0.25,0.99996,0.0,fiveg_nidd,1
s120511,non_causal,2,0.5,0.99996,0.0,fiveg_nidd,1
s120511,non_causal,2,0.75,0.99996,0.0,fiveg_nidd,1
s120511,non_causal,2,1.0,0.99996,0.0,fiveg_nidd,1
s161040,causal,8,0.0,0.99966,0.0,fiveg_nidd,1
s161040,causal,8,0.25,0.00761,0.99206,fiveg_nidd,1
s161040,causal,8,0.5,0.00761,0.99206,fiveg_nidd,1
s161040,causal,8,0.75,0.00761,0.99206,fiveg_nidd,1
s161040,causal,8,1.0,0.00761,0.99206,fiveg_nidd,1
s161040,non_causal,25,0.0,0.99966,0.0,fiveg_nidd,1
s161040,non_causal,25,0.25,0.99966,0.0,fiveg_nidd,1
s161040,non_causal,25,0.5,0.99966,0.0,fiveg_nidd,1
s161040,non_causal,25,0.75,0.99966,0.0,fiveg_nidd,1
s161040,non_causal,25,1.0,0.99966,0.0,fiveg_nidd,1
s161040,non_causal,30,0.0,0.99966,0.0,fiveg_nidd,1
s161040,non_causal,30,0.25,0.99966,0.0,fiveg_nidd,1
s161040,non_causal,30,0.5,0.99966,0.0,fiveg_nidd,1
s161040,non_causal,30,0.75,0.99966,0.0,fiveg_nidd,1
s161040,non_causal,30,1.0,0.99966,0.0,fiveg_nidd,1
s161040,non_causal,20,0.0,0.99966,0.0,fiveg_nidd,1
s161040,non_causal,20,0.25,0.99966,0.0,fiveg_nidd,1
s161040,non_causal,20,0.5,0.99966,0.0,fiveg_nidd,1
s161040,non_causal,20,0.75,0.99966,0.0,fiveg_nidd,1
s161040,non_causal,20,1.0,0.99966,0.0,fiveg_nidd,1
s170503,causal,8,0.0,0.97311,0.0,fiveg_nidd,1
s170503,causal,8,0.25,0.16422,0.80889,fiveg_nidd,1
s170503,causal,8,0.5,0.16422,0.80889,fiveg_nidd,1
s170503,causal,8,0.75,0.16422,0.80889,fiveg_nidd,1
s170503,causal,8,1.0,0.16422,0.80889,fiveg_nidd,1
s170503,causal,30,0.0,0.97311,0.0,fiveg_nidd,1
s170503,causal,30,0.25,0.77108,0.20203,fiveg_nidd,1
s170503,causal,30,0.5,0.77108,0.20203,fiveg_nidd,1
s170503,causal,30,0.75,0.77108,0.20203,fiveg_nidd,1
s170503,causal,30,1.0,0.77108,0.20203,fiveg_nidd,1
s170503,causal,32,0.0,0.97311,0.0,fiveg_nidd,1
s170503,causal,32,0.25,0.31048,0.66263,fiveg_nidd,1
s170503,causal,32,0.5,0.31048,0.66263,fiveg_nidd,1
s170503,causal,32,0.75,0.31048,0.66263,fiveg_nidd,1
s170503,causal,32,1.0,0.31048,0.66263,fiveg_nidd,1
s170503,causal,36,0.0,0.97311,0.0,fiveg_nidd,1
s170503,causal,36,0.25,0.9722,0.00091,fiveg_nidd,1
s170503,causal,36,0.5,0.94777,0.02534,fiveg_nidd,1
s170503,causal,36,0.75,0.95621,0.0169,fiveg_nidd,1
s170503,causal,36,1.0,0.91728,0.05583,fiveg_nidd,1
s170503,causal,40,0.0,0.97311,0.0,fiveg_nidd,1
s170503,causal,40,0.25,0.91857,0.05454,fiveg_nidd,1
s170503,causal,40,0.5,0.05157,0.92154,fiveg_nidd,1
s170503,causal,40,0.75,0.00114,0.97197,fiveg_nidd,1
s170503,causal,40,1.0,0.00114,0.97197,fiveg_nidd,1
s170503,non_causal,39,0.0,0.97311,0.0,fiveg_nidd,1
s170503,non_causal,39,0.25,0.97164,0.00146,fiveg_nidd,1
s170503,non_causal,39,0.5,0.97019,0.00292,fiveg_nidd,1
s170503,non_causal,39,0.75,0.98512,-0.01201,fiveg_nidd,1
s170503,non_causal,39,1.0,0.98022,-0.00711,fiveg_nidd,1
s170503,non_causal,5,0.0,0.97311,0.0,fiveg_nidd,1
s170503,non_causal,5,0.25,0.97311,0.0,fiveg_nidd,1
s170503,non_causal,5,0.5,0.97311,0.0,fiveg_nidd,1
s170503,non_causal,5,0.75,0.97311,0.0,fiveg_nidd,1
s170503,non_causal,5,1.0,0.97311,0.0,fiveg_nidd,1
s170503,non_causal,10,0.0,0.97311,0.0,fiveg_nidd,1
s170503,non_causal,10,0.25,0.97311,0.0,fiveg_nidd,1
s170503,non_causal,10,0.5,0.97311,0.0,fiveg_nidd,1
s170503,non_causal,10,0.75,0.97311,0.0,fiveg_nidd,1
s170503,non_causal,10,1.0,0.97311,0.0,fiveg_nidd,1
s121051,causal,8,0.0,0.99984,0.0,fiveg_nidd,1
s121051,causal,8,0.25,0.31901,0.68083,fiveg_nidd,1
s121051,causal,8,0.5,0.31901,0.68083,fiveg_nidd,1
s121051,causal,8,0.75,0.31901,0.68083,fiveg_nidd,1
s121051,causal,8,1.0,0.31901,0.68083,fiveg_nidd,1
s121051,causal,40,0.0,0.99984,0.0,fiveg_nidd,1
s121051,causal,40,0.25,0.99968,0.00016,fiveg_nidd,1
s121051,causal,40,0.5,0.98188,0.01796,fiveg_nidd,1
s121051,causal,40,0.75,0.8544,0.14544,fiveg_nidd,1
s121051,causal,40,1.0,0.8544,0.14544,fiveg_nidd,1
s121051,non_causal,35,0.0,0.99984,0.0,fiveg_nidd,1
s121051,non_causal,35,0.25,0.99984,0.0,fiveg_nidd,1
s121051,non_causal,35,0.5,0.99984,0.0,fiveg_nidd,1
s121051,non_causal,35,0.75,0.99984,0.0,fiveg_nidd,1
s121051,non_causal,35,1.0,0.99984,0.0,fiveg_nidd,1
s121051,non_causal,23,0.0,0.99984,0.0,fiveg_nidd,1
s121051,non_causal,23,0.25,0.99984,0.0,fiveg_nidd,1
s121051,non_causal,23,0.5,0.99984,0.0,fiveg_nidd,1
s121051,non_causal,23,0.75,0.99984,0.0,fiveg_nidd,1
s121051,non_causal,23,1.0,0.99984,0.0,fiveg_nidd,1
s121051,non_causal,16,0.0,0.99984,0.0,fiveg_nidd,1
s121051,non_causal,16,0.25,0.99984,0.0,fiveg_nidd,1
s121051,non_causal,16,0.5,0.99984,0.0,fiveg_nidd,1
s121051,non_causal,16,0.75,0.99984,0.0,fiveg_nidd,1
s121051,non_causal,16,1.0,0.99984,0.0,fiveg_nidd,1
s160116,causal,8,0.0,0.99998,0.0,fiveg_nidd,1
s160116,causal,8,0.25,0.60135,0.39863,fiveg_nidd,1
s160116,causal,8,0.5,0.60135,0.39863,fiveg_nidd,1
s160116,causal,8,0.75,0.60135,0.39863,fiveg_nidd,1
s160116,causal,8,1.0,0.60135,0.39863,fiveg_nidd,1
s160116,causal,32,0.0,0.99998,0.0,fiveg_nidd,1
s160116,causal,32,0.25,0.09169,0.90829,fiveg_nidd,1
s160116,causal,32,0.5,0.09169,0.90829,fiveg_nidd,1
s160116,causal,32,0.75,0.09169,0.90829,fiveg_nidd,1
s160116,causal,32,1.0,0.09168,0.9083,fiveg_nidd,1
s160116,non_causal,7,0.0,0.99998,0.0,fiveg_nidd,1
s160116,non_causal,7,0.25,0.99998,0.0,fiveg_nidd,1
s160116,non_causal,7,0.5,0.99998,0.0,fiveg_nidd,1
s160116,non_causal,7,0.75,0.99998,0.0,fiveg_nidd,1
s160116,non_causal,7,1.0,0.99998,0.0,fiveg_nidd,1
s160116,non_causal,10,0.0,0.99998,0.0,fiveg_nidd,1
s160116,non_causal,10,0.25,0.99998,0.0,fiveg_nidd,1
s160116,non_causal,10,0.5,0.99998,0.0,fiveg_nidd,1
s160116,non_causal,10,0.75,0.99998,-0.0,fiveg_nidd,1
s160116,non_causal,10,1.0,0.99998,-0.0,fiveg_nidd,1
s160116,non_causal,40,0.0,0.99998,0.0,fiveg_nidd,1
s160116,non_causal,40,0.25,0.99997,1e-05,fiveg_nidd,1
s160116,non_causal,40,0.5,0.99997,1e-05,fiveg_nidd,1
s160116,non_causal,40,0.75,0.99965,0.00033,fiveg_nidd,1
s160116,non_causal,40,1.0,0.99655,0.00343,fiveg_nidd,1
s156396,causal,8,0.0,0.99995,0.0,fiveg_nidd,1
s156396,causal,8,0.25,0.94678,0.05317,fiveg_nidd,1
s156396,causal,8,0.5,0.94678,0.05317,fiveg_nidd,1
s156396,causal,8,0.75,0.94678,0.05317,fiveg_nidd,1
s156396,causal,8,1.0,0.94678,0.05317,fiveg_nidd,1
s156396,causal,32,0.0,0.99995,0.0,fiveg_nidd,1
s156396,causal,32,0.25,0.31799,0.68196,fiveg_nidd,1
s156396,causal,32,0.5,0.31799,0.68196,fiveg_nidd,1
s156396,causal,32,0.75,0.31799,0.68196,fiveg_nidd,1
s156396,causal,32,1.0,0.31799,0.68196,fiveg_nidd,1
s156396,causal,40,0.0,0.99995,0.0,fiveg_nidd,1
s156396,causal,40,0.25,0.87067,0.12928,fiveg_nidd,1
s156396,causal,40,0.5,0.87067,0.12928,fiveg_nidd,1
s156396,causal,40,0.75,0.87067,0.12928,fiveg_nidd,1
s156396,causal,40,1.0,0.87067,0.12928,fiveg_nidd,1
s156396,non_causal,4,0.0,0.99995,0.0,fiveg_nidd,1
s156396,non_causal,4,0.25,0.99995,0.0,fiveg_nidd,1
s156396,non_causal,4,0.5,0.99995,0.0,fiveg_nidd,1
s156396,non_causal,4,0.75,0.99995,0.0,fiveg_nidd,1
s156396,non_causal,4,1.0,0.99995,0.0,fiveg_nidd,1
s156396,non_causal,15,0.0,0.99995,0.0,fiveg_nidd,1
s156396,non_causal,15,0.25,0.99995,-1e-05,fiveg_nidd,1
s156396,non_causal,15,0.5,0.99995,-1e-05,fiveg_nidd,1
s156396,non_causal,15,0.75,0.99995,-1e-05,fiveg_nidd,1
s156396,non_causal,15,1.0,0.99995,-1e-05,fiveg_nidd,1
s156396,non_causal,30,0.0,0.99995,0.0,fiveg_nidd,1
s156396,non_causal,30,0.25,0.99931,0.00064,fiveg_nidd,1
s156396,non_causal,30,0.5,0.99931,0.00064,fiveg_nidd,1
s156396,non_causal,30,0.75,0.99931,0.00064,fiveg_nidd,1
s156396,non_causal,30,1.0,0.99931,0.00064,fiveg_nidd,1
s349660,causal,8,0.0,0.99997,0.0,fiveg_nidd,1
s349660,causal,8,0.25,0.65587,0.3441,fiveg_nidd,1
s349660,causal,8,0.5,0.65587,0.3441,fiveg_nidd,1
s349660,causal,8,0.75,0.65587,0.3441,fiveg_nidd,1
s349660,causal,8,1.0,0.65587,0.3441,fiveg_nidd,1
s349660,causal,32,0.0,0.99997,0.0,fiveg_nidd,1
s349660,causal,32,0.25,0.12894,0.87103,fiveg_nidd,1
s349660,causal,32,0.5,0.12894,0.87103,fiveg_nidd,1
s349660,causal,32,0.75,0.12894,0.87103,fiveg_nidd,1
s349660,causal,32,1.0,0.12894,0.87103,fiveg_nidd,1
s349660,causal,40,0.0,0.99997,0.0,fiveg_nidd,1
s349660,causal,40,0.25,0.99995,2e-05,fiveg_nidd,1
s349660,causal,40,0.5,0.83745,0.16252,fiveg_nidd,1
s349660,causal,40,0.75,0.83745,0.16252,fiveg_nidd,1
s349660,causal,40,1.0,0.83745,0.16252,fiveg_nidd,1
s349660,non_causal,11,0.0,0.99997,0.0,fiveg_nidd,1
s349660,non_causal,11,0.25,0.99997,0.0,fiveg_nidd,1
s349660,non_causal,11,0.5,0.99997,0.0,fiveg_nidd,1
s349660,non_causal,11,0.75,0.99997,0.0,fiveg_nidd,1
s349660,non_causal,11,1.0,0.99997,0.0,fiveg_nidd,1
s349660,non_causal,20,0.0,0.99997,0.0,fiveg_nidd,1
s349660,non_causal,20,0.25,0.99997,0.0,fiveg_nidd,1
s349660,non_causal,20,0.5,0.99997,0.0,fiveg_nidd,1
s349660,non_causal,20,0.75,0.99997,0.0,fiveg_nidd,1
s349660,non_causal,20,1.0,0.99997,0.0,fiveg_nidd,1
s349660,non_causal,31,0.0,0.99997,0.0,fiveg_nidd,1
s349660,non_causal,31,0.25,0.99997,0.0,fiveg_nidd,1
s349660,non_causal,31,0.5,0.99997,0.0,fiveg_nidd,1
s349660,non_causal,31,0.75,0.99997,0.0,fiveg_nidd,1
s349660,non_causal,31,1.0,0.99997,0.0,fiveg_nidd,1
s174897,causal,8,0.0,0.99991,0.0,fiveg_nidd,1
s174897,causal,8,0.25,0.52188,0.47804,fiveg_nidd,1
s174897,causal,8,0.5,0.52188,0.47804,fiveg_nidd,1
s174897,causal,8,0.75,0.52188,0.47804,fiveg_nidd,1
s174897,causal,8,1.0,0.52188,0.47804,fiveg_nidd,1
s174897,causal,32,0.0,0.99991,0.0,fiveg_nidd,1
s174897,causal,32,0.25,0.00011,0.99981,fiveg_nidd,1
s174897,causal,32,0.5,0.00011,0.99981,fiveg_nidd,1
s174897,causal,32,0.75,0.00011,0.99981,fiveg_nidd,1
s174897,causal,32,1.0,0.00011,0.99981,fiveg_nidd,1
s174897,causal,40,0.0,0.99991,0.0,fiveg_nidd,1
s174897,causal,40,0.25,0.99988,4e-05,fiveg_nidd,1
s174897,causal,40,0.5,0.99977,0.00015,fiveg_nidd,1
s174897,causal,40,0.75,0.90313,0.09679,fiveg_nidd,1
s174897,causal,40,1.0,0.90313,0.09679,fiveg_nidd,1
s174897,non_causal,14,0.0,0.99991,0.0,fiveg_nidd,1
s174897,non_causal,14,0.25,0.99991,0.0,fiveg_nidd,1
s174897,non_causal,14,0.5,0.99991,0.0,fiveg_nidd,1
s174897,non_causal,14,0.75,0.99991,0.0,fiveg_nidd,1
s174897,non_causal,14,1.0,0.99991,0.0,fiveg_nidd,1
s174897,non_causal,0,0.0,0.99991,0.0,fiveg_nidd,1
s174897,non_causal,0,0.25,0.99992,-0.0,fiveg_nidd,1
s174897,non_causal,0,0.5,0.99992,-0.0,fiveg_nidd,1
s174897,non_causal,0,0.75,0.99992,-0.0,fiveg_nidd,1
s174897,non_causal,0,1.0,0.99991,0.0,fiveg_nidd,1
s174897,non_causal,24,0.0,0.99991,0.0,fiveg_nidd,1
s174897,non_causal,24,0.25,0.99991,0.0,fiveg_nidd,1
s174897,non_causal,24,0.5,0.99991,0.0,fiveg_nidd,1
s174897,non_causal,24,0.75,0.99991,0.0,fiveg_nidd,1
s174897,non_causal,24,1.0,0.99991,0.0,fiveg_nidd,1
s339601,causal,8,0.0,0.99996,0.0,fiveg_nidd,2
s339601,causal,8,0.25,0.97864,0.02131,fiveg_nidd,2
s339601,causal,8,0.5,0.97864,0.02131,fiveg_nidd,2
s339601,causal,8,0.75,0.97864,0.02131,fiveg_nidd,2
s339601,causal,8,1.0,0.97864,0.02131,fiveg_nidd,2
s339601,causal,40,0.0,0.99996,0.0,fiveg_nidd,2
s339601,causal,40,0.25,0.99996,0.0,fiveg_nidd,2
s339601,causal,40,0.5,0.99995,1e-05,fiveg_nidd,2
s339601,causal,40,0.75,0.99993,3e-05,fiveg_nidd,2
s339601,causal,40,1.0,0.99085,0.00911,fiveg_nidd,2
s339601,causal,32,0.0,0.99996,0.0,fiveg_nidd,2
s339601,causal,32,0.25,0.99802,0.00194,fiveg_nidd,2
s339601,causal,32,0.5,0.99802,0.00194,fiveg_nidd,2
s339601,causal,32,0.75,0.99802,0.00194,fiveg_nidd,2
s339601,causal,32,1.0,0.99802,0.00194,fiveg_nidd,2
s339601,non_causal,35,0.0,0.99996,0.0,fiveg_nidd,2
s339601,non_causal,35,0.25,0.99996,0.0,fiveg_nidd,2
s339601,non_causal,35,0.5,0.99996,0.0,fiveg_nidd,2
s339601,non_causal,35,0.75,0.99996,0.0,fiveg_nidd,2
s339601,non_causal,35,1.0,0.99996,0.0,fiveg_nidd,2
s339601,non_causal,21,0.0,0.99996,0.0,fiveg_nidd,2
s339601,non_causal,21,0.25,0.99996,-0.0,fiveg_nidd,2
s339601,non_causal,21,0.5,0.99996,-0.0,fiveg_nidd,2
s339601,non_causal,21,0.75,0.99996,-0.0,fiveg_nidd,2
s339601,non_causal,21,1.0,0.99996,-0.0,fiveg_nidd,2
s339601,non_causal,23,0.0,0.99996,0.0,fiveg_nidd,2
s339601,non_causal,23,0.25,0.99996,0.0,fiveg_nidd,2
s339601,non_causal,23,0.5,0.99996,0.0,fiveg_nidd,2
s339601,non_causal,23,0.75,0.99996,0.0,fiveg_nidd,2
s339601,non_causal,23,1.0,0.99996,0.0,fiveg_nidd,2
s117393,causal,32,0.0,0.99995,0.0,fiveg_nidd,2
s117393,causal,32,0.25,0.62029,0.37966,fiveg_nidd,2
s117393,causal,32,0.5,0.62029,0.37966,fiveg_nidd,2
s117393,causal,32,0.75,0.62029,0.37966,fiveg_nidd,2
s117393,causal,32,1.0,0.62029,0.37966,fiveg_nidd,2
s117393,non_causal,40,0.0,0.99995,0.0,fiveg_nidd,2
s117393,non_causal,40,0.25,0.99995,-0.0,fiveg_nidd,2
s117393,non_causal,40,0.5,0.99992,2e-05,fiveg_nidd,2
s117393,non_causal,40,0.75,0.97533,0.02462,fiveg_nidd,2
s117393,non_causal,40,1.0,0.97533,0.02462,fiveg_nidd,2
s117393,non_causal,33,0.0,0.99995,0.0,fiveg_nidd,2
s117393,non_causal,33,0.25,0.99995,0.0,fiveg_nidd,2
s117393,non_causal,33,0.5,0.99995,0.0,fiveg_nidd,2
s117393,non_causal,33,0.75,0.99995,0.0,fiveg_nidd,2
s117393,non_causal,33,1.0,0.99995,0.0,fiveg_nidd,2
s117393,non_causal,14,0.0,0.99995,0.0,fiveg_nidd,2
s117393,non_causal,14,0.25,0.99994,0.0,fiveg_nidd,2
s117393,non_causal,14,0.5,0.99994,0.0,fiveg_nidd,2
s117393,non_causal,14,0.75,0.99994,0.0,fiveg_nidd,2
s117393,non_causal,14,1.0,0.99994,0.0,fiveg_nidd,2
s159693,causal,32,0.0,0.99996,0.0,fiveg_nidd,2
s159693,causal,32,0.25,0.70045,0.29952,fiveg_nidd,2
s159693,causal,32,0.5,0.70045,0.29952,fiveg_nidd,2
s159693,causal,32,0.75,0.70045,0.29952,fiveg_nidd,2
s159693,causal,32,1.0,0.70045,0.29952,fiveg_nidd,2
s159693,non_causal,37,0.0,0.99996,0.0,fiveg_nidd,2
s159693,non_causal,37,0.25,0.99997,-0.0,fiveg_nidd,2
s159693,non_causal,37,0.5,0.99996,1e-05,fiveg_nidd,2
s159693,non_causal,37,0.75,0.99996,0.0,fiveg_nidd,2
s159693,non_causal,37,1.0,0.99995,1e-05,fiveg_nidd,2
s159693,non_causal,2,0.0,0.99996,0.0,fiveg_nidd,2
s159693,non_causal,2,0.25,0.99996,0.0,fiveg_nidd,2
s159693,non_causal,2,0.5,0.99996,0.0,fiveg_nidd,2
s159693,non_causal,2,0.75,0.99996,0.0,fiveg_nidd,2
s159693,non_causal,2,1.0,0.99996,0.0,fiveg_nidd,2
s159693,non_causal,35,0.0,0.99996,0.0,fiveg_nidd,2
s159693,non_causal,35,0.25,0.99996,0.0,fiveg_nidd,2
s159693,non_causal,35,0.5,0.99996,0.0,fiveg_nidd,2
s159693,non_causal,35,0.75,0.99996,0.0,fiveg_nidd,2
s159693,non_causal,35,1.0,0.99996,0.0,fiveg_nidd,2
s136944,causal,8,0.0,0.99983,0.0,fiveg_nidd,2
s136944,causal,8,0.25,0.0343,0.96553,fiveg_nidd,2
s136944,causal,8,0.5,0.0343,0.96553,fiveg_nidd,2
s136944,causal,8,0.75,0.0343,0.96553,fiveg_nidd,2
s136944,causal,8,1.0,0.0343,0.96553,fiveg_nidd,2
s136944,causal,40,0.0,0.99983,0.0,fiveg_nidd,2
s136944,causal,40,0.25,0.99979,5e-05,fiveg_nidd,2
s136944,causal,40,0.5,0.99964,0.00019,fiveg_nidd,2
s136944,causal,40,0.75,0.15581,0.84403,fiveg_nidd,2
s136944,causal,40,1.0,0.15581,0.84403,fiveg_nidd,2
s136944,non_causal,32,0.0,0.99983,0.0,fiveg_nidd,2
s136944,non_causal,32,0.25,0.99983,1e-05,fiveg_nidd,2
s136944,non_causal,32,0.5,0.99983,1e-05,fiveg_nidd,2
s136944,non_causal,32,0.75,0.99983,1e-05,fiveg_nidd,2
s136944,non_causal,32,1.0,0.99983,1e-05,fiveg_nidd,2
s136944,non_causal,39,0.0,0.99983,0.0,fiveg_nidd,2
s136944,non_causal,39,0.25,0.99985,-1e-05,fiveg_nidd,2
s136944,non_causal,39,0.5,0.99984,-1e-05,fiveg_nidd,2
s136944,non_causal,39,0.75,0.99984,-1e-05,fiveg_nidd,2
s136944,non_causal,39,1.0,0.99984,-1e-05,fiveg_nidd,2
s136944,non_causal,10,0.0,0.99983,0.0,fiveg_nidd,2
s136944,non_causal,10,0.25,0.99983,0.0,fiveg_nidd,2
s136944,non_causal,10,0.5,0.99983,0.0,fiveg_nidd,2
s136944,non_causal,10,0.75,0.99983,0.0,fiveg_nidd,2
s136944,non_causal,10,1.0,0.99983,0.0,fiveg_nidd,2
s148612,causal,32,0.0,0.99996,0.0,fiveg_nidd,2
s148612,causal,32,0.25,0.8863,0.11366,fiveg_nidd,2
s148612,causal,32,0.5,0.8863,0.11366,fiveg_nidd,2
s148612,causal,32,0.75,0.8863,0.11366,fiveg_nidd,2
s148612,causal,32,1.0,0.8863,0.11366,fiveg_nidd,2
s148612,non_causal,31,0.0,0.99996,0.0,fiveg_nidd,2
s148612,non_causal,31,0.25,0.99996,0.0,fiveg_nidd,2
s148612,non_causal,31,0.5,0.99996,0.0,fiveg_nidd,2
s148612,non_causal,31,0.75,0.99996,0.0,fiveg_nidd,2
s148612,non_causal,31,1.0,0.99996,0.0,fiveg_nidd,2
s148612,non_causal,29,0.0,0.99996,0.0,fiveg_nidd,2
s148612,non_causal,29,0.25,0.99996,0.0,fiveg_nidd,2
s148612,non_causal,29,0.5,0.99994,2e-05,fiveg_nidd,2
s148612,non_causal,29,0.75,0.99994,2e-05,fiveg_nidd,2
s148612,non_causal,29,1.0,0.99994,2e-05,fiveg_nidd,2
s148612,non_causal,0,0.0,0.99996,0.0,fiveg_nidd,2
s148612,non_causal,0,0.25,0.99996,0.0,fiveg_nidd,2
s148612,non_causal,0,0.5,0.99996,0.0,fiveg_nidd,2
s148612,non_causal,0,0.75,0.99996,0.0,fiveg_nidd,2
s148612,non_causal,0,1.0,0.99996,0.0,fiveg_nidd,2
s158756,causal,8,0.0,0.92617,0.0,fiveg_nidd,2
s158756,causal,8,0.25,0.70928,0.21689,fiveg_nidd,2
s158756,causal,8,0.5,0.70928,0.21689,fiveg_nidd,2
s158756,causal,8,0.75,0.70928,0.21689,fiveg_nidd,2
s158756,causal,8,1.0,0.70928,0.21689,fiveg_nidd,2
s158756,causal,29,0.0,0.92617,0.0,fiveg_nidd,2
s158756,causal,29,0.25,0.92612,5e-05,fiveg_nidd,2
s158756,causal,29,0.5,0.55322,0.37295,fiveg_nidd,2
s158756,causal,29,0.75,0.55322,0.37295,fiveg_nidd,2
s158756,causal,29,1.0,0.55322,0.37295,fiveg_nidd,2
s158756,causal,30,0.0,0.92617,0.0,fiveg_nidd,2
s158756,causal,30,0.25,0.14157,0.7846,fiveg_nidd,2
s158756,causal,30,0.5,0.14157,0.7846,fiveg_nidd,2
s158756,causal,30,0.75,0.14157,0.7846,fiveg_nidd,2
s158756,causal,30,1.0,0.14157,0.7846,fiveg_nidd,2
s158756,causal,40,0.0,0.92617,0.0,fiveg_nidd,2
s158756,causal,40,0.25,0.03689,0.88929,fiveg_nidd,2
s158756,causal,40,0.5,0.00319,0.92298,fiveg_nidd,2
s158756,causal,40,0.75,0.00319,0.92298,fiveg_nidd,2
s158756,causal,40,1.0,0.00319,0.92298,fiveg_nidd,2
s158756,non_causal,10,0.0,0.92617,0.0,fiveg_nidd,2
s158756,non_causal,10,0.25,0.92617,0.0,fiveg_nidd,2
s158756,non_causal,10,0.5,0.92617,0.0,fiveg_nidd,2
s158756,non_causal,10,0.75,0.92617,0.0,fiveg_nidd,2
s158756,non_causal,10,1.0,0.92617,0.0,fiveg_nidd,2
s158756,non_causal,12,0.0,0.92617,0.0,fiveg_nidd,2
s158756,non_causal,12,0.25,0.92617,0.0,fiveg_nidd,2
s158756,non_causal,12,0.5,0.92617,0.0,fiveg_nidd,2
s158756,non_causal,12,0.75,0.92617,0.0,fiveg_nidd,2
s158756,non_causal,12,1.0,0.92617,0.0,fiveg_nidd,2
s158756,non_causal,2,0.0,0.92617,0.0,fiveg_nidd,2
s158756,non_causal,2,0.25,0.92617,0.0,fiveg_nidd,2
s158756,non_causal,2,0.5,0.92617,0.0,fiveg_nidd,2
s158756,non_causal,2,0.75,0.92617,0.0,fiveg_nidd,2
s158756,non_causal,2,1.0,0.92617,0.0,fiveg_nidd,2
s306436,causal,32,0.0,0.99993,0.0,fiveg_nidd,2
s306436,causal,32,0.25,0.00594,0.99399,fiveg_nidd,2
s306436,causal,32,0.5,0.00594,0.99399,fiveg_nidd,2
s306436,causal,32,0.75,0.00594,0.99399,fiveg_nidd,2
s306436,causal,32,1.0,0.00594,0.99399,fiveg_nidd,2
s306436,non_causal,16,0.0,0.99993,0.0,fiveg_nidd,2
s306436,non_causal,16,0.25,0.99992,1e-05,fiveg_nidd,2
s306436,non_causal,16,0.5,0.99992,1e-05,fiveg_nidd,2
s306436,non_causal,16,0.75,0.99992,1e-05,fiveg_nidd,2
s306436,non_causal,16,1.0,0.99992,1e-05,fiveg_nidd,2
s306436,non_causal,7,0.0,0.99993,0.0,fiveg_nidd,2
s306436,non_causal,7,0.25,0.99993,0.0,fiveg_nidd,2
s306436,non_causal,7,0.5,0.99993,0.0,fiveg_nidd,2
s306436,non_causal,7,0.75,0.99993,0.0,fiveg_nidd,2
s306436,non_causal,7,1.0,0.99993,0.0,fiveg_nidd,2
s306436,non_causal,33,0.0,0.99993,0.0,fiveg_nidd,2
s306436,non_causal,33,0.25,0.99993,-0.0,fiveg_nidd,2
s306436,non_causal,33,0.5,0.99993,-0.0,fiveg_nidd,2
s306436,non_causal,33,0.75,0.99993,-0.0,fiveg_nidd,2
s306436,non_causal,33,1.0,0.99993,-0.0,fiveg_nidd,2
s117893,causal,32,0.0,0.99995,0.0,fiveg_nidd,2
s117893,causal,32,0.25,0.71294,0.28701,fiveg_nidd,2
s117893,causal,32,0.5,0.71294,0.28701,fiveg_nidd,2
s117893,causal,32,0.75,0.71294,0.28701,fiveg_nidd,2
s117893,causal,32,1.0,0.71294,0.28701,fiveg_nidd,2
s117893,non_causal,37,0.0,0.99995,0.0,fiveg_nidd,2
s117893,non_causal,37,0.25,0.99996,-0.0,fiveg_nidd,2
s117893,non_causal,37,0.5,0.99996,-0.0,fiveg_nidd,2
s117893,non_causal,37,0.75,0.99996,-1e-05,fiveg_nidd,2
s117893,non_causal,37,1.0,0.99997,-1e-05,fiveg_nidd,2
s117893,non_causal,8,0.0,0.99995,0.0,fiveg_nidd,2
s117893,non_causal,8,0.25,0.97738,0.02258,fiveg_nidd,2
s117893,non_causal,8,0.5,0.97738,0.02258,fiveg_nidd,2
s117893,non_causal,8,0.75,0.97738,0.02258,fiveg_nidd,2
s117893,non_causal,8,1.0,0.97738,0.02258,fiveg_nidd,2
s117893,non_causal,0,0.0,0.99995,0.0,fiveg_nidd,2
s117893,non_causal,0,0.25,0.99996,-0.0,fiveg_nidd,2
s117893,non_causal,0,0.5,0.99996,-0.0,fiveg_nidd,2
s117893,non_causal,0,0.75,0.99996,-0.0,fiveg_nidd,2
s117893,non_causal,0,1.0,0.99995,0.0,fiveg_nidd,2
s298764,causal,32,0.0,0.99996,0.0,fiveg_nidd,2
s298764,causal,32,0.25,0.69813,0.30183,fiveg_nidd,2
s298764,causal,32,0.5,0.69813,0.30183,fiveg_nidd,2
s298764,causal,32,0.75,0.69813,0.30183,fiveg_nidd,2
s298764,causal,32,1.0,0.69813,0.30183,fiveg_nidd,2
s298764,non_causal,14,0.0,0.99996,0.0,fiveg_nidd,2
s298764,non_causal,14,0.25,0.99996,0.0,fiveg_nidd,2
s298764,non_causal,14,0.5,0.99996,0.0,fiveg_nidd,2
s298764,non_causal,14,0.75,0.99996,0.0,fiveg_nidd,2
s298764,non_causal,14,1.0,0.99996,0.0,fiveg_nidd,2
s298764,non_causal,23,0.0,0.99996,0.0,fiveg_nidd,2
s298764,non_causal,23,0.25,0.99996,0.0,fiveg_nidd,2
s298764,non_causal,23,0.5,0.99996,0.0,fiveg_nidd,2
s298764,non_causal,23,0.75,0.99996,0.0,fiveg_nidd,2
s298764,non_causal,23,1.0,0.99996,0.0,fiveg_nidd,2
s298764,non_causal,19,0.0,0.99996,0.0,fiveg_nidd,2
s298764,non_causal,19,0.25,0.99996,0.0,fiveg_nidd,2
s298764,non_causal,19,0.5,0.99996,-0.0,fiveg_nidd,2
s298764,non_causal,19,0.75,0.99996,-0.0,fiveg_nidd,2
s298764,non_causal,19,1.0,0.99996,-0.0,fiveg_nidd,2
s121913,causal,8,0.0,0.99996,0.0,fiveg_nidd,2
s121913,causal,8,0.25,0.97394,0.02602,fiveg_nidd,2
s121913,causal,8,0.5,0.97394,0.02602,fiveg_nidd,2
s121913,causal,8,0.75,0.97394,0.02602,fiveg_nidd,2
s121913,causal,8,1.0,0.97394,0.02602,fiveg_nidd,2
s121913,causal,40,0.0,0.99996,0.0,fiveg_nidd,2
s121913,causal,40,0.25,0.99995,1e-05,fiveg_nidd,2
s121913,causal,40,0.5,0.99995,2e-05,fiveg_nidd,2
s121913,causal,40,0.75,0.9931,0.00686,fiveg_nidd,2
s121913,causal,40,1.0,0.9931,0.00686,fiveg_nidd,2
s121913,causal,32,0.0,0.99996,0.0,fiveg_nidd,2
s121913,causal,32,0.25,0.9982,0.00176,fiveg_nidd,2
s121913,causal,32,0.5,0.9982,0.00176,fiveg_nidd,2
s121913,causal,32,0.75,0.9982,0.00176,fiveg_nidd,2
s121913,causal,32,1.0,0.9982,0.00176,fiveg_nidd,2
s121913,non_causal,15,0.0,0.99996,0.0,fiveg_nidd,2
s121913,non_causal,15,0.25,0.99996,0.0,fiveg_nidd,2
s121913,non_causal,15,0.5,0.99996,0.0,fiveg_nidd,2
s121913,non_causal,15,0.75,0.99996,0.0,fiveg_nidd,2
s121913,non_causal,15,1.0,0.99996,0.0,fiveg_nidd,2
s121913,non_causal,26,0.0,0.99996,0.0,fiveg_nidd,2
s121913,non_causal,26,0.25,0.99996,0.0,fiveg_nidd,2
s121913,non_causal,26,0.5,0.99996,0.0,fiveg_nidd,2
s121913,non_causal,26,0.75,0.99996,0.0,fiveg_nidd,2
s121913,non_causal,26,1.0,0.99996,0.0,fiveg_nidd,2
s121913,non_causal,12,0.0,0.99996,0.0,fiveg_nidd,2
s121913,non_causal,12,0.25,0.99996,0.0,fiveg_nidd,2
s121913,non_causal,12,0.5,0.99996,0.0,fiveg_nidd,2
s121913,non_causal,12,0.75,0.99996,0.0,fiveg_nidd,2
s121913,non_causal,12,1.0,0.99996,0.0,fiveg_nidd,2
s141550,causal,32,0.0,0.99992,0.0,fiveg_nidd,2
s141550,causal,32,0.25,0.53743,0.46249,fiveg_nidd,2
s141550,causal,32,0.5,0.53743,0.46249,fiveg_nidd,2
s141550,causal,32,0.75,0.53743,0.46249,fiveg_nidd,2
s141550,causal,32,1.0,0.53743,0.46249,fiveg_nidd,2
s141550,non_causal,8,0.0,0.99992,0.0,fiveg_nidd,2
s141550,non_causal,8,0.25,0.97813,0.02179,fiveg_nidd,2
s141550,non_causal,8,0.5,0.97813,0.02179,fiveg_nidd,2
s141550,non_causal,8,0.75,0.97813,0.02179,fiveg_nidd,2
s141550,non_causal,8,1.0,0.97813,0.02179,fiveg_nidd,2
s141550,non_causal,26,0.0,0.99992,0.0,fiveg_nidd,2
s141550,non_causal,26,0.25,0.99992,0.0,fiveg_nidd,2
s141550,non_causal,26,0.5,0.99992,0.0,fiveg_nidd,2
s141550,non_causal,26,0.75,0.99992,0.0,fiveg_nidd,2
s141550,non_causal,26,1.0,0.99992,0.0,fiveg_nidd,2
s141550,non_causal,37,0.0,0.99992,0.0,fiveg_nidd,2
s141550,non_causal,37,0.25,0.99992,-0.0,fiveg_nidd,2
s141550,non_causal,37,0.5,0.99991,1e-05,fiveg_nidd,2
s141550,non_causal,37,0.75,0.99992,-0.0,fiveg_nidd,2
s141550,non_causal,37,1.0,0.99994,-2e-05,fiveg_nidd,2
s306212,causal,8,0.0,0.99998,0.0,fiveg_nidd,2
s306212,causal,8,0.25,0.8597,0.14027,fiveg_nidd,2
s306212,causal,8,0.5,0.8597,0.14027,fiveg_nidd,2
s306212,causal,8,0.75,0.8597,0.14027,fiveg_nidd,2
s306212,causal,8,1.0,0.8597,0.14027,fiveg_nidd,2
s306212,causal,32,0.0,0.99998,0.0,fiveg_nidd,2
s306212,causal,32,0.25,0.87745,0.12253,fiveg_nidd,2
s306212,causal,32,0.5,0.87745,0.12253,fiveg_nidd,2
s306212,causal,32,0.75,0.87745,0.12253,fiveg_nidd,2
s306212,causal,32,1.0,0.87745,0.12253,fiveg_nidd,2
s306212,non_causal,14,0.0,0.99998,0.0,fiveg_nidd,2
s306212,non_causal,14,0.25,0.99998,0.0,fiveg_nidd,2
s306212,non_causal,14,0.5,0.99998,0.0,fiveg_nidd,2
s306212,non_causal,14,0.75,0.99998,0.0,fiveg_nidd,2
s306212,non_causal,14,1.0,0.99998,0.0,fiveg_nidd,2
s306212,non_causal,4,0.0,0.99998,0.0,fiveg_nidd,2
s306212,non_causal,4,0.25,0.99998,0.0,fiveg_nidd,2
s306212,non_causal,4,0.5,0.99998,0.0,fiveg_nidd,2
s306212,non_causal,4,0.75,0.99998,0.0,fiveg_nidd,2
s306212,non_causal,4,1.0,0.99998,0.0,fiveg_nidd,2
s306212,non_causal,7,0.0,0.99998,0.0,fiveg_nidd,2
s306212,non_causal,7,0.25,0.99998,0.0,fiveg_nidd,2
s306212,non_causal,7,0.5,0.99998,0.0,fiveg_nidd,2
s306212,non_causal,7,0.75,0.99998,0.0,fiveg_nidd,2
s306212,non_causal,7,1.0,0.99998,0.0,fiveg_nidd,2
s141552,causal,32,0.0,0.99996,0.0,fiveg_nidd,2
s141552,causal,32,0.25,0.68819,0.31177,fiveg_nidd,2
s141552,causal,32,0.5,0.68819,0.31177,fiveg_nidd,2
s141552,causal,32,0.75,0.68819,0.31177,fiveg_nidd,2
s141552,causal,32,1.0,0.68819,0.31177,fiveg_nidd,2
s141552,non_causal,37,0.0,0.99996,0.0,fiveg_nidd,2
s141552,non_causal,37,0.25,0.99996,-0.0,fiveg_nidd,2
s141552,non_causal,37,0.5,0.99997,-0.0,fiveg_nidd,2
s141552,non_causal,37,0.75,0.99997,-0.0,fiveg_nidd,2
s141552,non_causal,37,1.0,0.99997,-0.0,fiveg_nidd,2
s141552,non_causal,12,0.0,0.99996,0.0,fiveg_nidd,2
s141552,non_causal,12,0.25,0.99996,0.0,fiveg_nidd,2
s141552,non_causal,12,0.5,0.99996,0.0,fiveg_nidd,2
s141552,non_causal,12,0.75,0.99996,0.0,fiveg_nidd,2
s141552,non_causal,12,1.0,0.99996,0.0,fiveg_nidd,2
s141552,non_causal,40,0.0,0.99996,0.0,fiveg_nidd,2
s141552,non_causal,40,0.25,0.99995,1e-05,fiveg_nidd,2
s141552,non_causal,40,0.5,0.99994,3e-05,fiveg_nidd,2
s141552,non_causal,40,0.75,0.98039,0.01957,fiveg_nidd,2
s141552,non_causal,40,1.0,0.98039,0.01957,fiveg_nidd,2
s307705,causal,32,0.0,0.99997,0.0,fiveg_nidd,2
s307705,causal,32,0.25,0.76439,0.23558,fiveg_nidd,2
s307705,causal,32,0.5,0.76439,0.23558,fiveg_nidd,2
s307705,causal,32,0.75,0.76439,0.23558,fiveg_nidd,2
s307705,causal,32,1.0,0.76439,0.23558,fiveg_nidd,2
s307705,non_causal,15,0.0,0.99997,0.0,fiveg_nidd,2
s307705,non_causal,15,0.25,0.99997,0.0,fiveg_nidd,2
s307705,non_causal,15,0.5,0.99997,0.0,fiveg_nidd,2
s307705,non_causal,15,0.75,0.99997,0.0,fiveg_nidd,2
s307705,non_causal,15,1.0,0.99997,0.0,fiveg_nidd,2
s307705,non_causal,6,0.0,0.99997,0.0,fiveg_nidd,2
s307705,non_causal,6,0.25,0.99997,0.0,fiveg_nidd,2
s307705,non_causal,6,0.5,0.99997,0.0,fiveg_nidd,2
s307705,non_causal,6,0.75,0.99997,0.0,fiveg_nidd,2
s307705,non_causal,6,1.0,0.99997,0.0,fiveg_nidd,2
s307705,non_causal,19,0.0,0.99997,0.0,fiveg_nidd,2
s307705,non_causal,19,0.25,0.99997,0.0,fiveg_nidd,2
s307705,non_causal,19,0.5,0.99997,0.0,fiveg_nidd,2
s307705,non_causal,19,0.75,0.99997,0.0,fiveg_nidd,2
s307705,non_causal,19,1.0,0.99996,1e-05,fiveg_nidd,2
s305836,causal,8,0.0,0.99987,0.0,fiveg_nidd,2
s305836,causal,8,0.25,0.28862,0.71125,fiveg_nidd,2
s305836,causal,8,0.5,0.28862,0.71125,fiveg_nidd,2
s305836,causal,8,0.75,0.28862,0.71125,fiveg_nidd,2
s305836,causal,8,1.0,0.28862,0.71125,fiveg_nidd,2
s305836,causal,40,0.0,0.99987,0.0,fiveg_nidd,2
s305836,causal,40,0.25,0.99987,0.0,fiveg_nidd,2
s305836,causal,40,0.5,0.99979,8e-05,fiveg_nidd,2
s305836,causal,40,0.75,0.25781,0.74206,fiveg_nidd,2
s305836,causal,40,1.0,0.25781,0.74206,fiveg_nidd,2
s305836,non_causal,38,0.0,0.99987,0.0,fiveg_nidd,2
s305836,non_causal,38,0.25,0.99982,5e-05,fiveg_nidd,2
s305836,non_causal,38,0.5,0.99981,6e-05,fiveg_nidd,2
s305836,non_causal,38,0.75,0.99981,6e-05,fiveg_nidd,2
s305836,non_causal,38,1.0,0.99958,0.00029,fiveg_nidd,2
s305836,non_causal,11,0.0,0.99987,0.0,fiveg_nidd,2
s305836,non_causal,11,0.25,0.99987,0.0,fiveg_nidd,2
s305836,non_causal,11,0.5,0.99987,0.0,fiveg_nidd,2
s305836,non_causal,11,0.75,0.99987,0.0,fiveg_nidd,2
s305836,non_causal,11,1.0,0.99987,0.0,fiveg_nidd,2
s305836,non_causal,39,0.0,0.99987,0.0,fiveg_nidd,2
s305836,non_causal,39,0.25,0.99987,0.0,fiveg_nidd,2
s305836,non_causal,39,0.5,0.99991,-3e-05,fiveg_nidd,2
s305836,non_causal,39,0.75,0.99991,-4e-05,fiveg_nidd,2
s305836,non_causal,39,1.0,0.99991,-3e-05,fiveg_nidd,2
s335919,causal,32,0.0,0.99995,0.0,fiveg_nidd,2
s335919,causal,32,0.25,0.89817,0.10179,fiveg_nidd,2
s335919,causal,32,0.5,0.89817,0.10179,fiveg_nidd,2
s335919,causal,32,0.75,0.89817,0.10179,fiveg_nidd,2
s335919,causal,32,1.0,0.89817,0.10179,fiveg_nidd,2
s335919,non_causal,9,0.0,0.99995,0.0,fiveg_nidd,2
s335919,non_causal,9,0.25,0.99986,9e-05,fiveg_nidd,2
s335919,non_causal,9,0.5,0.99986,9e-05,fiveg_nidd,2
s335919,non_causal,9,0.75,0.99986,9e-05,fiveg_nidd,2
s335919,non_causal,9,1.0,0.99986,9e-05,fiveg_nidd,2
s335919,non_causal,36,0.0,0.99995,0.0,fiveg_nidd,2
s335919,non_causal,36,0.25,0.99996,-0.0,fiveg_nidd,2
s335919,non_causal,36,0.5,0.99995,0.0,fiveg_nidd,2
s335919,non_causal,36,0.75,0.99995,-0.0,fiveg_nidd,2
s335919,non_causal,36,1.0,0.99996,-1e-05,fiveg_nidd,2
s335919,non_causal,5,0.0,0.99995,0.0,fiveg_nidd,2
s335919,non_causal,5,0.25,0.99995,0.0,fiveg_nidd,2
s335919,non_causal,5,0.5,0.99995,0.0,fiveg_nidd,2
s335919,non_causal,5,0.75,0.99995,0.0,fiveg_nidd,2
s335919,non_causal,5,1.0,0.99995,0.0,fiveg_nidd,2
s306995,causal,32,0.0,0.99997,0.0,fiveg_nidd,2
s306995,causal,32,0.25,0.73639,0.26358,fiveg_nidd,2
s306995,causal,32,0.5,0.73639,0.26358,fiveg_nidd,2
s306995,causal,32,0.75,0.73639,0.26358,fiveg_nidd,2
s306995,causal,32,1.0,0.73639,0.26358,fiveg_nidd,2
s306995,non_causal,29,0.0,0.99997,0.0,fiveg_nidd,2
s306995,non_causal,29,0.25,0.99997,0.0,fiveg_nidd,2
s306995,non_causal,29,0.5,0.99995,2e-05,fiveg_nidd,2
s306995,non_causal,29,0.75,0.99995,2e-05,fiveg_nidd,2
s306995,non_causal,29,1.0,0.99995,2e-05,fiveg_nidd,2
s306995,non_causal,28,0.0,0.99997,0.0,fiveg_nidd,2
s306995,non_causal,28,0.25,0.99997,0.0,fiveg_nidd,2
s306995,non_causal,28,0.5,0.99997,0.0,fiveg_nidd,2
s306995,non_causal,28,0.75,0.99997,0.0,fiveg_nidd,2
s306995,non_causal,28,1.0,0.99997,0.0,fiveg_nidd,2
s306995,non_causal,21,0.0,0.99997,0.0,fiveg_nidd,2
s306995,non_causal,21,0.25,0.99997,0.0,fiveg_nidd,2
s306995,non_causal,21,0.5,0.99997,0.0,fiveg_nidd,2
s306995,non_causal,21,0.75,0.99997,0.0,fiveg_nidd,2
s306995,non_causal,21,1.0,0.99997,0.0,fiveg_nidd,2
s141165,causal,32,0.0,0.99992,0.0,fiveg_nidd,2
s141165,causal,32,0.25,0.54191,0.45801,fiveg_nidd,2
s141165,causal,32,0.5,0.54191,0.45801,fiveg_nidd,2
s141165,causal,32,0.75,0.54191,0.45801,fiveg_nidd,2
s141165,causal,32,1.0,0.54191,0.45801,fiveg_nidd,2
s141165,non_causal,36,0.0,0.99992,0.0,fiveg_nidd,2
s141165,non_causal,36,0.25,0.99989,3e-05,fiveg_nidd,2
s141165,non_causal,36,0.5,0.99986,7e-05,fiveg_nidd,2
s141165,non_causal,36,0.75,0.99989,3e-05,fiveg_nidd,2
s141165,non_causal,36,1.0,0.99989,3e-05,fiveg_nidd,2
s141165,non_causal,9,0.0,0.99992,0.0,fiveg_nidd,2
s141165,non_causal,9,0.25,0.99986,6e-05,fiveg_nidd,2
s141165,non_causal,9,0.5,0.99986,6e-05,fiveg_nidd,2
s141165,non_causal,9,0.75,0.99986,6e-05,fiveg_nidd,2
s141165,non_causal,9,1.0,0.99986,6e-05,fiveg_nidd,2
s141165,non_causal,3,0.0,0.99992,0.0,fiveg_nidd,2
s141165,non_causal,3,0.25,0.99992,0.0,fiveg_nidd,2
s141165,non_causal,3,0.5,0.99992,0.0,fiveg_nidd,2
s141165,non_causal,3,0.75,0.99992,0.0,fiveg_nidd,2
s141165,non_causal,3,1.0,0.99992,0.0,fiveg_nidd,2
s141924,causal,8,0.0,0.9842,0.0,fiveg_nidd,2
s141924,causal,8,0.25,0.87338,0.11082,fiveg_nidd,2
s141924,causal,8,0.5,0.87338,0.11082,fiveg_nidd,2
s141924,causal,8,0.75,0.87338,0.11082,fiveg_nidd,2
s141924,causal,8,1.0,0.87338,0.11082,fiveg_nidd,2
s141924,causal,29,0.0,0.9842,0.0,fiveg_nidd,2
s141924,causal,29,0.25,0.98416,4e-05,fiveg_nidd,2
s141924,causal,29,0.5,0.6957,0.2885,fiveg_nidd,2
s141924,causal,29,0.75,0.6957,0.2885,fiveg_nidd,2
s141924,causal,29,1.0,0.6957,0.2885,fiveg_nidd,2
s141924,causal,30,0.0,0.9842,0.0,fiveg_nidd,2
s141924,causal,30,0.25,0.36256,0.62164,fiveg_nidd,2
s141924,causal,30,0.5,0.36256,0.62164,fiveg_nidd,2
s141924,causal,30,0.75,0.36256,0.62164,fiveg_nidd,2
s141924,causal,30,1.0,0.36256,0.62164,fiveg_nidd,2
s141924,causal,40,0.0,0.9842,0.0,fiveg_nidd,2
s141924,causal,40,0.25,0.68811,0.29609,fiveg_nidd,2
s141924,causal,40,0.5,0.00846,0.97574,fiveg_nidd,2
s141924,causal,40,0.75,0.00086,0.98333,fiveg_nidd,2
s141924,causal,40,1.0,0.00086,0.98333,fiveg_nidd,2
s141924,non_causal,5,0.0,0.9842,0.0,fiveg_nidd,2
s141924,non_causal,5,0.25,0.9842,0.0,fiveg_nidd,2
s141924,non_causal,5,0.5,0.9842,0.0,fiveg_nidd,2
s141924,non_causal,5,0.75,0.9842,0.0,fiveg_nidd,2
s141924,non_causal,5,1.0,0.9842,0.0,fiveg_nidd,2
s141924,non_causal,34,0.0,0.9842,0.0,fiveg_nidd,2
s141924,non_causal,34,0.25,0.9842,0.0,fiveg_nidd,2
s141924,non_causal,34,0.5,0.9842,0.0,fiveg_nidd,2
s141924,non_causal,34,0.75,0.9842,0.0,fiveg_nidd,2
s141924,non_causal,34,1.0,0.9842,0.0,fiveg_nidd,2
s141924,non_causal,19,0.0,0.9842,0.0,fiveg_nidd,2
s141924,non_causal,19,0.25,0.98461,-0.00041,fiveg_nidd,2
s141924,non_causal,19,0.5,0.98461,-0.00041,fiveg_nidd,2
s141924,non_causal,19,0.75,0.98461,-0.00041,fiveg_nidd,2
s141924,non_causal,19,1.0,0.98461,-0.00041,fiveg_nidd,2
s332875,causal,8,0.0,0.99996,0.0,fiveg_nidd,2
s332875,causal,8,0.25,0.97539,0.02457,fiveg_nidd,2
s332875,causal,8,0.5,0.97539,0.02457,fiveg_nidd,2
s332875,causal,8,0.75,0.97539,0.02457,fiveg_nidd,2
s332875,causal,8,1.0,0.97539,0.02457,fiveg_nidd,2
s332875,causal,40,0.0,0.99996,0.0,fiveg_nidd,2
s332875,causal,40,0.25,0.99995,1e-05,fiveg_nidd,2
s332875,causal,40,0.5,0.99995,1e-05,fiveg_nidd,2
s332875,causal,40,0.75,0.99315,0.00682,fiveg_nidd,2
s332875,causal,40,1.0,0.99315,0.00682,fiveg_nidd,2
s332875,causal,32,0.0,0.99996,0.0,fiveg_nidd,2
s332875,causal,32,0.25,0.99832,0.00164,fiveg_nidd,2
s332875,causal,32,0.5,0.99832,0.00164,fiveg_nidd,2
s332875,causal,32,0.75,0.99832,0.00164,fiveg_nidd,2
s332875,causal,32,1.0,0.99832,0.00164,fiveg_nidd,2
s332875,non_causal,22,0.0,0.99996,0.0,fiveg_nidd,2
s332875,non_causal,22,0.25,0.99996,0.0,fiveg_nidd,2
s332875,non_causal,22,0.5,0.99996,0.0,fiveg_nidd,2
s332875,non_causal,22,0.75,0.99996,0.0,fiveg_nidd,2
s332875,non_causal,22,1.0,0.99996,0.0,fiveg_nidd,2
s332875,non_causal,7,0.0,0.99996,0.0,fiveg_nidd,2
s332875,non_causal,7,0.25,0.99996,0.0,fiveg_nidd,2
s332875,non_causal,7,0.5,0.99996,0.0,fiveg_nidd,2
s332875,non_causal,7,0.75,0.99996,0.0,fiveg_nidd,2
s332875,non_causal,7,1.0,0.99996,0.0,fiveg_nidd,2
s332875,non_causal,31,0.0,0.99996,0.0,fiveg_nidd,2
s332875,non_causal,31,0.25,0.99996,0.0,fiveg_nidd,2
s332875,non_causal,31,0.5,0.99996,0.0,fiveg_nidd,2
s332875,non_causal,31,0.75,0.99996,0.0,fiveg_nidd,2
s332875,non_causal,31,1.0,0.99996,0.0,fiveg_nidd,2
s336368,causal,8,0.0,0.99996,0.0,fiveg_nidd,3
s336368,causal,8,0.25,0.44386,0.5561,fiveg_nidd,3
s336368,causal,8,0.5,0.44386,0.5561,fiveg_nidd,3
s336368,causal,8,0.75,0.44386,0.5561,fiveg_nidd,3
s336368,causal,8,1.0,0.44386,0.5561,fiveg_nidd,3
s336368,causal,32,0.0,0.99996,0.0,fiveg_nidd,3
s336368,causal,32,0.25,0.74298,0.25698,fiveg_nidd,3
s336368,causal,32,0.5,0.74298,0.25698,fiveg_nidd,3
s336368,causal,32,0.75,0.74298,0.25698,fiveg_nidd,3
s336368,causal,32,1.0,0.74298,0.25698,fiveg_nidd,3
s336368,non_causal,24,0.0,0.99996,0.0,fiveg_nidd,3
s336368,non_causal,24,0.25,0.99996,0.0,fiveg_nidd,3
s336368,non_causal,24,0.5,0.99996,0.0,fiveg_nidd,3
s336368,non_causal,24,0.75,0.99996,0.0,fiveg_nidd,3
s336368,non_causal,24,1.0,0.99996,0.0,fiveg_nidd,3
s336368,non_causal,34,0.0,0.99996,0.0,fiveg_nidd,3
s336368,non_causal,34,0.25,0.99996,0.0,fiveg_nidd,3
s336368,non_causal,34,0.5,0.99996,0.0,fiveg_nidd,3
s336368,non_causal,34,0.75,0.99996,0.0,fiveg_nidd,3
s336368,non_causal,34,1.0,0.99996,0.0,fiveg_nidd,3
s336368,non_causal,31,0.0,0.99996,0.0,fiveg_nidd,3
s336368,non_causal,31,0.25,0.99996,0.0,fiveg_nidd,3
s336368,non_causal,31,0.5,0.99996,0.0,fiveg_nidd,3
s336368,non_causal,31,0.75,0.99996,0.0,fiveg_nidd,3
s336368,non_causal,31,1.0,0.99996,0.0,fiveg_nidd,3
s342522,causal,0,0.0,0.95151,0.0,fiveg_nidd,3
s342522,causal,0,0.25,0.95152,-1e-05,fiveg_nidd,3
s342522,causal,0,0.5,0.94577,0.00574,fiveg_nidd,3
s342522,causal,0,0.75,0.86111,0.0904,fiveg_nidd,3
s342522,causal,0,1.0,0.86088,0.09063,fiveg_nidd,3
s342522,causal,8,0.0,0.95151,0.0,fiveg_nidd,3
s342522,causal,8,0.25,0.08016,0.87135,fiveg_nidd,3
s342522,causal,8,0.5,0.08016,0.87135,fiveg_nidd,3
s342522,causal,8,0.75,0.08016,0.87135,fiveg_nidd,3
s342522,causal,8,1.0,0.08016,0.87135,fiveg_nidd,3
s342522,causal,29,0.0,0.95151,0.0,fiveg_nidd,3
s342522,causal,29,0.25,0.52293,0.42858,fiveg_nidd,3
s342522,causal,29,0.5,0.53272,0.41879,fiveg_nidd,3
s342522,causal,29,0.75,0.53272,0.41879,fiveg_nidd,3
s342522,causal,29,1.0,0.53272,0.41879,fiveg_nidd,3
s342522,causal,31,0.0,0.95151,0.0,fiveg_nidd,3
s342522,causal,31,0.25,0.87725,0.07426,fiveg_nidd,3
s342522,causal,31,0.5,0.87725,0.07426,fiveg_nidd,3
s342522,causal,31,0.75,0.87725,0.07426,fiveg_nidd,3
s342522,causal,31,1.0,0.87725,0.07426,fiveg_nidd,3
s342522,causal,32,0.0,0.95151,0.0,fiveg_nidd,3
s342522,causal,32,0.25,0.39929,0.55222,fiveg_nidd,3
s342522,causal,32,0.5,0.39929,0.55222,fiveg_nidd,3
s342522,causal,32,0.75,0.39929,0.55222,fiveg_nidd,3
s342522,causal,32,1.0,0.39929,0.55222,fiveg_nidd,3
s342522,causal,40,0.0,0.95151,0.0,fiveg_nidd,3
s342522,causal,40,0.25,0.64485,0.30666,fiveg_nidd,3
s342522,causal,40,0.5,0.04672,0.90479,fiveg_nidd,3
s342522,causal,40,0.75,0.04672,0.90479,fiveg_nidd,3
s342522,causal,40,1.0,0.04672,0.90479,fiveg_nidd,3
s342522,non_causal,30,0.0,0.95151,0.0,fiveg_nidd,3
s342522,non_causal,30,0.25,0.93312,0.01839,fiveg_nidd,3
s342522,non_causal,30,0.5,0.93312,0.01839,fiveg_nidd,3
s342522,non_causal,30,0.75,0.93312,0.01839,fiveg_nidd,3
s342522,non_causal,30,1.0,0.93312,0.01839,fiveg_nidd,3
s342522,non_causal,10,0.0,0.95151,0.0,fiveg_nidd,3
s342522,non_causal,10,0.25,0.95151,0.0,fiveg_nidd,3
s342522,non_causal,10,0.5,0.95151,0.0,fiveg_nidd,3
s342522,non_causal,10,0.75,0.95151,0.0,fiveg_nidd,3
s342522,non_causal,10,1.0,0.95151,0.0,fiveg_nidd,3
s342522,non_causal,1,0.0,0.95151,0.0,fiveg_nidd,3
s342522,non_causal,1,0.25,0.95151,0.0,fiveg_nidd,3
s342522,non_causal,1,0.5,0.95151,0.0,fiveg_nidd,3
s342522,non_causal,1,0.75,0.95151,0.0,fiveg_nidd,3
s342522,non_causal,1,1.0,0.95151,0.0,fiveg_nidd,3
s122676,causal,8,0.0,0.99994,0.0,fiveg_nidd,3
s122676,causal,8,0.25,0.40993,0.59001,fiveg_nidd,3
s122676,causal,8,0.5,0.40993,0.59001,fiveg_nidd,3
s122676,causal,8,0.75,0.40993,0.59001,fiveg_nidd,3
s122676,causal,8,1.0,0.40993,0.59001,fiveg_nidd,3
s122676,causal,32,0.0,0.99994,0.0,fiveg_nidd,3
s122676,causal,32,0.25,0.08327,0.91667,fiveg_nidd,3
s122676,causal,32,0.5,0.08319,0.91675,fiveg_nidd,3
s122676,causal,32,0.75,0.08319,0.91675,fiveg_nidd,3
s122676,causal,32,1.0,0.08319,0.91675,fiveg_nidd,3
s122676,non_causal,26,0.0,0.99994,0.0,fiveg_nidd,3
s122676,non_causal,26,0.25,0.99994,0.0,fiveg_nidd,3
s122676,non_causal,26,0.5,0.99994,0.0,fiveg_nidd,3
s122676,non_causal,26,0.75,0.99994,0.0,fiveg_nidd,3
s122676,non_causal,26,1.0,0.99994,0.0,fiveg_nidd,3
s122676,non_causal,31,0.0,0.99994,0.0,fiveg_nidd,3
s122676,non_causal,31,0.25,0.99988,6e-05,fiveg_nidd,3
s122676,non_causal,31,0.5,0.99988,6e-05,fiveg_nidd,3
s122676,non_causal,31,0.75,0.99988,6e-05,fiveg_nidd,3
s122676,non_causal,31,1.0,0.99988,6e-05,fiveg_nidd,3
s122676,non_causal,27,0.0,0.99994,0.0,fiveg_nidd,3
s122676,non_causal,27,0.25,0.99994,0.0,fiveg_nidd,3
s122676,non_causal,27,0.5,0.99994,0.0,fiveg_nidd,3
s122676,non_causal,27,0.75,0.99994,0.0,fiveg_nidd,3
s122676,non_causal,27,1.0,0.99994,0.0,fiveg_nidd,3
s297455,causal,0,0.0,0.62598,0.0,fiveg_nidd,3
s297455,causal,0,0.25,0.62599,-1e-05,fiveg_nidd,3
s297455,causal,0,0.5,0.62055,0.00544,fiveg_nidd,3
s297455,causal,0,0.75,0.37514,0.25085,fiveg_nidd,3
s297455,causal,0,1.0,0.375,0.25098,fiveg_nidd,3
s297455,causal,8,0.0,0.62598,0.0,fiveg_nidd,3
s297455,causal,8,0.25,0.09603,0.52996,fiveg_nidd,3
s297455,causal,8,0.5,0.09603,0.52996,fiveg_nidd,3
s297455,causal,8,0.75,0.09603,0.52996,fiveg_nidd,3
s297455,causal,8,1.0,0.09603,0.52996,fiveg_nidd,3
s297455,causal,9,0.0,0.62598,0.0,fiveg_nidd,3
s297455,causal,9,0.25,0.47961,0.14637,fiveg_nidd,3
s297455,causal,9,0.5,0.47961,0.14637,fiveg_nidd,3
s297455,causal,9,0.75,0.47961,0.14637,fiveg_nidd,3
s297455,causal,9,1.0,0.47961,0.14637,fiveg_nidd,3
s297455,causal,16,0.0,0.62598,0.0,fiveg_nidd,3
s297455,causal,16,0.25,0.47444,0.15154,fiveg_nidd,3
s297455,causal,16,0.5,0.47444,0.15154,fiveg_nidd,3
s297455,causal,16,0.75,0.47444,0.15154,fiveg_nidd,3
s297455,causal,16,1.0,0.47444,0.15154,fiveg_nidd,3
s297455,causal,29,0.0,0.62598,0.0,fiveg_nidd,3
s297455,causal,29,0.25,0.23804,0.38794,fiveg_nidd,3
s297455,causal,29,0.5,0.24422,0.38177,fiveg_nidd,3
s297455,causal,29,0.75,0.24422,0.38177,fiveg_nidd,3
s297455,causal,29,1.0,0.24422,0.38177,fiveg_nidd,3
s297455,causal,30,0.0,0.62598,0.0,fiveg_nidd,3
s297455,causal,30,0.25,0.44359,0.1824,fiveg_nidd,3
s297455,causal,30,0.5,0.44359,0.1824,fiveg_nidd,3
s297455,causal,30,0.75,0.44359,0.1824,fiveg_nidd,3
s297455,causal,30,1.0,0.44359,0.1824,fiveg_nidd,3
s297455,causal,31,0.0,0.62598,0.0,fiveg_nidd,3
s297455,causal,31,0.25,0.35474,0.27124,fiveg_nidd,3
s297455,causal,31,0.5,0.35474,0.27124,fiveg_nidd,3
s297455,causal,31,0.75,0.35474,0.27124,fiveg_nidd,3
s297455,causal,31,1.0,0.35474,0.27124,fiveg_nidd,3
s297455,causal,32,0.0,0.62598,0.0,fiveg_nidd,3
s297455,causal,32,0.25,0.20788,0.4181,fiveg_nidd,3
s297455,causal,32,0.5,0.20788,0.4181,fiveg_nidd,3
s297455,causal,32,0.75,0.20788,0.4181,fiveg_nidd,3
s297455,causal,32,1.0,0.20788,0.4181,fiveg_nidd,3
s297455,causal,37,0.0,0.62598,0.0,fiveg_nidd,3
s297455,causal,37,0.25,0.67144,-0.04546,fiveg_nidd,3
s297455,causal,37,0.5,0.75842,-0.13243,fiveg_nidd,3
s297455,causal,37,0.75,0.7504,-0.12441,fiveg_nidd,3
s297455,causal,37,1.0,0.57218,0.0538,fiveg_nidd,3
s297455,causal,38,0.0,0.62598,0.0,fiveg_nidd,3
s297455,causal,38,0.25,0.21585,0.41014,fiveg_nidd,3
s297455,causal,38,0.5,0.21585,0.41014,fiveg_nidd,3
s297455,causal,38,0.75,0.21585,0.41014,fiveg_nidd,3
s297455,causal,38,1.0,0.21585,0.41014,fiveg_nidd,3
s297455,causal,40,0.0,0.62598,0.0,fiveg_nidd,3
s297455,causal,40,0.25,0.01098,0.615,fiveg_nidd,3
s297455,causal,40,0.5,0.01098,0.615,fiveg_nidd,3
s297455,causal,40,0.75,0.01098,0.615,fiveg_nidd,3
s297455,causal,40,1.0,0.01098,0.615,fiveg_nidd,3
s297455,non_causal,1,0.0,0.62598,0.0,fiveg_nidd,3
s297455,non_causal,1,0.25,0.62598,0.0,fiveg_nidd,3
s297455,non_causal,1,0.5,0.62598,0.0,fiveg_nidd,3
s297455,non_causal,1,0.75,0.62598,0.0,fiveg_nidd,3
s297455,non_causal,1,1.0,0.62598,0.0,fiveg_nidd,3
s297455,non_causal,7,0.0,0.62598,0.0,fiveg_nidd,3
s297455,non_causal,7,0.25,0.62598,0.0,fiveg_nidd,3
s297455,non_causal,7,0.5,0.62598,0.0,fiveg_nidd,3
s297455,non_causal,7,0.75,0.62598,0.0,fiveg_nidd,3
s297455,non_causal,7,1.0,0.62598,0.0,fiveg_nidd,3
s297455,non_causal,26,0.0,0.62598,0.0,fiveg_nidd,3
s297455,non_causal,26,0.25,0.62598,0.0,fiveg_nidd,3
s297455,non_causal,26,0.5,0.62598,0.0,fiveg_nidd,3
s297455,non_causal,26,0.75,0.62598,0.0,fiveg_nidd,3
s297455,non_causal,26,1.0,0.62598,0.0,fiveg_nidd,3
s122444,causal,8,0.0,0.99995,0.0,fiveg_nidd,3
s122444,causal,8,0.25,0.4123,0.58765,fiveg_nidd,3
s122444,causal,8,0.5,0.4123,0.58765,fiveg_nidd,3
s122444,causal,8,0.75,0.4123,0.58765,fiveg_nidd,3
s122444,causal,8,1.0,0.4123,0.58765,fiveg_nidd,3
s122444,causal,32,0.0,0.99995,0.0,fiveg_nidd,3
s122444,causal,32,0.25,0.00017,0.99978,fiveg_nidd,3
s122444,causal,32,0.5,0.00017,0.99978,fiveg_nidd,3
s122444,causal,32,0.75,0.00017,0.99978,fiveg_nidd,3
s122444,causal,32,1.0,0.00017,0.99978,fiveg_nidd,3
s122444,non_causal,25,0.0,0.99995,0.0,fiveg_nidd,3
s122444,non_causal,25,0.25,0.99995,0.0,fiveg_nidd,3
s122444,non_causal,25,0.5,0.99995,0.0,fiveg_nidd,3
s122444,non_causal,25,0.75,0.99995,0.0,fiveg_nidd,3
s122444,non_causal,25,1.0,0.99995,0.0,fiveg_nidd,3
s122444,non_causal,34,0.0,0.99995,0.0,fiveg_nidd,3
s122444,non_causal,34,0.25,0.99995,0.0,fiveg_nidd,3
s122444,non_causal,34,0.5,0.99995,0.0,fiveg_nidd,3
s122444,non_causal,34,0.75,0.99995,0.0,fiveg_nidd,3
s122444,non_causal,34,1.0,0.99995,0.0,fiveg_nidd,3
s122444,non_causal,17,0.0,0.99995,0.0,fiveg_nidd,3
s122444,non_causal,17,0.25,0.99995,-0.0,fiveg_nidd,3
s122444,non_causal,17,0.5,0.99995,-0.0,fiveg_nidd,3
s122444,non_causal,17,0.75,0.99995,-0.0,fiveg_nidd,3
s122444,non_causal,17,1.0,0.99995,-0.0,fiveg_nidd,3
s321468,causal,8,0.0,0.99995,0.0,fiveg_nidd,3
s321468,causal,8,0.25,0.42132,0.57862,fiveg_nidd,3
s321468,causal,8,0.5,0.42132,0.57862,fiveg_nidd,3
s321468,causal,8,0.75,0.42132,0.57862,fiveg_nidd,3
s321468,causal,8,1.0,0.42132,0.57862,fiveg_nidd,3
s321468,causal,32,0.0,0.99995,0.0,fiveg_nidd,3
s321468,causal,32,0.25,0.09729,0.90266,fiveg_nidd,3
s321468,causal,32,0.5,0.09717,0.90277,fiveg_nidd,3
s321468,causal,32,0.75,0.09717,0.90277,fiveg_nidd,3
s321468,causal,32,1.0,0.09717,0.90277,fiveg_nidd,3
s321468,non_causal,7,0.0,0.99995,0.0,fiveg_nidd,3
s321468,non_causal,7,0.25,0.99995,0.0,fiveg_nidd,3
s321468,non_causal,7,0.5,0.99995,0.0,fiveg_nidd,3
s321468,non_causal,7,0.75,0.99995,0.0,fiveg_nidd,3
s321468,non_causal,7,1.0,0.99995,0.0,fiveg_nidd,3
s321468,non_causal,9,0.0,0.99995,0.0,fiveg_nidd,3
s321468,non_causal,9,0.25,0.99986,9e-05,fiveg_nidd,3
s321468,non_causal,9,0.5,0.99986,9e-05,fiveg_nidd,3
s321468,non_causal,9,0.75,0.99986,9e-05,fiveg_nidd,3
s321468,non_causal,9,1.0,0.99986,9e-05,fiveg_nidd,3
s321468,non_causal,19,0.0,0.99995,0.0,fiveg_nidd,3
s321468,non_causal,19,0.25,0.99995,0.0,fiveg_nidd,3
s321468,non_causal,19,0.5,0.99995,0.0,fiveg_nidd,3
s321468,non_causal,19,0.75,0.99995,0.0,fiveg_nidd,3
s321468,non_causal,19,1.0,0.99995,0.0,fiveg_nidd,3
s323245,causal,8,0.0,0.99997,0.0,fiveg_nidd,3
s323245,causal,8,0.25,0.45258,0.54739,fiveg_nidd,3
s323245,causal,8,0.5,0.45258,0.54739,fiveg_nidd,3
s323245,causal,8,0.75,0.45258,0.54739,fiveg_nidd,3
s323245,causal,8,1.0,0.45258,0.54739,fiveg_nidd,3
s323245,causal,32,0.0,0.99997,0.0,fiveg_nidd,3
s323245,causal,32,0.25,0.2105,0.78947,fiveg_nidd,3
s323245,causal,32,0.5,0.2105,0.78947,fiveg_nidd,3
s323245,causal,32,0.75,0.2105,0.78947,fiveg_nidd,3
s323245,causal,32,1.0,0.2105,0.78947,fiveg_nidd,3
s323245,non_causal,26,0.0,0.99997,0.0,fiveg_nidd,3
s323245,non_causal,26,0.25,0.99997,0.0,fiveg_nidd,3
s323245,non_causal,26,0.5,0.99997,0.0,fiveg_nidd,3
s323245,non_causal,26,0.75,0.99997,0.0,fiveg_nidd,3
s323245,non_causal,26,1.0,0.99997,0.0,fiveg_nidd,3
s323245,non_causal,39,0.0,0.99997,0.0,fiveg_nidd,3
s323245,non_causal,39,0.25,0.99997,0.0,fiveg_nidd,3
s323245,non_causal,39,0.5,0.99997,0.0,fiveg_nidd,3
s323245,non_causal,39,0.75,0.99997,0.0,fiveg_nidd,3
s323245,non_causal,39,1.0,0.99997,0.0,fiveg_nidd,3
s323245,non_causal,21,0.0,0.99997,0.0,fiveg_nidd,3
s323245,non_causal,21,0.25,0.99997,0.0,fiveg_nidd,3
s323245,non_causal,21,0.5,0.99997,0.0,fiveg_nidd,3
s323245,non_causal,21,0.75,0.99997,0.0,fiveg_nidd,3
s323245,non_causal,21,1.0,0.99997,0.0,fiveg_nidd,3
s160627,causal,8,0.0,0.99997,0.0,fiveg_nidd,3
s160627,causal,8,0.25,0.48563,0.51434,fiveg_nidd,3
s160627,causal,8,0.5,0.48563,0.51434,fiveg_nidd,3
s160627,causal,8,0.75,0.48563,0.51434,fiveg_nidd,3
s160627,causal,8,1.0,0.48563,0.51434,fiveg_nidd,3
s160627,causal,32,0.0,0.99997,0.0,fiveg_nidd,3
s160627,causal,32,0.25,0.0021,0.99787,fiveg_nidd,3
s160627,causal,32,0.5,0.0021,0.99787,fiveg_nidd,3
s160627,causal,32,0.75,0.0021,0.99787,fiveg_nidd,3
s160627,causal,32,1.0,0.0021,0.99787,fiveg_nidd,3
s160627,non_causal,6,0.0,0.99997,0.0,fiveg_nidd,3
s160627,non_causal,6,0.25,0.99997,0.0,fiveg_nidd,3
s160627,non_causal,6,0.5,0.99997,0.0,fiveg_nidd,3
s160627,non_causal,6,0.75,0.99997,0.0,fiveg_nidd,3
s160627,non_causal,6,1.0,0.99997,0.0,fiveg_nidd,3
s160627,non_causal,26,0.0,0.99997,0.0,fiveg_nidd,3
s160627,non_causal,26,0.25,0.99997,0.0,fiveg_nidd,3
s160627,non_causal,26,0.5,0.99997,0.0,fiveg_nidd,3
s160627,non_causal,26,0.75,0.99997,0.0,fiveg_nidd,3
s160627,non_causal,26,1.0,0.99997,0.0,fiveg_nidd,3
s160627,non_causal,3,0.0,0.99997,0.0,fiveg_nidd,3
s160627,non_causal,3,0.25,0.99997,0.0,fiveg_nidd,3
s160627,non_causal,3,0.5,0.99997,0.0,fiveg_nidd,3
s160627,non_causal,3,0.75,0.99997,0.0,fiveg_nidd,3
s160627,non_causal,3,1.0,0.99997,0.0,fiveg_nidd,3
s166277,causal,8,0.0,0.99997,0.0,fiveg_nidd,3
s166277,causal,8,0.25,0.43895,0.56102,fiveg_nidd,3
s166277,causal,8,0.5,0.43895,0.56102,fiveg_nidd,3
s166277,causal,8,0.75,0.43895,0.56102,fiveg_nidd,3
s166277,causal,8,1.0,0.43895,0.56102,fiveg_nidd,3
s166277,causal,32,0.0,0.99997,0.0,fiveg_nidd,3
s166277,causal,32,0.25,0.38598,0.61399,fiveg_nidd,3
s166277,causal,32,0.5,0.38598,0.61399,fiveg_nidd,3
s166277,causal,32,0.75,0.38598,0.61399,fiveg_nidd,3
s166277,causal,32,1.0,0.38598,0.61399,fiveg_nidd,3
s166277,non_causal,5,0.0,0.99997,0.0,fiveg_nidd,3
s166277,non_causal,5,0.25,0.99997,0.0,fiveg_nidd,3
s166277,non_causal,5,0.5,0.99997,0.0,fiveg_nidd,3
s166277,non_causal,5,0.75,0.99997,0.0,fiveg_nidd,3
s166277,non_causal,5,1.0,0.99997,0.0,fiveg_nidd,3
s166277,non_causal,31,0.0,0.99997,0.0,fiveg_nidd,3
s166277,non_causal,31,0.25,0.99997,0.0,fiveg_nidd,3
s166277,non_causal,31,0.5,0.99997,0.0,fiveg_nidd,3
s166277,non_causal,31,0.75,0.99997,0.0,fiveg_nidd,3
s166277,non_causal,31,1.0,0.99997,0.0,fiveg_nidd,3
s166277,non_causal,10,0.0,0.99997,0.0,fiveg_nidd,3
s166277,non_causal,10,0.25,0.99997,0.0,fiveg_nidd,3
s166277,non_causal,10,0.5,0.99997,0.0,fiveg_nidd,3
s166277,non_causal,10,0.75,0.99997,0.0,fiveg_nidd,3
s166277,non_causal,10,1.0,0.99997,0.0,fiveg_nidd,3
s296770,causal,8,0.0,0.99996,0.0,fiveg_nidd,3
s296770,causal,8,0.25,0.42394,0.57602,fiveg_nidd,3
s296770,causal,8,0.5,0.42394,0.57602,fiveg_nidd,3
s296770,causal,8,0.75,0.42394,0.57602,fiveg_nidd,3
s296770,causal,8,1.0,0.42394,0.57602,fiveg_nidd,3
s296770,causal,32,0.0,0.99996,0.0,fiveg_nidd,3
s296770,causal,32,0.25,0.00018,0.99978,fiveg_nidd,3
s296770,causal,32,0.5,0.00018,0.99978,fiveg_nidd,3
s296770,causal,32,0.75,0.00018,0.99978,fiveg_nidd,3
s296770,causal,32,1.0,0.00018,0.99978,fiveg_nidd,3
s296770,non_causal,11,0.0,0.99996,0.0,fiveg_nidd,3
s296770,non_causal,11,0.25,0.99996,0.0,fiveg_nidd,3
s296770,non_causal,11,0.5,0.99996,0.0,fiveg_nidd,3
s296770,non_causal,11,0.75,0.99996,0.0,fiveg_nidd,3
s296770,non_causal,11,1.0,0.99996,0.0,fiveg_nidd,3
s296770,non_causal,0,0.0,0.99996,0.0,fiveg_nidd,3
s296770,non_causal,0,0.25,0.99996,0.0,fiveg_nidd,3
s296770,non_causal,0,0.5,0.99996,0.0,fiveg_nidd,3
s296770,non_causal,0,0.75,0.99992,4e-05,fiveg_nidd,3
s296770,non_causal,0,1.0,0.99991,5e-05,fiveg_nidd,3
s296770,non_causal,22,0.0,0.99996,0.0,fiveg_nidd,3
s296770,non_causal,22,0.25,0.99996,0.0,fiveg_nidd,3
s296770,non_causal,22,0.5,0.99996,0.0,fiveg_nidd,3
s296770,non_causal,22,0.75,0.99996,0.0,fiveg_nidd,3
s296770,non_causal,22,1.0,0.99996,0.0,fiveg_nidd,3
s118592,causal,8,0.0,0.99997,0.0,fiveg_nidd,3
s118592,causal,8,0.25,0.39683,0.60314,fiveg_nidd,3
s118592,causal,8,0.5,0.39683,0.60314,fiveg_nidd,3
s118592,causal,8,0.75,0.39683,0.60314,fiveg_nidd,3
s118592,causal,8,1.0,0.39683,0.60314,fiveg_nidd,3
s118592,non_causal,15,0.0,0.99997,0.0,fiveg_nidd,3
s118592,non_causal,15,0.25,0.99997,0.0,fiveg_nidd,3
s118592,non_causal,15,0.5,0.99997,0.0,fiveg_nidd,3
s118592,non_causal,15,0.75,0.99997,0.0,fiveg_nidd,3
s118592,non_causal,15,1.0,0.99997,0.0,fiveg_nidd,3
s118592,non_causal,3,0.0,0.99997,0.0,fiveg_nidd,3
s118592,non_causal,3,0.25,0.99997,0.0,fiveg_nidd,3
s118592,non_causal,3,0.5,0.99997,0.0,fiveg_nidd,3
s118592,non_causal,3,0.75,0.99997,0.0,fiveg_nidd,3
s118592,non_causal,3,1.0,0.99997,0.0,fiveg_nidd,3
s118592,non_causal,11,0.0,0.99997,0.0,fiveg_nidd,3
s118592,non_causal,11,0.25,0.99997,0.0,fiveg_nidd,3
s118592,non_causal,11,0.5,0.99997,0.0,fiveg_nidd,3
s118592,non_causal,11,0.75,0.99997,0.0,fiveg_nidd,3
s118592,non_causal,11,1.0,0.99997,0.0,fiveg_nidd,3
s122811,causal,8,0.0,0.99997,0.0,fiveg_nidd,3
s122811,causal,8,0.25,0.41995,0.58002,fiveg_nidd,3
s122811,causal,8,0.5,0.41995,0.58002,fiveg_nidd,3
s122811,causal,8,0.75,0.41995,0.58002,fiveg_nidd,3
s122811,causal,8,1.0,0.41995,0.58002,fiveg_nidd,3
s122811,causal,32,0.0,0.99997,0.0,fiveg_nidd,3
s122811,causal,32,0.25,0.89531,0.10466,fiveg_nidd,3
s122811,causal,32,0.5,0.89531,0.10466,fiveg_nidd,3
s122811,causal,32,0.75,0.89531,0.10466,fiveg_nidd,3
s122811,causal,32,1.0,0.89531,0.10466,fiveg_nidd,3
s122811,non_causal,10,0.0,0.99997,0.0,fiveg_nidd,3
s122811,non_causal,10,0.25,0.99997,0.0,fiveg_nidd,3
s122811,non_causal,10,0.5,0.99997,0.0,fiveg_nidd,3
s122811,non_causal,10,0.75,0.99997,0.0,fiveg_nidd,3
s122811,non_causal,10,1.0,0.99997,0.0,fiveg_nidd,3
s122811,non_causal,3,0.0,0.99997,0.0,fiveg_nidd,3
s122811,non_causal,3,0.25,0.99997,0.0,fiveg_nidd,3
s122811,non_causal,3,0.5,0.99997,0.0,fiveg_nidd,3
s122811,non_causal,3,0.75,0.99997,0.0,fiveg_nidd,3
s122811,non_causal,3,1.0,0.99997,0.0,fiveg_nidd,3
s122811,non_causal,33,0.0,0.99997,0.0,fiveg_nidd,3
s122811,non_causal,33,0.25,0.99996,1e-05,fiveg_nidd,3
s122811,non_causal,33,0.5,0.99996,1e-05,fiveg_nidd,3
s122811,non_causal,33,0.75,0.99996,1e-05,fiveg_nidd,3
s122811,non_causal,33,1.0,0.99996,1e-05,fiveg_nidd,3
s164869,causal,8,0.0,0.99997,0.0,fiveg_nidd,3
s164869,causal,8,0.25,0.47256,0.52741,fiveg_nidd,3
s164869,causal,8,0.5,0.47256,0.52741,fiveg_nidd,3
s164869,causal,8,0.75,0.47256,0.52741,fiveg_nidd,3
s164869,causal,8,1.0,0.47256,0.52741,fiveg_nidd,3
s164869,non_causal,0,0.0,0.99997,0.0,fiveg_nidd,3
s164869,non_causal,0,0.25,0.99997,-0.0,fiveg_nidd,3
s164869,non_causal,0,0.5,0.99997,-0.0,fiveg_nidd,3
s164869,non_causal,0,0.75,0.99996,0.0,fiveg_nidd,3
s164869,non_causal,0,1.0,0.99996,0.0,fiveg_nidd,3
s164869,non_causal,33,0.0,0.99997,0.0,fiveg_nidd,3
s164869,non_causal,33,0.25,0.99996,1e-05,fiveg_nidd,3
s164869,non_causal,33,0.5,0.99996,1e-05,fiveg_nidd,3
s164869,non_causal,33,0.75,0.99996,1e-05,fiveg_nidd,3
s164869,non_causal,33,1.0,0.99996,1e-05,fiveg_nidd,3
s164869,non_causal,7,0.0,0.99997,0.0,fiveg_nidd,3
s164869,non_causal,7,0.25,0.99997,0.0,fiveg_nidd,3
s164869,non_causal,7,0.5,0.99997,0.0,fiveg_nidd,3
s164869,non_causal,7,0.75,0.99997,0.0,fiveg_nidd,3
s164869,non_causal,7,1.0,0.99997,0.0,fiveg_nidd,3
s164710,causal,8,0.0,0.99996,0.0,fiveg_nidd,3
s164710,causal,8,0.25,0.43714,0.56282,fiveg_nidd,3
s164710,causal,8,0.5,0.43714,0.56282,fiveg_nidd,3
s164710,causal,8,0.75,0.43714,0.56282,fiveg_nidd,3
s164710,causal,8,1.0,0.43714,0.56282,fiveg_nidd,3
s164710,causal,32,0.0,0.99996,0.0,fiveg_nidd,3
s164710,causal,32,0.25,0.14311,0.85685,fiveg_nidd,3
s164710,causal,32,0.5,0.14311,0.85685,fiveg_nidd,3
s164710,causal,32,0.75,0.14311,0.85685,fiveg_nidd,3
s164710,causal,32,1.0,0.14311,0.85685,fiveg_nidd,3
s164710,non_causal,4,0.0,0.99996,0.0,fiveg_nidd,3
s164710,non_causal,4,0.25,0.99996,0.0,fiveg_nidd,3
s164710,non_causal,4,0.5,0.99996,0.0,fiveg_nidd,3
s164710,non_causal,4,0.75,0.99996,0.0,fiveg_nidd,3
s164710,non_causal,4,1.0,0.99996,0.0,fiveg_nidd,3
s164710,non_causal,30,0.0,0.99996,0.0,fiveg_nidd,3
s164710,non_causal,30,0.25,0.9998,0.00017,fiveg_nidd,3
s164710,non_causal,30,0.5,0.9998,0.00017,fiveg_nidd,3
s164710,non_causal,30,0.75,0.9998,0.00017,fiveg_nidd,3
s164710,non_causal,30,1.0,0.9998,0.00017,fiveg_nidd,3
s164710,non_causal,6,0.0,0.99996,0.0,fiveg_nidd,3
s164710,non_causal,6,0.25,0.99996,0.0,fiveg_nidd,3
s164710,non_causal,6,0.5,0.99996,0.0,fiveg_nidd,3
s164710,non_causal,6,0.75,0.99996,0.0,fiveg_nidd,3
s164710,non_causal,6,1.0,0.99996,0.0,fiveg_nidd,3
s119464,causal,8,0.0,0.99997,0.0,fiveg_nidd,3
s119464,causal,8,0.25,0.42586,0.57411,fiveg_nidd,3
s119464,causal,8,0.5,0.42586,0.57411,fiveg_nidd,3
s119464,causal,8,0.75,0.42586,0.57411,fiveg_nidd,3
s119464,causal,8,1.0,0.42586,0.57411,fiveg_nidd,3
s119464,non_causal,37,0.0,0.99997,0.0,fiveg_nidd,3
s119464,non_causal,37,0.25,0.99997,0.0,fiveg_nidd,3
s119464,non_causal,37,0.5,0.99998,-1e-05,fiveg_nidd,3
s119464,non_causal,37,0.75,0.99998,-1e-05,fiveg_nidd,3
s119464,non_causal,37,1.0,0.99998,-1e-05,fiveg_nidd,3
s119464,non_causal,23,0.0,0.99997,0.0,fiveg_nidd,3
s119464,non_causal,23,0.25,0.99997,0.0,fiveg_nidd,3
s119464,non_causal,23,0.5,0.99997,0.0,fiveg_nidd,3
s119464,non_causal,23,0.75,0.99997,0.0,fiveg_nidd,3
s119464,non_causal,23,1.0,0.99997,0.0,fiveg_nidd,3
s119464,non_causal,2,0.0,0.99997,0.0,fiveg_nidd,3
s119464,non_causal,2,0.25,0.99997,0.0,fiveg_nidd,3
s119464,non_causal,2,0.5,0.99997,0.0,fiveg_nidd,3
s119464,non_causal,2,0.75,0.99997,0.0,fiveg_nidd,3
s119464,non_causal,2,1.0,0.99997,0.0,fiveg_nidd,3
s301428,causal,8,0.0,0.99998,0.0,fiveg_nidd,3
s301428,causal,8,0.25,0.45554,0.54444,fiveg_nidd,3
s301428,causal,8,0.5,0.45554,0.54444,fiveg_nidd,3
s301428,causal,8,0.75,0.45554,0.54444,fiveg_nidd,3
s301428,causal,8,1.0,0.45554,0.54444,fiveg_nidd,3
s301428,causal,32,0.0,0.99998,0.0,fiveg_nidd,3
s301428,causal,32,0.25,0.54097,0.45901,fiveg_nidd,3
s301428,causal,32,0.5,0.54097,0.45901,fiveg_nidd,3
s301428,causal,32,0.75,0.54097,0.45901,fiveg_nidd,3
s301428,causal,32,1.0,0.54097,0.45901,fiveg_nidd,3
s301428,non_causal,37,0.0,0.99998,0.0,fiveg_nidd,3
s301428,non_causal,37,0.25,0.99998,0.0,fiveg_nidd,3
s301428,non_causal,37,0.5,0.99998,0.0,fiveg_nidd,3
s301428,non_causal,37,0.75,0.99998,0.0,fiveg_nidd,3
s301428,non_causal,37,1.0,0.99998,0.0,fiveg_nidd,3
s301428,non_causal,23,0.0,0.99998,0.0,fiveg_nidd,3
s301428,non_causal,23,0.25,0.99998,0.0,fiveg_nidd,3
s301428,non_causal,23,0.5,0.99998,0.0,fiveg_nidd,3
s301428,non_causal,23,0.75,0.99998,0.0,fiveg_nidd,3
s301428,non_causal,23,1.0,0.99998,0.0,fiveg_nidd,3
s301428,non_causal,40,0.0,0.99998,0.0,fiveg_nidd,3
s301428,non_causal,40,0.25,0.99995,3e-05,fiveg_nidd,3
s301428,non_causal,40,0.5,0.99588,0.0041,fiveg_nidd,3
s301428,non_causal,40,0.75,0.99588,0.0041,fiveg_nidd,3
s301428,non_causal,40,1.0,0.99588,0.0041,fiveg_nidd,3
s166159,causal,8,0.0,0.99995,0.0,fiveg_nidd,3
s166159,causal,8,0.25,0.42711,0.57284,fiveg_nidd,3
s166159,causal,8,0.5,0.42711,0.57284,fiveg_nidd,3
s166159,causal,8,0.75,0.42711,0.57284,fiveg_nidd,3
s166159,causal,8,1.0,0.42711,0.57284,fiveg_nidd,3
s166159,causal,32,0.0,0.99995,0.0,fiveg_nidd,3
s166159,causal,32,0.25,0.10393,0.89603,fiveg_nidd,3
s166159,causal,32,0.5,0.10382,0.89613,fiveg_nidd,3
s166159,causal,32,0.75,0.10382,0.89613,fiveg_nidd,3
s166159,causal,32,1.0,0.10382,0.89613,fiveg_nidd,3
s166159,non_causal,36,0.0,0.99995,0.0,fiveg_nidd,3
s166159,non_causal,36,0.25,0.99995,0.0,fiveg_nidd,3
s166159,non_causal,36,0.5,0.99995,0.0,fiveg_nidd,3
s166159,non_causal,36,0.75,0.99995,1e-05,fiveg_nidd,3
s166159,non_causal,36,1.0,0.99995,0.0,fiveg_nidd,3
s166159,non_causal,24,0.0,0.99995,0.0,fiveg_nidd,3
s166159,non_causal,24,0.25,0.99995,0.0,fiveg_nidd,3
s166159,non_causal,24,0.5,0.99995,0.0,fiveg_nidd,3
s166159,non_causal,24,0.75,0.99995,0.0,fiveg_nidd,3
s166159,non_causal,24,1.0,0.99995,0.0,fiveg_nidd,3
s166159,non_causal,35,0.0,0.99995,0.0,fiveg_nidd,3
s166159,non_causal,35,0.25,0.99995,0.0,fiveg_nidd,3
s166159,non_causal,35,0.5,0.99995,0.0,fiveg_nidd,3
s166159,non_causal,35,0.75,0.99995,0.0,fiveg_nidd,3
s166159,non_causal,35,1.0,0.99995,0.0,fiveg_nidd,3
s165830,causal,0,0.0,0.96432,0.0,fiveg_nidd,3
s165830,causal,0,0.25,0.96433,-1e-05,fiveg_nidd,3
s165830,causal,0,0.5,0.961,0.00332,fiveg_nidd,3
s165830,causal,0,0.75,0.89975,0.06458,fiveg_nidd,3
s165830,causal,0,1.0,0.89948,0.06484,fiveg_nidd,3
s165830,causal,8,0.0,0.96432,0.0,fiveg_nidd,3
s165830,causal,8,0.25,0.07693,0.88739,fiveg_nidd,3
s165830,causal,8,0.5,0.07693,0.88739,fiveg_nidd,3
s165830,causal,8,0.75,0.07693,0.88739,fiveg_nidd,3
s165830,causal,8,1.0,0.07693,0.88739,fiveg_nidd,3
s165830,causal,29,0.0,0.96432,0.0,fiveg_nidd,3
s165830,causal,29,0.25,0.50993,0.45439,fiveg_nidd,3
s165830,causal,29,0.5,0.51993,0.44439,fiveg_nidd,3
s165830,causal,29,0.75,0.51993,0.44439,fiveg_nidd,3
s165830,causal,29,1.0,0.51993,0.44439,fiveg_nidd,3
s165830,causal,30,0.0,0.96432,0.0,fiveg_nidd,3
s165830,causal,30,0.25,0.76415,0.20017,fiveg_nidd,3
s165830,causal,30,0.5,0.76415,0.20017,fiveg_nidd,3
s165830,causal,30,0.75,0.76415,0.20017,fiveg_nidd,3
s165830,causal,30,1.0,0.76415,0.20017,fiveg_nidd,3
s165830,causal,31,0.0,0.96432,0.0,fiveg_nidd,3
s165830,causal,31,0.25,0.91311,0.05122,fiveg_nidd,3
s165830,causal,31,0.5,0.91311,0.05122,fiveg_nidd,3
s165830,causal,31,0.75,0.91311,0.05122,fiveg_nidd,3
s165830,causal,31,1.0,0.91311,0.05122,fiveg_nidd,3
s165830,causal,32,0.0,0.96432,0.0,fiveg_nidd,3
s165830,causal,32,0.25,0.42559,0.53874,fiveg_nidd,3
s165830,causal,32,0.5,0.42559,0.53874,fiveg_nidd,3
s165830,causal,32,0.75,0.42559,0.53874,fiveg_nidd,3
s165830,causal,32,1.0,0.42559,0.53874,fiveg_nidd,3
s165830,causal,40,0.0,0.96432,0.0,fiveg_nidd,3
s165830,causal,40,0.25,0.42011,0.54421,fiveg_nidd,3
s165830,causal,40,0.5,0.02237,0.94195,fiveg_nidd,3
s165830,causal,40,0.75,0.02237,0.94195,fiveg_nidd,3
s165830,causal,40,1.0,0.02237,0.94195,fiveg_nidd,3
s165830,non_causal,1,0.0,0.96432,0.0,fiveg_nidd,3
s165830,non_causal,1,0.25,0.96432,0.0,fiveg_nidd,3
s165830,non_causal,1,0.5,0.96432,0.0,fiveg_nidd,3
s165830,non_causal,1,0.75,0.96432,0.0,fiveg_nidd,3
s165830,non_causal,1,1.0,0.96432,0.0,fiveg_nidd,3
s165830,non_causal,18,0.0,0.96432,0.0,fiveg_nidd,3
s165830,non_causal,18,0.25,0.97889,-0.01457,fiveg_nidd,3
s165830,non_causal,18,0.5,0.97889,-0.01457,fiveg_nidd,3
s165830,non_causal,18,0.75,0.97889,-0.01457,fiveg_nidd,3
s165830,non_causal,18,1.0,0.97889,-0.01457,fiveg_nidd,3
s165830,non_causal,2,0.0,0.96432,0.0,fiveg_nidd,3
s165830,non_causal,2,0.25,0.96432,0.0,fiveg_nidd,3
s165830,non_causal,2,0.5,0.96432,0.0,fiveg_nidd,3
s165830,non_causal,2,0.75,0.96432,0.0,fiveg_nidd,3
s165830,non_causal,2,1.0,0.96432,0.0,fiveg_nidd,3
s122300,causal,8,0.0,0.99997,0.0,fiveg_nidd,3
s122300,causal,8,0.25,0.49163,0.50834,fiveg_nidd,3
s122300,causal,8,0.5,0.49163,0.50834,fiveg_nidd,3
s122300,causal,8,0.75,0.49163,0.50834,fiveg_nidd,3
s122300,causal,8,1.0,0.49163,0.50834,fiveg_nidd,3
s122300,causal,32,0.0,0.99997,0.0,fiveg_nidd,3
s122300,causal,32,0.25,0.00032,0.99965,fiveg_nidd,3
s122300,causal,32,0.5,0.00032,0.99965,fiveg_nidd,3
s122300,causal,32,0.75,0.00032,0.99965,fiveg_nidd,3
s122300,causal,32,1.0,0.00032,0.99965,fiveg_nidd,3
s122300,non_causal,35,0.0,0.99997,0.0,fiveg_nidd,3
s122300,non_causal,35,0.25,0.99997,0.0,fiveg_nidd,3
s122300,non_causal,35,0.5,0.99997,0.0,fiveg_nidd,3
s122300,non_causal,35,0.75,0.99997,0.0,fiveg_nidd,3
s122300,non_causal,35,1.0,0.99997,0.0,fiveg_nidd,3
s122300,non_causal,31,0.0,0.99997,0.0,fiveg_nidd,3
s122300,non_causal,31,0.25,0.99995,2e-05,fiveg_nidd,3
s122300,non_causal,31,0.5,0.99995,2e-05,fiveg_nidd,3
s122300,non_causal,31,0.75,0.99995,2e-05,fiveg_nidd,3
s122300,non_causal,31,1.0,0.99995,2e-05,fiveg_nidd,3
s122300,non_causal,33,0.0,0.99997,0.0,fiveg_nidd,3
s122300,non_causal,33,0.25,0.99997,-0.0,fiveg_nidd,3
s122300,non_causal,33,0.5,0.99997,-0.0,fiveg_nidd,3
s122300,non_causal,33,0.75,0.99997,-0.0,fiveg_nidd,3
s122300,non_causal,33,1.0,0.99997,-0.0,fiveg_nidd,3
s163695,causal,8,0.0,0.9943,0.0,fiveg_nidd,3
s163695,causal,8,0.25,0.19738,0.79692,fiveg_nidd,3
s163695,causal,8,0.5,0.19738,0.79692,fiveg_nidd,3
s163695,causal,8,0.75,0.19738,0.79692,fiveg_nidd,3
s163695,causal,8,1.0,0.19738,0.79692,fiveg_nidd,3
s163695,causal,29,0.0,0.9943,0.0,fiveg_nidd,3
s163695,causal,29,0.25,0.77185,0.22246,fiveg_nidd,3
s163695,causal,29,0.5,0.77896,0.21534,fiveg_nidd,3
s163695,causal,29,0.75,0.77896,0.21534,fiveg_nidd,3
s163695,causal,29,1.0,0.77896,0.21534,fiveg_nidd,3
s163695,causal,30,0.0,0.9943,0.0,fiveg_nidd,3
s163695,causal,30,0.25,0.91664,0.07766,fiveg_nidd,3
s163695,causal,30,0.5,0.91664,0.07766,fiveg_nidd,3
s163695,causal,30,0.75,0.91664,0.07766,fiveg_nidd,3
s163695,causal,30,1.0,0.91664,0.07766,fiveg_nidd,3
s163695,causal,32,0.0,0.9943,0.0,fiveg_nidd,3
s163695,causal,32,0.25,0.50724,0.48707,fiveg_nidd,3
s163695,causal,32,0.5,0.50724,0.48707,fiveg_nidd,3
s163695,causal,32,0.75,0.50724,0.48707,fiveg_nidd,3
s163695,causal,32,1.0,0.50724,0.48707,fiveg_nidd,3
s163695,causal,40,0.0,0.9943,0.0,fiveg_nidd,3
s163695,causal,40,0.25,0.82069,0.17362,fiveg_nidd,3
s163695,causal,40,0.5,0.47237,0.52193,fiveg_nidd,3
s163695,causal,40,0.75,0.01075,0.98356,fiveg_nidd,3
s163695,causal,40,1.0,0.01075,0.98356,fiveg_nidd,3
s163695,non_causal,9,0.0,0.9943,0.0,fiveg_nidd,3
s163695,non_causal,9,0.25,0.98937,0.00493,fiveg_nidd,3
s163695,non_causal,9,0.5,0.98937,0.00493,fiveg_nidd,3
s163695,non_causal,9,0.75,0.98937,0.00493,fiveg_nidd,3
s163695,non_causal,9,1.0,0.98937,0.00493,fiveg_nidd,3
s163695,non_causal,5,0.0,0.9943,0.0,fiveg_nidd,3
s163695,non_causal,5,0.25,0.9943,0.0,fiveg_nidd,3
s163695,non_causal,5,0.5,0.9943,0.0,fiveg_nidd,3
s163695,non_causal,5,0.75,0.9943,0.0,fiveg_nidd,3
s163695,non_causal,5,1.0,0.9943,0.0,fiveg_nidd,3
s163695,non_causal,25,0.0,0.9943,0.0,fiveg_nidd,3
s163695,non_causal,25,0.25,0.9943,0.0,fiveg_nidd,3
s163695,non_causal,25,0.5,0.9943,0.0,fiveg_nidd,3
s163695,non_causal,25,0.75,0.9943,0.0,fiveg_nidd,3
s163695,non_causal,25,1.0,0.9943,0.0,fiveg_nidd,3
s311558,causal,8,0.0,0.99996,0.0,fiveg_nidd,4
s311558,causal,8,0.25,0.55297,0.44699,fiveg_nidd,4
s311558,causal,8,0.5,0.55297,0.44699,fiveg_nidd,4
s311558,causal,8,0.75,0.55297,0.44699,fiveg_nidd,4
s311558,causal,8,1.0,0.55297,0.44699,fiveg_nidd,4
s311558,causal,32,0.0,0.99996,0.0,fiveg_nidd,4
s311558,causal,32,0.25,0.77978,0.22018,fiveg_nidd,4
s311558,causal,32,0.5,0.77978,0.22018,fiveg_nidd,4
s311558,causal,32,0.75,0.77978,0.22018,fiveg_nidd,4
s311558,causal,32,1.0,0.77978,0.22018,fiveg_nidd,4
s311558,non_causal,17,0.0,0.99996,0.0,fiveg_nidd,4
s311558,non_causal,17,0.25,0.99996,-0.0,fiveg_nidd,4
s311558,non_causal,17,0.5,0.99996,-0.0,fiveg_nidd,4
s311558,non_causal,17,0.75,0.99996,-0.0,fiveg_nidd,4
s311558,non_causal,17,1.0,0.99996,-0.0,fiveg_nidd,4
s311558,non_causal,24,0.0,0.99996,0.0,fiveg_nidd,4
s311558,non_causal,24,0.25,0.99996,0.0,fiveg_nidd,4
s311558,non_causal,24,0.5,0.99996,0.0,fiveg_nidd,4
s311558,non_causal,24,0.75,0.99996,0.0,fiveg_nidd,4
s311558,non_causal,24,1.0,0.99996,0.0,fiveg_nidd,4
s311558,non_causal,20,0.0,0.99996,0.0,fiveg_nidd,4
s311558,non_causal,20,0.25,0.99996,0.0,fiveg_nidd,4
s311558,non_causal,20,0.5,0.99996,0.0,fiveg_nidd,4
s311558,non_causal,20,0.75,0.99996,0.0,fiveg_nidd,4
s311558,non_causal,20,1.0,0.99996,0.0,fiveg_nidd,4
s327033,causal,8,0.0,0.99996,0.0,fiveg_nidd,4
s327033,causal,8,0.25,0.51789,0.48207,fiveg_nidd,4
s327033,causal,8,0.5,0.51789,0.48207,fiveg_nidd,4
s327033,causal,8,0.75,0.51789,0.48207,fiveg_nidd,4
s327033,causal,8,1.0,0.51789,0.48207,fiveg_nidd,4
s327033,causal,32,0.0,0.99996,0.0,fiveg_nidd,4
s327033,causal,32,0.25,0.83456,0.16541,fiveg_nidd,4
s327033,causal,32,0.5,0.83456,0.16541,fiveg_nidd,4
s327033,causal,32,0.75,0.83456,0.16541,fiveg_nidd,4
s327033,causal,32,1.0,0.83456,0.16541,fiveg_nidd,4
s327033,non_causal,11,0.0,0.99996,0.0,fiveg_nidd,4
s327033,non_causal,11,0.25,0.99996,0.0,fiveg_nidd,4
s327033,non_causal,11,0.5,0.99996,0.0,fiveg_nidd,4
s327033,non_causal,11,0.75,0.99996,0.0,fiveg_nidd,4
s327033,non_causal,11,1.0,0.99996,0.0,fiveg_nidd,4
s327033,non_causal,27,0.0,0.99996,0.0,fiveg_nidd,4
s327033,non_causal,27,0.25,0.99996,0.0,fiveg_nidd,4
s327033,non_causal,27,0.5,0.99996,0.0,fiveg_nidd,4
s327033,non_causal,27,0.75,0.99996,0.0,fiveg_nidd,4
s327033,non_causal,27,1.0,0.99996,0.0,fiveg_nidd,4
s327033,non_causal,39,0.0,0.99996,0.0,fiveg_nidd,4
s327033,non_causal,39,0.25,0.99996,-0.0,fiveg_nidd,4
s327033,non_causal,39,0.5,0.99996,0.0,fiveg_nidd,4
s327033,non_causal,39,0.75,0.99996,0.0,fiveg_nidd,4
s327033,non_causal,39,1.0,0.99996,0.0,fiveg_nidd,4
s142906,causal,8,0.0,0.99984,0.0,fiveg_nidd,4
s142906,causal,8,0.25,0.15875,0.84108,fiveg_nidd,4
s142906,causal,8,0.5,0.15875,0.84108,fiveg_nidd,4
s142906,causal,8,0.75,0.15875,0.84108,fiveg_nidd,4
s142906,causal,8,1.0,0.15875,0.84108,fiveg_nidd,4
s142906,non_causal,38,0.0,0.99984,0.0,fiveg_nidd,4
s142906,non_causal,38,0.25,0.99988,-5e-05,fiveg_nidd,4
s142906,non_causal,38,0.5,0.99989,-5e-05,fiveg_nidd,4
s142906,non_causal,38,0.75,0.99932,0.00052,fiveg_nidd,4
s142906,non_causal,38,1.0,0.99932,0.00052,fiveg_nidd,4
s142906,non_causal,21,0.0,0.99984,0.0,fiveg_nidd,4
s142906,non_causal,21,0.25,0.99984,0.0,fiveg_nidd,4
s142906,non_causal,21,0.5,0.99984,0.0,fiveg_nidd,4
s142906,non_causal,21,0.75,0.99984,0.0,fiveg_nidd,4
s142906,non_causal,21,1.0,0.99984,0.0,fiveg_nidd,4
s142906,non_causal,14,0.0,0.99984,0.0,fiveg_nidd,4
s142906,non_causal,14,0.25,0.99978,5e-05,fiveg_nidd,4
s142906,non_causal,14,0.5,0.99978,5e-05,fiveg_nidd,4
s142906,non_causal,14,0.75,0.99978,5e-05,fiveg_nidd,4
s142906,non_causal,14,1.0,0.99978,5e-05,fiveg_nidd,4
s114056,causal,0,0.0,0.94417,0.0,fiveg_nidd,4
s114056,causal,0,0.25,0.92242,0.02176,fiveg_nidd,4
s114056,causal,0,0.5,0.92242,0.02176,fiveg_nidd,4
s114056,causal,0,0.75,0.49514,0.44903,fiveg_nidd,4
s114056,causal,0,1.0,0.49494,0.44923,fiveg_nidd,4
s114056,causal,8,0.0,0.94417,0.0,fiveg_nidd,4
s114056,causal,8,0.25,0.17005,0.77412,fiveg_nidd,4
s114056,causal,8,0.5,0.17005,0.77412,fiveg_nidd,4
s114056,causal,8,0.75,0.17005,0.77412,fiveg_nidd,4
s114056,causal,8,1.0,0.17005,0.77412,fiveg_nidd,4
s114056,causal,39,0.0,0.94417,0.0,fiveg_nidd,4
s114056,causal,39,0.25,0.85545,0.08873,fiveg_nidd,4
s114056,causal,39,0.5,0.8726,0.07158,fiveg_nidd,4
s114056,causal,39,0.75,0.84929,0.09488,fiveg_nidd,4
s114056,causal,39,1.0,0.81427,0.1299,fiveg_nidd,4
s114056,causal,40,0.0,0.94417,0.0,fiveg_nidd,4
s114056,causal,40,0.25,0.83894,0.10523,fiveg_nidd,4
s114056,causal,40,0.5,0.01361,0.93056,fiveg_nidd,4
s114056,causal,40,0.75,0.01361,0.93056,fiveg_nidd,4
s114056,causal,40,1.0,0.01361,0.93056,fiveg_nidd,4
s114056,non_causal,30,0.0,0.94417,0.0,fiveg_nidd,4
s114056,non_causal,30,0.25,0.94101,0.00316,fiveg_nidd,4
s114056,non_causal,30,0.5,0.94101,0.00316,fiveg_nidd,4
s114056,non_causal,30,0.75,0.94101,0.00316,fiveg_nidd,4
s114056,non_causal,30,1.0,0.94101,0.00316,fiveg_nidd,4
s114056,non_causal,3,0.0,0.94417,0.0,fiveg_nidd,4
s114056,non_causal,3,0.25,0.94417,0.0,fiveg_nidd,4
s114056,non_causal,3,0.5,0.94417,0.0,fiveg_nidd,4
s114056,non_causal,3,0.75,0.94417,0.0,fiveg_nidd,4
s114056,non_causal,3,1.0,0.94417,0.0,fiveg_nidd,4
s114056,non_causal,4,0.0,0.94417,0.0,fiveg_nidd,4
s114056,non_causal,4,0.25,0.94417,0.0,fiveg_nidd,4
s114056,non_causal,4,0.5,0.94417,0.0,fiveg_nidd,4
s114056,non_causal,4,0.75,0.94417,0.0,fiveg_nidd,4
s114056,non_causal,4,1.0,0.94417,0.0,fiveg_nidd,4
s157645,causal,8,0.0,0.99992,0.0,fiveg_nidd,4
s157645,causal,8,0.25,0.01444,0.98548,fiveg_nidd,4
s157645,causal,8,0.5,0.01444,0.98548,fiveg_nidd,4
s157645,causal,8,0.75,0.01444,0.98548,fiveg_nidd,4
s157645,causal,8,1.0,0.01444,0.98548,fiveg_nidd,4
s157645,non_causal,36,0.0,0.99992,0.0,fiveg_nidd,4
s157645,non_causal,36,0.25,0.99993,-1e-05,fiveg_nidd,4
s157645,non_causal,36,0.5,0.99993,-1e-05,fiveg_nidd,4
s157645,non_causal,36,0.75,0.99973,0.00019,fiveg_nidd,4
s157645,non_causal,36,1.0,0.99978,0.00014,fiveg_nidd,4
s157645,non_causal,14,0.0,0.99992,0.0,fiveg_nidd,4
s157645,non_causal,14,0.25,0.99989,3e-05,fiveg_nidd,4
s157645,non_causal,14,0.5,0.99989,3e-05,fiveg_nidd,4
s157645,non_causal,14,0.75,0.99989,3e-05,fiveg_nidd,4
s157645,non_causal,14,1.0,0.99989,3e-05,fiveg_nidd,4
s157645,non_causal,18,0.0,0.99992,0.0,fiveg_nidd,4
s157645,non_causal,18,0.25,0.99992,0.0,fiveg_nidd,4
s157645,non_causal,18,0.5,0.99992,0.0,fiveg_nidd,4
s157645,non_causal,18,0.75,0.99992,0.0,fiveg_nidd,4
s157645,non_causal,18,1.0,0.99992,0.0,fiveg_nidd,4
s142020,causal,0,0.0,0.99203,0.0,fiveg_nidd,4
s142020,causal,0,0.25,0.98814,0.00389,fiveg_nidd,4
s142020,causal,0,0.5,0.98814,0.00389,fiveg_nidd,4
s142020,causal,0,0.75,0.84688,0.14516,fiveg_nidd,4
s142020,causal,0,1.0,0.84658,0.14546,fiveg_nidd,4
s142020,causal,8,0.0,0.99203,0.0,fiveg_nidd,4
s142020,causal,8,0.25,0.35536,0.63667,fiveg_nidd,4
s142020,causal,8,0.5,0.35536,0.63667,fiveg_nidd,4
s142020,causal,8,0.75,0.35536,0.63667,fiveg_nidd,4
s142020,causal,8,1.0,0.35536,0.63667,fiveg_nidd,4
s142020,causal,40,0.0,0.99203,0.0,fiveg_nidd,4
s142020,causal,40,0.25,0.90905,0.08298,fiveg_nidd,4
s142020,causal,40,0.5,0.17297,0.81906,fiveg_nidd,4
s142020,causal,40,0.75,0.02392,0.96811,fiveg_nidd,4
s142020,causal,40,1.0,0.02392,0.96811,fiveg_nidd,4
s142020,non_causal,10,0.0,0.99203,0.0,fiveg_nidd,4
s142020,non_causal,10,0.25,0.99203,0.0,fiveg_nidd,4
s142020,non_causal,10,0.5,0.99203,0.0,fiveg_nidd,4
s142020,non_causal,10,0.75,0.99203,0.0,fiveg_nidd,4
s142020,non_causal,10,1.0,0.99203,0.0,fiveg_nidd,4
s142020,non_causal,24,0.0,0.99203,0.0,fiveg_nidd,4
s142020,non_causal,24,0.25,0.99203,0.0,fiveg_nidd,4
s142020,non_causal,24,0.5,0.99203,0.0,fiveg_nidd,4
s142020,non_causal,24,0.75,0.99203,0.0,fiveg_nidd,4
s142020,non_causal,24,1.0,0.99203,0.0,fiveg_nidd,4
s142020,non_causal,28,0.0,0.99203,0.0,fiveg_nidd,4
s142020,non_causal,28,0.25,0.99203,0.0,fiveg_nidd,4
s142020,non_causal,28,0.5,0.99203,0.0,fiveg_nidd,4
s142020,non_causal,28,0.75,0.99203,0.0,fiveg_nidd,4
s142020,non_causal,28,1.0,0.99203,0.0,fiveg_nidd,4
s297199,causal,8,0.0,0.99982,0.0,fiveg_nidd,4
s297199,causal,8,0.25,0.53551,0.46431,fiveg_nidd,4
s297199,causal,8,0.5,0.53551,0.46431,fiveg_nidd,4
s297199,causal,8,0.75,0.53551,0.46431,fiveg_nidd,4
s297199,causal,8,1.0,0.53551,0.46431,fiveg_nidd,4
s297199,causal,32,0.0,0.99982,0.0,fiveg_nidd,4
s297199,causal,32,0.25,0.00133,0.99849,fiveg_nidd,4
s297199,causal,32,0.5,0.00133,0.99849,fiveg_nidd,4
s297199,causal,32,0.75,0.00133,0.99849,fiveg_nidd,4
s297199,causal,32,1.0,0.00133,0.99849,fiveg_nidd,4
s297199,causal,40,0.0,0.99982,0.0,fiveg_nidd,4
s297199,causal,40,0.25,0.99982,-0.0,fiveg_nidd,4
s297199,causal,40,0.5,0.94672,0.0531,fiveg_nidd,4
s297199,causal,40,0.75,0.94672,0.0531,fiveg_nidd,4
s297199,causal,40,1.0,0.94672,0.0531,fiveg_nidd,4
s297199,non_causal,2,0.0,0.99982,0.0,fiveg_nidd,4
s297199,non_causal,2,0.25,0.99982,0.0,fiveg_nidd,4
s297199,non_causal,2,0.5,0.99982,0.0,fiveg_nidd,4
s297199,non_causal,2,0.75,0.99982,0.0,fiveg_nidd,4
s297199,non_causal,2,1.0,0.99982,0.0,fiveg_nidd,4
s297199,non_causal,30,0.0,0.99982,0.0,fiveg_nidd,4
s297199,non_causal,30,0.25,0.99978,4e-05,fiveg_nidd,4
s297199,non_causal,30,0.5,0.99978,4e-05,fiveg_nidd,4
s297199,non_causal,30,0.75,0.99978,4e-05,fiveg_nidd,4
s297199,non_causal,30,1.0,0.99978,4e-05,fiveg_nidd,4
s297199,non_causal,15,0.0,0.99982,0.0,fiveg_nidd,4
s297199,non_causal,15,0.25,0.99991,-9e-05,fiveg_nidd,4
s297199,non_causal,15,0.5,0.99991,-9e-05,fiveg_nidd,4
s297199,non_causal,15,0.75,0.99991,-9e-05,fiveg_nidd,4
s297199,non_causal,15,1.0,0.99991,-9e-05,fiveg_nidd,4
s143812,causal,0,0.0,0.99041,0.0,fiveg_nidd,4
s143812,causal,0,0.25,0.98574,0.00467,fiveg_nidd,4
s143812,causal,0,0.5,0.98574,0.00467,fiveg_nidd,4
s143812,causal,0,0.75,0.8722,0.11821,fiveg_nidd,4
s143812,causal,0,1.0,0.8719,0.11852,fiveg_nidd,4
s143812,causal,8,0.0,0.99041,0.0,fiveg_nidd,4
s143812,causal,8,0.25,0.31454,0.67587,fiveg_nidd,4
s143812,causal,8,0.5,0.31454,0.67587,fiveg_nidd,4
s143812,causal,8,0.75,0.31454,0.67587,fiveg_nidd,4
s143812,causal,8,1.0,0.31454,0.67587,fiveg_nidd,4
s143812,causal,40,0.0,0.99041,0.0,fiveg_nidd,4
s143812,causal,40,0.25,0.81812,0.17229,fiveg_nidd,4
s143812,causal,40,0.5,0.22741,0.763,fiveg_nidd,4
s143812,causal,40,0.75,0.00547,0.98494,fiveg_nidd,4
s143812,causal,40,1.0,0.00547,0.98494,fiveg_nidd,4
s143812,non_causal,16,0.0,0.99041,0.0,fiveg_nidd,4
s143812,non_causal,16,0.25,0.99041,0.0,fiveg_nidd,4
s143812,non_causal,16,0.5,0.99041,0.0,fiveg_nidd,4
s143812,non_causal,16,0.75,0.99041,0.0,fiveg_nidd,4
s143812,non_causal,16,1.0,0.99041,0.0,fiveg_nidd,4
s143812,non_causal,36,0.0,0.99041,0.0,fiveg_nidd,4
s143812,non_causal,36,0.25,0.99049,-7e-05,fiveg_nidd,4
s143812,non_causal,36,0.5,0.9902,0.00021,fiveg_nidd,4
s143812,non_causal,36,0.75,0.99109,-0.00068,fiveg_nidd,4
s143812,non_causal,36,1.0,0.9945,-0.00408,fiveg_nidd,4
s143812,non_causal,32,0.0,0.99041,0.0,fiveg_nidd,4
s143812,non_causal,32,0.25,0.97158,0.01883,fiveg_nidd,4
s143812,non_causal,32,0.5,0.97158,0.01883,fiveg_nidd,4
s143812,non_causal,32,0.75,0.97158,0.01883,fiveg_nidd,4
s143812,non_causal,32,1.0,0.97158,0.01883,fiveg_nidd,4
s143143,causal,0,0.0,0.63346,0.0,fiveg_nidd,4
s143143,causal,0,0.25,0.54797,0.08549,fiveg_nidd,4
s143143,causal,0,0.5,0.54797,0.08549,fiveg_nidd,4
s143143,causal,0,0.75,0.08707,0.54638,fiveg_nidd,4
s143143,causal,0,1.0,0.08705,0.5464,fiveg_nidd,4
s143143,causal,8,0.0,0.63346,0.0,fiveg_nidd,4
s143143,causal,8,0.25,0.14108,0.49238,fiveg_nidd,4
s143143,causal,8,0.5,0.14108,0.49238,fiveg_nidd,4
s143143,causal,8,0.75,0.14108,0.49238,fiveg_nidd,4
s143143,causal,8,1.0,0.14108,0.49238,fiveg_nidd,4
s143143,causal,9,0.0,0.63346,0.0,fiveg_nidd,4
s143143,causal,9,0.25,0.52973,0.10373,fiveg_nidd,4
s143143,causal,9,0.5,0.52973,0.10373,fiveg_nidd,4
s143143,causal,9,0.75,0.52973,0.10373,fiveg_nidd,4
s143143,causal,9,1.0,0.52973,0.10373,fiveg_nidd,4
s143143,causal,16,0.0,0.63346,0.0,fiveg_nidd,4
s143143,causal,16,0.25,0.50881,0.12465,fiveg_nidd,4
s143143,causal,16,0.5,0.50881,0.12465,fiveg_nidd,4
s143143,causal,16,0.75,0.50881,0.12465,fiveg_nidd,4
s143143,causal,16,1.0,0.50881,0.12465,fiveg_nidd,4
s143143,causal,18,0.0,0.63346,0.0,fiveg_nidd,4
s143143,causal,18,0.25,0.55064,0.08282,fiveg_nidd,4
s143143,causal,18,0.5,0.55064,0.08282,fiveg_nidd,4
s143143,causal,18,0.75,0.55064,0.08282,fiveg_nidd,4
s143143,causal,18,1.0,0.55064,0.08282,fiveg_nidd,4
s143143,causal,20,0.0,0.63346,0.0,fiveg_nidd,4
s143143,causal,20,0.25,0.56498,0.06847,fiveg_nidd,4
s143143,causal,20,0.5,0.56498,0.06847,fiveg_nidd,4
s143143,causal,20,0.75,0.56498,0.06847,fiveg_nidd,4
s143143,causal,20,1.0,0.56498,0.06847,fiveg_nidd,4
s143143,causal,40,0.0,0.63346,0.0,fiveg_nidd,4
s143143,causal,40,0.25,0.00801,0.62545,fiveg_nidd,4
s143143,causal,40,0.5,0.00801,0.62545,fiveg_nidd,4
s143143,causal,40,0.75,0.00801,0.62545,fiveg_nidd,4
s143143,causal,40,1.0,0.00801,0.62545,fiveg_nidd,4
s143143,non_causal,37,0.0,0.63346,0.0,fiveg_nidd,4
s143143,non_causal,37,0.25,0.6228,0.01066,fiveg_nidd,4
s143143,non_causal,37,0.5,0.57274,0.06072,fiveg_nidd,4
s143143,non_causal,37,0.75,0.68567,-0.05221,fiveg_nidd,4
s143143,non_causal,37,1.0,0.63431,-0.00085,fiveg_nidd,4
s143143,non_causal,2,0.0,0.63346,0.0,fiveg_nidd,4
s143143,non_causal,2,0.25,0.63346,0.0,fiveg_nidd,4
s143143,non_causal,2,0.5,0.63346,0.0,fiveg_nidd,4
s143143,non_causal,2,0.75,0.63346,0.0,fiveg_nidd,4
s143143,non_causal,2,1.0,0.63346,0.0,fiveg_nidd,4
s143143,non_causal,36,0.0,0.63346,0.0,fiveg_nidd,4
s143143,non_causal,36,0.25,0.63523,-0.00177,fiveg_nidd,4
s143143,non_causal,36,0.5,0.66585,-0.03239,fiveg_nidd,4
s143143,non_causal,36,0.75,0.60909,0.02437,fiveg_nidd,4
s143143,non_causal,36,1.0,0.62588,0.00758,fiveg_nidd,4
s156686,causal,8,0.0,0.99995,0.0,fiveg_nidd,4
s156686,causal,8,0.25,0.49238,0.50758,fiveg_nidd,4
s156686,causal,8,0.5,0.49238,0.50758,fiveg_nidd,4
s156686,causal,8,0.75,0.49238,0.50758,fiveg_nidd,4
s156686,causal,8,1.0,0.49238,0.50758,fiveg_nidd,4
s156686,non_causal,19,0.0,0.99995,0.0,fiveg_nidd,4
s156686,non_causal,19,0.25,0.99995,0.0,fiveg_nidd,4
s156686,non_causal,19,0.5,0.99989,6e-05,fiveg_nidd,4
s156686,non_causal,19,0.75,0.99989,6e-05,fiveg_nidd,4
s156686,non_causal,19,1.0,0.99982,0.00013,fiveg_nidd,4
s156686,non_causal,6,0.0,0.99995,0.0,fiveg_nidd,4
s156686,non_causal,6,0.25,0.99995,0.0,fiveg_nidd,4
s156686,non_causal,6,0.5,0.99995,0.0,fiveg_nidd,4
s156686,non_causal,6,0.75,0.99995,0.0,fiveg_nidd,4
s156686,non_causal,6,1.0,0.99995,0.0,fiveg_nidd,4
s156686,non_causal,33,0.0,0.99995,0.0,fiveg_nidd,4
s156686,non_causal,33,0.25,0.99995,0.0,fiveg_nidd,4
s156686,non_causal,33,0.5,0.99995,0.0,fiveg_nidd,4
s156686,non_causal,33,0.75,0.99995,0.0,fiveg_nidd,4
s156686,non_causal,33,1.0,0.99995,0.0,fiveg_nidd,4
s310268,causal,0,0.0,0.97688,0.0,fiveg_nidd,4
s310268,causal,0,0.25,0.96587,0.01101,fiveg_nidd,4
s310268,causal,0,0.5,0.96587,0.01101,fiveg_nidd,4
s310268,causal,0,0.75,0.6909,0.28598,fiveg_nidd,4
s310268,causal,0,1.0,0.69061,0.28627,fiveg_nidd,4
s310268,causal,8,0.0,0.97688,0.0,fiveg_nidd,4
s310268,causal,8,0.25,0.23196,0.74492,fiveg_nidd,4
s310268,causal,8,0.5,0.23196,0.74492,fiveg_nidd,4
s310268,causal,8,0.75,0.23196,0.74492,fiveg_nidd,4
s310268,causal,8,1.0,0.23196,0.74492,fiveg_nidd,4
s310268,causal,40,0.0,0.97688,0.0,fiveg_nidd,4
s310268,causal,40,0.25,0.82442,0.15245,fiveg_nidd,4
s310268,causal,40,0.5,0.01119,0.96569,fiveg_nidd,4
s310268,causal,40,0.75,0.00681,0.97006,fiveg_nidd,4
s310268,causal,40,1.0,0.00681,0.97006,fiveg_nidd,4
s310268,non_causal,32,0.0,0.97688,0.0,fiveg_nidd,4
s310268,non_causal,32,0.25,0.9791,-0.00223,fiveg_nidd,4
s310268,non_causal,32,0.5,0.9791,-0.00223,fiveg_nidd,4
s310268,non_causal,32,0.75,0.9791,-0.00223,fiveg_nidd,4
s310268,non_causal,32,1.0,0.9791,-0.00223,fiveg_nidd,4
s310268,non_causal,33,0.0,0.97688,0.0,fiveg_nidd,4
s310268,non_causal,33,0.25,0.97688,0.0,fiveg_nidd,4
s310268,non_causal,33,0.5,0.97688,0.0,fiveg_nidd,4
s310268,non_causal,33,0.75,0.97688,0.0,fiveg_nidd,4
s310268,non_causal,33,1.0,0.97688,0.0,fiveg_nidd,4
s310268,non_causal,25,0.0,0.97688,0.0,fiveg_nidd,4
s310268,non_causal,25,0.25,0.97688,0.0,fiveg_nidd,4
s310268,non_causal,25,0.5,0.97688,0.0,fiveg_nidd,4
s310268,non_causal,25,0.75,0.97688,0.0,fiveg_nidd,4
s310268,non_causal,25,1.0,0.97688,0.0,fiveg_nidd,4
s332559,causal,8,0.0,0.99997,0.0,fiveg_nidd,4
s332559,causal,8,0.25,0.55057,0.4494,fiveg_nidd,4
s332559,causal,8,0.5,0.55057,0.4494,fiveg_nidd,4
s332559,causal,8,0.75,0.55057,0.4494,fiveg_nidd,4
s332559,causal,8,1.0,0.55057,0.4494,fiveg_nidd,4
s332559,causal,32,0.0,0.99997,0.0,fiveg_nidd,4
s332559,causal,32,0.25,0.82752,0.17245,fiveg_nidd,4
s332559,causal,32,0.5,0.82752,0.17245,fiveg_nidd,4
s332559,causal,32,0.75,0.82752,0.17245,fiveg_nidd,4
s332559,causal,32,1.0,0.82752,0.17245,fiveg_nidd,4
s332559,non_causal,6,0.0,0.99997,0.0,fiveg_nidd,4
s332559,non_causal,6,0.25,0.99997,0.0,fiveg_nidd,4
s332559,non_causal,6,0.5,0.99997,0.0,fiveg_nidd,4
s332559,non_causal,6,0.75,0.99997,0.0,fiveg_nidd,4
s332559,non_causal,6,1.0,0.99997,0.0,fiveg_nidd,4
s332559,non_causal,26,0.0,0.99997,0.0,fiveg_nidd,4
s332559,non_causal,26,0.25,0.99997,0.0,fiveg_nidd,4
s332559,non_causal,26,0.5,0.99997,0.0,fiveg_nidd,4
s332559,non_causal,26,0.75,0.99997,0.0,fiveg_nidd,4
s332559,non_causal,26,1.0,0.99997,0.0,fiveg_nidd,4
s332559,non_causal,30,0.0,0.99997,0.0,fiveg_nidd,4
s332559,non_causal,30,0.25,0.99986,0.0001,fiveg_nidd,4
s332559,non_causal,30,0.5,0.99986,0.0001,fiveg_nidd,4
s332559,non_causal,30,0.75,0.99986,0.0001,fiveg_nidd,4
s332559,non_causal,30,1.0,0.99986,0.0001,fiveg_nidd,4
s311258,causal,8,0.0,0.99997,0.0,fiveg_nidd,4
s311258,causal,8,0.25,0.50129,0.49868,fiveg_nidd,4
s311258,causal,8,0.5,0.50129,0.49868,fiveg_nidd,4
s311258,causal,8,0.75,0.50129,0.49868,fiveg_nidd,4
s311258,causal,8,1.0,0.50129,0.49868,fiveg_nidd,4
s311258,non_causal,25,0.0,0.99997,0.0,fiveg_nidd,4
s311258,non_causal,25,0.25,0.99997,0.0,fiveg_nidd,4
s311258,non_causal,25,0.5,0.99997,0.0,fiveg_nidd,4
s311258,non_causal,25,0.75,0.99997,0.0,fiveg_nidd,4
s311258,non_causal,25,1.0,0.99997,0.0,fiveg_nidd,4
s311258,non_causal,13,0.0,0.99997,0.0,fiveg_nidd,4
s311258,non_causal,13,0.25,0.99997,0.0,fiveg_nidd,4
s311258,non_causal,13,0.5,0.99997,0.0,fiveg_nidd,4
s311258,non_causal,13,0.75,0.99997,0.0,fiveg_nidd,4
s311258,non_causal,13,1.0,0.99997,0.0,fiveg_nidd,4
s311258,non_causal,5,0.0,0.99997,0.0,fiveg_nidd,4
s311258,non_causal,5,0.25,0.99997,0.0,fiveg_nidd,4
s311258,non_causal,5,0.5,0.99997,0.0,fiveg_nidd,4
s311258,non_causal,5,0.75,0.99997,0.0,fiveg_nidd,4
s311258,non_causal,5,1.0,0.99997,0.0,fiveg_nidd,4
s292892,causal,8,0.0,0.99997,0.0,fiveg_nidd,4
s292892,causal,8,0.25,0.50097,0.499,fiveg_nidd,4
s292892,causal,8,0.5,0.50097,0.499,fiveg_nidd,4
s292892,causal,8,0.75,0.50097,0.499,fiveg_nidd,4
s292892,causal,8,1.0,0.50097,0.499,fiveg_nidd,4
s292892,non_causal,6,0.0,0.99997,0.0,fiveg_nidd,4
s292892,non_causal,6,0.25,0.99997,0.0,fiveg_nidd,4
s292892,non_causal,6,0.5,0.99997,0.0,fiveg_nidd,4
s292892,non_causal,6,0.75,0.99997,0.0,fiveg_nidd,4
s292892,non_causal,6,1.0,0.99997,0.0,fiveg_nidd,4
s292892,non_causal,7,0.0,0.99997,0.0,fiveg_nidd,4
s292892,non_causal,7,0.25,0.99997,0.0,fiveg_nidd,4
s292892,non_causal,7,0.5,0.99997,0.0,fiveg_nidd,4
s292892,non_causal,7,0.75,0.99997,0.0,fiveg_nidd,4
s292892,non_causal,7,1.0,0.99997,0.0,fiveg_nidd,4
s292892,non_causal,34,0.0,0.99997,0.0,fiveg_nidd,4
s292892,non_causal,34,0.25,0.99997,0.0,fiveg_nidd,4
s292892,non_causal,34,0.5,0.99997,0.0,fiveg_nidd,4
s292892,non_causal,34,0.75,0.99997,0.0,fiveg_nidd,4
s292892,non_causal,34,1.0,0.99997,0.0,fiveg_nidd,4
s310719,causal,8,0.0,0.99997,0.0,fiveg_nidd,4
s310719,causal,8,0.25,0.50099,0.49898,fiveg_nidd,4
s310719,causal,8,0.5,0.50099,0.49898,fiveg_nidd,4
s310719,causal,8,0.75,0.50099,0.49898,fiveg_nidd,4
s310719,causal,8,1.0,0.50099,0.49898,fiveg_nidd,4
s310719,non_causal,6,0.0,0.99997,0.0,fiveg_nidd,4
s310719,non_causal,6,0.25,0.99997,0.0,fiveg_nidd,4
s310719,non_causal,6,0.5,0.99997,0.0,fiveg_nidd,4
s310719,non_causal,6,0.75,0.99997,0.0,fiveg_nidd,4
s310719,non_causal,6,1.0,0.99997,0.0,fiveg_nidd,4
s310719,non_causal,14,0.0,0.99997,0.0,fiveg_nidd,4
s310719,non_causal,14,0.25,0.99997,0.0,fiveg_nidd,4
s310719,non_causal,14,0.5,0.99997,0.0,fiveg_nidd,4
s310719,non_causal,14,0.75,0.99997,0.0,fiveg_nidd,4
s310719,non_causal,14,1.0,0.99997,0.0,fiveg_nidd,4
s310719,non_causal,39,0.0,0.99997,0.0,fiveg_nidd,4
s310719,non_causal,39,0.25,0.99997,-0.0,fiveg_nidd,4
s310719,non_causal,39,0.5,0.99997,-0.0,fiveg_nidd,4
s310719,non_causal,39,0.75,0.99997,-0.0,fiveg_nidd,4
s310719,non_causal,39,1.0,0.99997,-0.0,fiveg_nidd,4
s314745,causal,8,0.0,0.99995,0.0,fiveg_nidd,4
s314745,causal,8,0.25,0.48012,0.51983,fiveg_nidd,4
s314745,causal,8,0.5,0.48012,0.51983,fiveg_nidd,4
s314745,causal,8,0.75,0.48012,0.51983,fiveg_nidd,4
s314745,causal,8,1.0,0.48012,0.51983,fiveg_nidd,4
s314745,causal,32,0.0,0.99995,0.0,fiveg_nidd,4
s314745,causal,32,0.25,0.75901,0.24095,fiveg_nidd,4
s314745,causal,32,0.5,0.75901,0.24095,fiveg_nidd,4
s314745,causal,32,0.75,0.75901,0.24095,fiveg_nidd,4
s314745,causal,32,1.0,0.75901,0.24095,fiveg_nidd,4
s314745,non_causal,40,0.0,0.99995,0.0,fiveg_nidd,4
s314745,non_causal,40,0.25,0.99995,0.0,fiveg_nidd,4
s314745,non_causal,40,0.5,0.99995,1e-05,fiveg_nidd,4
s314745,non_causal,40,0.75,0.99729,0.00266,fiveg_nidd,4
s314745,non_causal,40,1.0,0.99729,0.00266,fiveg_nidd,4
s314745,non_causal,15,0.0,0.99995,0.0,fiveg_nidd,4
s314745,non_causal,15,0.25,0.99995,0.0,fiveg_nidd,4
s314745,non_causal,15,0.5,0.99995,0.0,fiveg_nidd,4
s314745,non_causal,15,0.75,0.99995,0.0,fiveg_nidd,4
s314745,non_causal,15,1.0,0.99995,0.0,fiveg_nidd,4
s314745,non_causal,3,0.0,0.99995,0.0,fiveg_nidd,4
s314745,non_causal,3,0.25,0.99995,0.0,fiveg_nidd,4
s314745,non_causal,3,0.5,0.99995,0.0,fiveg_nidd,4
s314745,non_causal,3,0.75,0.99995,0.0,fiveg_nidd,4
s314745,non_causal,3,1.0,0.99995,0.0,fiveg_nidd,4
s345074,causal,8,0.0,0.99997,0.0,fiveg_nidd,4
s345074,causal,8,0.25,0.50731,0.49266,fiveg_nidd,4
s345074,causal,8,0.5,0.50731,0.49266,fiveg_nidd,4
s345074,causal,8,0.75,0.50731,0.49266,fiveg_nidd,4
s345074,causal,8,1.0,0.50731,0.49266,fiveg_nidd,4
s345074,non_causal,18,0.0,0.99997,0.0,fiveg_nidd,4
s345074,non_causal,18,0.25,0.99997,0.0,fiveg_nidd,4
s345074,non_causal,18,0.5,0.99997,0.0,fiveg_nidd,4
s345074,non_causal,18,0.75,0.99997,0.0,fiveg_nidd,4
s345074,non_causal,18,1.0,0.99997,0.0,fiveg_nidd,4
s345074,non_causal,4,0.0,0.99997,0.0,fiveg_nidd,4
s345074,non_causal,4,0.25,0.99997,0.0,fiveg_nidd,4
s345074,non_causal,4,0.5,0.99997,0.0,fiveg_nidd,4
s345074,non_causal,4,0.75,0.99997,0.0,fiveg_nidd,4
s345074,non_causal,4,1.0,0.99997,0.0,fiveg_nidd,4
s345074,non_causal,35,0.0,0.99997,0.0,fiveg_nidd,4
s345074,non_causal,35,0.25,0.99997,0.0,fiveg_nidd,4
s345074,non_causal,35,0.5,0.99997,0.0,fiveg_nidd,4
s345074,non_causal,35,0.75,0.99997,0.0,fiveg_nidd,4
s345074,non_causal,35,1.0,0.99997,0.0,fiveg_nidd,4
s156304,causal,0,0.0,0.92791,0.0,fiveg_nidd,4
s156304,causal,0,0.25,0.90024,0.02767,fiveg_nidd,4
s156304,causal,0,0.5,0.90024,0.02767,fiveg_nidd,4
s156304,causal,0,0.75,0.3844,0.54351,fiveg_nidd,4
s156304,causal,0,1.0,0.38425,0.54366,fiveg_nidd,4
s156304,causal,8,0.0,0.92791,0.0,fiveg_nidd,4
s156304,causal,8,0.25,0.13967,0.78824,fiveg_nidd,4
s156304,causal,8,0.5,0.13967,0.78824,fiveg_nidd,4
s156304,causal,8,0.75,0.13967,0.78824,fiveg_nidd,4
s156304,causal,8,1.0,0.13967,0.78824,fiveg_nidd,4
s156304,causal,40,0.0,0.92791,0.0,fiveg_nidd,4
s156304,causal,40,0.25,0.79728,0.13063,fiveg_nidd,4
s156304,causal,40,0.5,0.00548,0.92243,fiveg_nidd,4
s156304,causal,40,0.75,0.00548,0.92243,fiveg_nidd,4
s156304,causal,40,1.0,0.00548,0.92243,fiveg_nidd,4
s156304,non_causal,22,0.0,0.92791,0.0,fiveg_nidd,4
s156304,non_causal,22,0.25,0.933,-0.00509,fiveg_nidd,4
s156304,non_causal,22,0.5,0.933,-0.00509,fiveg_nidd,4
s156304,non_causal,22,0.75,0.933,-0.00509,fiveg_nidd,4
s156304,non_causal,22,1.0,0.933,-0.00509,fiveg_nidd,4
s156304,non_causal,32,0.0,0.92791,0.0,fiveg_nidd,4
s156304,non_causal,32,0.25,0.97579,-0.04788,fiveg_nidd,4
s156304,non_causal,32,0.5,0.97579,-0.04788,fiveg_nidd,4
s156304,non_causal,32,0.75,0.97579,-0.04788,fiveg_nidd,4
s156304,non_causal,32,1.0,0.97579,-0.04788,fiveg_nidd,4
s156304,non_causal,21,0.0,0.92791,0.0,fiveg_nidd,4
s156304,non_causal,21,0.25,0.92791,0.0,fiveg_nidd,4
s156304,non_causal,21,0.5,0.92791,0.0,fiveg_nidd,4
s156304,non_causal,21,0.75,0.92791,0.0,fiveg_nidd,4
s156304,non_causal,21,1.0,0.92791,0.0,fiveg_nidd,4
s143055,causal,8,0.0,0.99996,0.0,fiveg_nidd,4
s143055,causal,8,0.25,0.49505,0.50491,fiveg_nidd,4
s143055,causal,8,0.5,0.49505,0.50491,fiveg_nidd,4
s143055,causal,8,0.75,0.49505,0.50491,fiveg_nidd,4
s143055,causal,8,1.0,0.49505,0.50491,fiveg_nidd,4
s143055,causal,32,0.0,0.99996,0.0,fiveg_nidd,4
s143055,causal,32,0.25,0.81316,0.1868,fiveg_nidd,4
s143055,causal,32,0.5,0.81316,0.1868,fiveg_nidd,4
s143055,causal,32,0.75,0.81316,0.1868,fiveg_nidd,4
s143055,causal,32,1.0,0.81316,0.1868,fiveg_nidd,4
s143055,non_causal,12,0.0,0.99996,0.0,fiveg_nidd,4
s143055,non_causal,12,0.25,0.99996,0.0,fiveg_nidd,4
s143055,non_causal,12,0.5,0.99996,0.0,fiveg_nidd,4
s143055,non_causal,12,0.75,0.99996,0.0,fiveg_nidd,4
s143055,non_causal,12,1.0,0.99996,0.0,fiveg_nidd,4
s143055,non_causal,22,0.0,0.99996,0.0,fiveg_nidd,4
s143055,non_causal,22,0.25,0.99996,-0.0,fiveg_nidd,4
s143055,non_causal,22,0.5,0.99996,-0.0,fiveg_nidd,4
s143055,non_causal,22,0.75,0.99996,-0.0,fiveg_nidd,4
s143055,non_causal,22,1.0,0.99996,-0.0,fiveg_nidd,4
s143055,non_causal,16,0.0,0.99996,0.0,fiveg_nidd,4
s143055,non_causal,16,0.25,0.99996,0.0,fiveg_nidd,4
s143055,non_causal,16,0.5,0.99996,0.0,fiveg_nidd,4
s143055,non_causal,16,0.75,0.99996,0.0,fiveg_nidd,4
s143055,non_causal,16,1.0,0.99996,0.0,fiveg_nidd,4
s113509,causal,8,0.0,0.99997,0.0,fiveg_nidd,4
s113509,causal,8,0.25,0.4955,0.50447,fiveg_nidd,4
s113509,causal,8,0.5,0.4955,0.50447,fiveg_nidd,4
s113509,causal,8,0.75,0.4955,0.50447,fiveg_nidd,4
s113509,causal,8,1.0,0.4955,0.50447,fiveg_nidd,4
s113509,non_causal,1,0.0,0.99997,0.0,fiveg_nidd,4
s113509,non_causal,1,0.25,0.99997,0.0,fiveg_nidd,4
s113509,non_causal,1,0.5,0.99997,0.0,fiveg_nidd,4
s113509,non_causal,1,0.75,0.99997,0.0,fiveg_nidd,4
s113509,non_causal,1,1.0,0.99997,0.0,fiveg_nidd,4
s113509,non_causal,6,0.0,0.99997,0.0,fiveg_nidd,4
s113509,non_causal,6,0.25,0.99997,0.0,fiveg_nidd,4
s113509,non_causal,6,0.5,0.99997,0.0,fiveg_nidd,4
s113509,non_causal,6,0.75,0.99997,0.0,fiveg_nidd,4
s113509,non_causal,6,1.0,0.99997,0.0,fiveg_nidd,4
s113509,non_causal,27,0.0,0.99997,0.0,fiveg_nidd,4
s113509,non_causal,27,0.25,0.99997,0.0,fiveg_nidd,4
s113509,non_causal,27,0.5,0.99997,0.0,fiveg_nidd,4
s113509,non_causal,27,0.75,0.99997,0.0,fiveg_nidd,4
s113509,non_causal,27,1.0,0.99997,0.0,fiveg_nidd,4
