sample_id,feature_kind,feature_idx,ablation_frac,detect_prob,detect_drop,dataset,seed
s218094,causal,0,0.0,0.50466,0.0,ciciomt2024,0
s218094,causal,0,0.25,0.17703,0.32763,ciciomt2024,0
s218094,causal,0,0.5,0.17703,0.32763,ciciomt2024,0
s218094,causal,0,0.75,0.17703,0.32763,ciciomt2024,0
s218094,causal,0,1.0,0.17702,0.32764,ciciomt2024,0
s218094,causal,1,0.0,0.50466,0.0,ciciomt2024,0
s218094,causal,1,0.25,0.54984,-0.04518,ciciomt2024,0
s218094,causal,1,0.5,0.49838,0.00629,ciciomt2024,0
s218094,causal,1,0.75,0.44293,0.06173,ciciomt2024,0
s218094,causal,1,1.0,0.44293,0.06173,ciciomt2024,0
s218094,causal,3,0.0,0.50466,0.0,ciciomt2024,0
s218094,causal,3,0.25,0.80893,-0.30427,ciciomt2024,0
s218094,causal,3,0.5,0.87511,-0.37045,ciciomt2024,0
s218094,causal,3,0.75,0.02896,0.4757,ciciomt2024,0
s218094,causal,3,1.0,0.09631,0.40836,ciciomt2024,0
s218094,causal,13,0.0,0.50466,0.0,ciciomt2024,0
s218094,causal,13,0.25,0.42373,0.08094,ciciomt2024,0
s218094,causal,13,0.5,0.42371,0.08095,ciciomt2024,0
s218094,causal,13,0.75,0.42371,0.08095,ciciomt2024,0
s218094,causal,13,1.0,0.4237,0.08096,ciciomt2024,0
s218094,causal,15,0.0,0.50466,0.0,ciciomt2024,0
s218094,causal,15,0.25,0.37288,0.13178,ciciomt2024,0
s218094,causal,15,0.5,0.37288,0.13178,ciciomt2024,0
s218094,causal,15,0.75,0.37288,0.13178,ciciomt2024,0
s218094,causal,15,1.0,0.37288,0.13178,ciciomt2024,0
s218094,causal,33,0.0,0.50466,0.0,ciciomt2024,0
s218094,causal,33,0.25,0.28014,0.22452,ciciomt2024,0
s218094,causal,33,0.5,0.28014,0.22452,ciciomt2024,0
s218094,causal,33,0.75,0.28014,0.22452,ciciomt2024,0
s218094,causal,33,1.0,0.28014,0.22452,ciciomt2024,0
s218094,causal,35,0.0,0.50466,0.0,ciciomt2024,0
s218094,causal,35,0.25,0.28358,0.22109,ciciomt2024,0
s218094,causal,35,0.5,0.28358,0.22109,ciciomt2024,0
s218094,causal,35,0.75,0.27255,0.23211,ciciomt2024,0
s218094,causal,35,1.0,0.27255,0.23212,ciciomt2024,0
s218094,causal,36,0.0,0.50466,0.0,ciciomt2024,0
s218094,causal,36,0.25,0.47221,0.03246,ciciomt2024,0
s218094,causal,36,0.5,0.36322,0.14144,ciciomt2024,0
s218094,causal,36,0.75,0.36322,0.14144,ciciomt2024,0
s218094,causal,36,1.0,0.36322,0.14144,ciciomt2024,0
s218094,causal,40,0.0,0.50466,0.0,ciciomt2024,0
s218094,causal,40,0.25,0.22469,0.27997,ciciomt2024,0
s218094,causal,40,0.5,0.22469,0.27997,ciciomt2024,0
s218094,causal,40,0.75,0.22468,0.27998,ciciomt2024,0
s218094,causal,40,1.0,0.22469,0.27998,ciciomt2024,0
s218094,causal,41,0.0,0.50466,0.0,ciciomt2024,0
s218094,causal,41,0.25,0.4317,0.07297,ciciomt2024,0
s218094,causal,41,0.5,0.38268,0.12198,ciciomt2024,0
s218094,causal,41,0.75,0.35785,0.14681,ciciomt2024,0
s218094,causal,41,1.0,0.30518,0.19948,ciciomt2024,0
s218094,non_causal,5,0.0,0.50466,0.0,ciciomt2024,0
s218094,non_causal,5,0.25,0.50466,0.0,ciciomt2024,0
s218094,non_causal,5,0.5,0.50466,0.0,ciciomt2024,0
s218094,non_causal,5,0.75,0.50466,0.0,ciciomt2024,0
s218094,non_causal,5,1.0,0.50466,0.0,ciciomt2024,0
s218094,non_causal,14,0.0,0.50466,0.0,ciciomt2024,0
s218094,non_causal,14,0.25,0.50466,0.0,ciciomt2024,0
s218094,non_causal,14,0.5,0.50466,0.0,ciciomt2024,0
s218094,non_causal,14,0.75,0.50466,0.0,ciciomt2024,0
s218094,non_causal,14,1.0,0.50466,0.0,ciciomt2024,0
s218094,non_causal,28,0.0,0.50466,0.0,ciciomt2024,0
s218094,non_causal,28,0.25,0.50466,0.0,ciciomt2024,0
s218094,non_causal,28,0.5,0.50466,0.0,ciciomt2024,0
s218094,non_causal,28,0.75,0.50466,0.0,ciciomt2024,0
s218094,non_causal,28,1.0,0.50466,0.0,ciciomt2024,0
s226051,causal,0,0.0,0.82922,0.0,ciciomt2024,0
s226051,causal,0,0.25,0.18495,0.64427,ciciomt2024,0
s226051,causal,0,0.5,0.18495,0.64427,ciciomt2024,0
s226051,causal,0,0.75,0.18495,0.64427,ciciomt2024,0
s226051,causal,0,1.0,0.18494,0.64428,ciciomt2024,0
s226051,causal,1,0.0,0.82922,0.0,ciciomt2024,0
s226051,causal,1,0.25,0.77123,0.05799,ciciomt2024,0
s226051,causal,1,0.5,0.72398,0.10524,ciciomt2024,0
s226051,causal,1,0.75,0.72398,0.10524,ciciomt2024,0
s226051,causal,1,1.0,0.72398,0.10524,ciciomt2024,0
s226051,causal,3,0.0,0.82922,0.0,ciciomt2024,0
s226051,causal,3,0.25,0.8169,0.01232,ciciomt2024,0
s226051,causal,3,0.5,0.8515,-0.02228,ciciomt2024,0
s226051,causal,3,0.75,0.84051,-0.01129,ciciomt2024,0
s226051,causal,3,1.0,0.09939,0.72983,ciciomt2024,0
s226051,causal,15,0.0,0.82922,0.0,ciciomt2024,0
s226051,causal,15,0.25,0.73927,0.08995,ciciomt2024,0
s226051,causal,15,0.5,0.73927,0.08995,ciciomt2024,0
s226051,causal,15,0.75,0.73926,0.08996,ciciomt2024,0
s226051,causal,15,1.0,0.73926,0.08996,ciciomt2024,0
s226051,causal,33,0.0,0.82922,0.0,ciciomt2024,0
s226051,causal,33,0.25,0.67816,0.15106,ciciomt2024,0
s226051,causal,33,0.5,0.67816,0.15106,ciciomt2024,0
s226051,causal,33,0.75,0.67816,0.15106,ciciomt2024,0
s226051,causal,33,1.0,0.67816,0.15106,ciciomt2024,0
s226051,causal,35,0.0,0.82922,0.0,ciciomt2024,0
s226051,causal,35,0.25,0.63347,0.19575,ciciomt2024,0
s226051,causal,35,0.5,0.63347,0.19575,ciciomt2024,0
s226051,causal,35,0.75,0.63208,0.19714,ciciomt2024,0
s226051,causal,35,1.0,0.63207,0.19715,ciciomt2024,0
s226051,causal,36,0.0,0.82922,0.0,ciciomt2024,0
s226051,causal,36,0.25,0.80878,0.02045,ciciomt2024,0
s226051,causal,36,0.5,0.75134,0.07788,ciciomt2024,0
s226051,causal,36,0.75,0.75134,0.07788,ciciomt2024,0
s226051,causal,36,1.0,0.75134,0.07788,ciciomt2024,0
s226051,causal,40,0.0,0.82922,0.0,ciciomt2024,0
s226051,causal,40,0.25,0.7685,0.06072,ciciomt2024,0
s226051,causal,40,0.5,0.7685,0.06072,ciciomt2024,0
s226051,causal,40,0.75,0.76848,0.06074,ciciomt2024,0
s226051,causal,40,1.0,0.76848,0.06074,ciciomt2024,0
s226051,causal,41,0.0,0.82922,0.0,ciciomt2024,0
s226051,causal,41,0.25,0.78554,0.04369,ciciomt2024,0
s226051,causal,41,0.5,0.74931,0.07992,ciciomt2024,0
s226051,causal,41,0.75,0.72873,0.1005,ciciomt2024,0
s226051,causal,41,1.0,0.67922,0.15,ciciomt2024,0
s226051,non_causal,20,0.0,0.82922,0.0,ciciomt2024,0
s226051,non_causal,20,0.25,0.82922,0.0,ciciomt2024,0
s226051,non_causal,20,0.5,0.82922,0.0,ciciomt2024,0
s226051,non_causal,20,0.75,0.82922,0.0,ciciomt2024,0
s226051,non_causal,20,1.0,0.82922,0.0,ciciomt2024,0
s226051,non_causal,31,0.0,0.82922,0.0,ciciomt2024,0
s226051,non_causal,31,0.25,0.84613,-0.01691,ciciomt2024,0
s226051,non_causal,31,0.5,0.83644,-0.00722,ciciomt2024,0
s226051,non_causal,31,0.75,0.83644,-0.00722,ciciomt2024,0
s226051,non_causal,31,1.0,0.83644,-0.00722,ciciomt2024,0
s226051,non_causal,24,0.0,0.82922,0.0,ciciomt2024,0
s226051,non_causal,24,0.25,0.80301,0.02621,ciciomt2024,0
s226051,non_causal,24,0.5,0.61787,0.21135,ciciomt2024,0
s226051,non_causal,24,0.75,0.9422,-0.11298,ciciomt2024,0
s226051,non_causal,24,1.0,0.94198,-0.11275,ciciomt2024,0
s647796,causal,0,0.0,0.70299,0.0,ciciomt2024,0
s647796,causal,0,0.25,0.08924,0.61375,ciciomt2024,0
s647796,causal,0,0.5,0.08924,0.61375,ciciomt2024,0
s647796,causal,0,0.75,0.08924,0.61375,ciciomt2024,0
s647796,causal,0,1.0,0.08923,0.61375,ciciomt2024,0
s647796,causal,1,0.0,0.70299,0.0,ciciomt2024,0
s647796,causal,1,0.25,0.70205,0.00093,ciciomt2024,0
s647796,causal,1,0.5,0.6491,0.05389,ciciomt2024,0
s647796,causal,1,0.75,0.6491,0.05389,ciciomt2024,0
s647796,causal,1,1.0,0.6491,0.05389,ciciomt2024,0
s647796,causal,3,0.0,0.70299,0.0,ciciomt2024,0
s647796,causal,3,0.25,0.93509,-0.2321,ciciomt2024,0
s647796,causal,3,0.5,0.93107,-0.22809,ciciomt2024,0
s647796,causal,3,0.75,0.06158,0.64141,ciciomt2024,0
s647796,causal,3,1.0,0.09601,0.60697,ciciomt2024,0
s647796,causal,13,0.0,0.70299,0.0,ciciomt2024,0
s647796,causal,13,0.25,0.43801,0.26498,ciciomt2024,0
s647796,causal,13,0.5,0.43799,0.26499,ciciomt2024,0
s647796,causal,13,0.75,0.43799,0.26499,ciciomt2024,0
s647796,causal,13,1.0,0.43797,0.26502,ciciomt2024,0
s647796,causal,15,0.0,0.70299,0.0,ciciomt2024,0
s647796,causal,15,0.25,0.48069,0.22229,ciciomt2024,0
s647796,causal,15,0.5,0.48069,0.2223,ciciomt2024,0
s647796,causal,15,0.75,0.48069,0.2223,ciciomt2024,0
s647796,causal,15,1.0,0.48069,0.2223,ciciomt2024,0
s647796,causal,33,0.0,0.70299,0.0,ciciomt2024,0
s647796,causal,33,0.25,0.47125,0.23174,ciciomt2024,0
s647796,causal,33,0.5,0.45352,0.24946,ciciomt2024,0
s647796,causal,33,0.75,0.45352,0.24946,ciciomt2024,0
s647796,causal,33,1.0,0.45352,0.24946,ciciomt2024,0
s647796,causal,35,0.0,0.70299,0.0,ciciomt2024,0
s647796,causal,35,0.25,0.4234,0.27958,ciciomt2024,0
s647796,causal,35,0.5,0.4234,0.27958,ciciomt2024,0
s647796,causal,35,0.75,0.41005,0.29293,ciciomt2024,0
s647796,causal,35,1.0,0.41005,0.29294,ciciomt2024,0
s647796,causal,36,0.0,0.70299,0.0,ciciomt2024,0
s647796,causal,36,0.25,0.71833,-0.01534,ciciomt2024,0
s647796,causal,36,0.5,0.62503,0.07796,ciciomt2024,0
s647796,causal,36,0.75,0.62503,0.07796,ciciomt2024,0
s647796,causal,36,1.0,0.62503,0.07796,ciciomt2024,0
s647796,causal,40,0.0,0.70299,0.0,ciciomt2024,0
s647796,causal,40,0.25,0.62011,0.08288,ciciomt2024,0
s647796,causal,40,0.5,0.62011,0.08288,ciciomt2024,0
s647796,causal,40,0.75,0.62009,0.08289,ciciomt2024,0
s647796,causal,40,1.0,0.62009,0.08289,ciciomt2024,0
s647796,causal,41,0.0,0.70299,0.0,ciciomt2024,0
s647796,causal,41,0.25,0.63832,0.06467,ciciomt2024,0
s647796,causal,41,0.5,0.59959,0.1034,ciciomt2024,0
s647796,causal,41,0.75,0.57374,0.12925,ciciomt2024,0
s647796,causal,41,1.0,0.51477,0.18821,ciciomt2024,0
s647796,non_causal,4,0.0,0.70299,0.0,ciciomt2024,0
s647796,non_causal,4,0.25,0.70299,0.0,ciciomt2024,0
s647796,non_causal,4,0.5,0.70299,0.0,ciciomt2024,0
s647796,non_causal,4,0.75,0.70299,0.0,ciciomt2024,0
s647796,non_causal,4,1.0,0.70299,0.0,ciciomt2024,0
s647796,non_causal,6,0.0,0.70299,0.0,ciciomt2024,0
s647796,non_causal,6,0.25,0.70299,0.0,ciciomt2024,0
s647796,non_causal,6,0.5,0.70299,0.0,ciciomt2024,0
s647796,non_causal,6,0.75,0.70299,0.0,ciciomt2024,0
s647796,non_causal,6,1.0,0.70299,0.0,ciciomt2024,0
s647796,non_causal,32,0.0,0.70299,0.0,ciciomt2024,0
s647796,non_causal,32,0.25,0.69801,0.00498,ciciomt2024,0
s647796,non_causal,32,0.5,0.69802,0.00496,ciciomt2024,0
s647796,non_causal,32,0.75,0.69798,0.00501,ciciomt2024,0
s647796,non_causal,32,1.0,0.69798,0.00501,ciciomt2024,0
s729596,causal,0,0.0,0.5025,0.0,ciciomt2024,0
s729596,causal,0,0.25,0.09704,0.40546,ciciomt2024,0
s729596,causal,0,0.5,0.09704,0.40546,ciciomt2024,0
s729596,causal,0,0.75,0.09704,0.40546,ciciomt2024,0
s729596,causal,0,1.0,0.09704,0.40546,ciciomt2024,0
s729596,causal,3,0.0,0.5025,0.0,ciciomt2024,0
s729596,causal,3,0.25,0.89247,-0.38997,ciciomt2024,0
s729596,causal,3,0.5,0.91062,-0.40812,ciciomt2024,0
s729596,causal,3,0.75,0.03635,0.46615,ciciomt2024,0
s729596,causal,3,1.0,0.10493,0.39757,ciciomt2024,0
s729596,causal,13,0.0,0.5025,0.0,ciciomt2024,0
s729596,causal,13,0.25,0.25251,0.24999,ciciomt2024,0
s729596,causal,13,0.5,0.2525,0.25,ciciomt2024,0
s729596,causal,13,0.75,0.2525,0.25,ciciomt2024,0
s729596,causal,13,1.0,0.25249,0.25001,ciciomt2024,0
s729596,causal,15,0.0,0.5025,0.0,ciciomt2024,0
s729596,causal,15,0.25,0.37434,0.12816,ciciomt2024,0
s729596,causal,15,0.5,0.37434,0.12816,ciciomt2024,0
s729596,causal,15,0.75,0.37434,0.12816,ciciomt2024,0
s729596,causal,15,1.0,0.37434,0.12816,ciciomt2024,0
s729596,causal,33,0.0,0.5025,0.0,ciciomt2024,0
s729596,causal,33,0.25,0.25928,0.24321,ciciomt2024,0
s729596,causal,33,0.5,0.25928,0.24321,ciciomt2024,0
s729596,causal,33,0.75,0.25928,0.24321,ciciomt2024,0
s729596,causal,33,1.0,0.25928,0.24321,ciciomt2024,0
s729596,causal,35,0.0,0.5025,0.0,ciciomt2024,0
s729596,causal,35,0.25,0.27195,0.23055,ciciomt2024,0
s729596,causal,35,0.5,0.27195,0.23055,ciciomt2024,0
s729596,causal,35,0.75,0.26476,0.23773,ciciomt2024,0
s729596,causal,35,1.0,0.26476,0.23774,ciciomt2024,0
s729596,causal,36,0.0,0.5025,0.0,ciciomt2024,0
s729596,causal,36,0.25,0.45633,0.04617,ciciomt2024,0
s729596,causal,36,0.5,0.36599,0.13651,ciciomt2024,0
s729596,causal,36,0.75,0.36599,0.13651,ciciomt2024,0
s729596,causal,36,1.0,0.36599,0.13651,ciciomt2024,0
s729596,causal,40,0.0,0.5025,0.0,ciciomt2024,0
s729596,causal,40,0.25,0.22078,0.28172,ciciomt2024,0
s729596,causal,40,0.5,0.22078,0.28172,ciciomt2024,0
s729596,causal,40,0.75,0.22077,0.28173,ciciomt2024,0
s729596,causal,40,1.0,0.22077,0.28172,ciciomt2024,0
s729596,causal,41,0.0,0.5025,0.0,ciciomt2024,0
s729596,causal,41,0.25,0.42957,0.07293,ciciomt2024,0
s729596,causal,41,0.5,0.36898,0.13352,ciciomt2024,0
s729596,causal,41,0.75,0.33341,0.16909,ciciomt2024,0
s729596,causal,41,1.0,0.28276,0.21974,ciciomt2024,0
s729596,non_causal,25,0.0,0.5025,0.0,ciciomt2024,0
s729596,non_causal,25,0.25,0.5025,0.0,ciciomt2024,0
s729596,non_causal,25,0.5,0.5025,0.0,ciciomt2024,0
s729596,non_causal,25,0.75,0.5025,0.0,ciciomt2024,0
s729596,non_causal,25,1.0,0.5025,0.0,ciciomt2024,0
s729596,non_causal,37,0.0,0.5025,0.0,ciciomt2024,0
s729596,non_causal,37,0.25,0.5025,0.0,ciciomt2024,0
s729596,non_causal,37,0.5,0.5025,0.0,ciciomt2024,0
s729596,non_causal,37,0.75,0.5025,0.0,ciciomt2024,0
s729596,non_causal,37,1.0,0.5025,0.0,ciciomt2024,0
s729596,non_causal,11,0.0,0.5025,0.0,ciciomt2024,0
s729596,non_causal,11,0.25,0.5025,0.0,ciciomt2024,0
s729596,non_causal,11,0.5,0.5025,0.0,ciciomt2024,0
s729596,non_causal,11,0.75,0.5025,0.0,ciciomt2024,0
s729596,non_causal,11,1.0,0.5025,0.0,ciciomt2024,0
s746866,causal,0,0.0,0.61703,0.0,ciciomt2024,0
s746866,causal,0,0.25,0.48567,0.13136,ciciomt2024,0
s746866,causal,0,0.5,0.48567,0.13136,ciciomt2024,0
s746866,causal,0,0.75,0.48567,0.13136,ciciomt2024,0
s746866,causal,0,1.0,0.48563,0.1314,ciciomt2024,0
s746866,causal,3,0.0,0.61703,0.0,ciciomt2024,0
s746866,causal,3,0.25,0.22343,0.3936,ciciomt2024,0
s746866,causal,3,0.5,0.63493,-0.01789,ciciomt2024,0
s746866,causal,3,0.75,0.16504,0.45199,ciciomt2024,0
s746866,causal,3,1.0,0.11903,0.498,ciciomt2024,0
s746866,causal,8,0.0,0.61703,0.0,ciciomt2024,0
s746866,causal,8,0.25,0.51838,0.09865,ciciomt2024,0
s746866,causal,8,0.5,0.5456,0.07143,ciciomt2024,0
s746866,causal,8,0.75,0.54552,0.07151,ciciomt2024,0
s746866,causal,8,1.0,0.54552,0.07151,ciciomt2024,0
s746866,causal,13,0.0,0.61703,0.0,ciciomt2024,0
s746866,causal,13,0.25,0.52,0.09703,ciciomt2024,0
s746866,causal,13,0.5,0.51998,0.09705,ciciomt2024,0
s746866,causal,13,0.75,0.51998,0.09705,ciciomt2024,0
s746866,causal,13,1.0,0.51996,0.09707,ciciomt2024,0
s746866,causal,33,0.0,0.61703,0.0,ciciomt2024,0
s746866,causal,33,0.25,0.39132,0.22571,ciciomt2024,0
s746866,causal,33,0.5,0.39132,0.22571,ciciomt2024,0
s746866,causal,33,0.75,0.39132,0.22571,ciciomt2024,0
s746866,causal,33,1.0,0.39132,0.22571,ciciomt2024,0
s746866,causal,35,0.0,0.61703,0.0,ciciomt2024,0
s746866,causal,35,0.25,0.39803,0.219,ciciomt2024,0
s746866,causal,35,0.5,0.39803,0.219,ciciomt2024,0
s746866,causal,35,0.75,0.3893,0.22773,ciciomt2024,0
s746866,causal,35,1.0,0.38929,0.22774,ciciomt2024,0
s746866,causal,36,0.0,0.61703,0.0,ciciomt2024,0
s746866,causal,36,0.25,0.52428,0.09275,ciciomt2024,0
s746866,causal,36,0.5,0.44575,0.17128,ciciomt2024,0
s746866,causal,36,0.75,0.44575,0.17128,ciciomt2024,0
s746866,causal,36,1.0,0.44575,0.17128,ciciomt2024,0
s746866,causal,40,0.0,0.61703,0.0,ciciomt2024,0
s746866,causal,40,0.25,0.32899,0.28805,ciciomt2024,0
s746866,causal,40,0.5,0.32899,0.28805,ciciomt2024,0
s746866,causal,40,0.75,0.32898,0.28806,ciciomt2024,0
s746866,causal,40,1.0,0.32898,0.28805,ciciomt2024,0
s746866,causal,41,0.0,0.61703,0.0,ciciomt2024,0
s746866,causal,41,0.25,0.48375,0.13328,ciciomt2024,0
s746866,causal,41,0.5,0.39987,0.21716,ciciomt2024,0
s746866,causal,41,0.75,0.34101,0.27602,ciciomt2024,0
s746866,causal,41,1.0,0.26153,0.3555,ciciomt2024,0
s746866,non_causal,11,0.0,0.61703,0.0,ciciomt2024,0
s746866,non_causal,11,0.25,0.61703,0.0,ciciomt2024,0
s746866,non_causal,11,0.5,0.61703,0.0,ciciomt2024,0
s746866,non_causal,11,0.75,0.61703,0.0,ciciomt2024,0
s746866,non_causal,11,1.0,0.61703,0.0,ciciomt2024,0
s746866,non_causal,18,0.0,0.61703,0.0,ciciomt2024,0
s746866,non_causal,18,0.25,0.61703,0.0,ciciomt2024,0
s746866,non_causal,18,0.5,0.61703,0.0,ciciomt2024,0
s746866,non_causal,18,0.75,0.61703,0.0,ciciomt2024,0
s746866,non_causal,18,1.0,0.61703,0.0,ciciomt2024,0
s746866,non_causal,30,0.0,0.61703,0.0,ciciomt2024,0
s746866,non_causal,30,0.25,0.61703,0.0,ciciomt2024,0
s746866,non_causal,30,0.5,0.61703,0.0,ciciomt2024,0
s746866,non_causal,30,0.75,0.61703,0.0,ciciomt2024,0
s746866,non_causal,30,1.0,0.61703,0.0,ciciomt2024,0
s751746,causal,0,0.0,0.9263,0.0,ciciomt2024,0
s751746,causal,0,0.25,0.13,0.7963,ciciomt2024,0
s751746,causal,0,0.5,0.13,0.7963,ciciomt2024,0
s751746,causal,0,0.75,0.13,0.7963,ciciomt2024,0
s751746,causal,0,1.0,0.12999,0.79631,ciciomt2024,0
s751746,causal,3,0.0,0.9263,0.0,ciciomt2024,0
s751746,causal,3,0.25,0.92109,0.00521,ciciomt2024,0
s751746,causal,3,0.5,0.24965,0.67664,ciciomt2024,0
s751746,causal,3,0.75,0.00716,0.91913,ciciomt2024,0
s751746,causal,3,1.0,0.09816,0.82814,ciciomt2024,0
s751746,causal,13,0.0,0.9263,0.0,ciciomt2024,0
s751746,causal,13,0.25,0.76581,0.16049,ciciomt2024,0
s751746,causal,13,0.5,0.76579,0.16051,ciciomt2024,0
s751746,causal,13,0.75,0.76579,0.16051,ciciomt2024,0
s751746,causal,13,1.0,0.76575,0.16054,ciciomt2024,0
s751746,causal,15,0.0,0.9263,0.0,ciciomt2024,0
s751746,causal,15,0.25,0.70873,0.21757,ciciomt2024,0
s751746,causal,15,0.5,0.70872,0.21758,ciciomt2024,0
s751746,causal,15,0.75,0.70871,0.21758,ciciomt2024,0
s751746,causal,15,1.0,0.70871,0.21758,ciciomt2024,0
s751746,causal,36,0.0,0.9263,0.0,ciciomt2024,0
s751746,causal,36,0.25,0.92461,0.00169,ciciomt2024,0
s751746,causal,36,0.5,0.82909,0.0972,ciciomt2024,0
s751746,causal,36,0.75,0.82909,0.0972,ciciomt2024,0
s751746,causal,36,1.0,0.82909,0.0972,ciciomt2024,0
s751746,causal,41,0.0,0.9263,0.0,ciciomt2024,0
s751746,causal,41,0.25,0.89975,0.02655,ciciomt2024,0
s751746,causal,41,0.5,0.89674,0.02956,ciciomt2024,0
s751746,causal,41,0.75,0.87605,0.05024,ciciomt2024,0
s751746,causal,41,1.0,0.84805,0.07825,ciciomt2024,0
s751746,non_causal,11,0.0,0.9263,0.0,ciciomt2024,0
s751746,non_causal,11,0.25,0.9263,0.0,ciciomt2024,0
s751746,non_causal,11,0.5,0.9263,0.0,ciciomt2024,0
s751746,non_causal,11,0.75,0.9263,0.0,ciciomt2024,0
s751746,non_causal,11,1.0,0.9263,0.0,ciciomt2024,0
s751746,non_causal,9,0.0,0.9263,0.0,ciciomt2024,0
s751746,non_causal,9,0.25,0.93766,-0.01136,ciciomt2024,0
s751746,non_causal,9,0.5,0.93766,-0.01136,ciciomt2024,0
s751746,non_causal,9,0.75,0.93763,-0.01133,ciciomt2024,0
s751746,non_causal,9,1.0,0.93727,-0.01097,ciciomt2024,0
s751746,non_causal,16,0.0,0.9263,0.0,ciciomt2024,0
s751746,non_causal,16,0.25,0.9263,0.0,ciciomt2024,0
s751746,non_causal,16,0.5,0.9263,0.0,ciciomt2024,0
s751746,non_causal,16,0.75,0.9263,0.0,ciciomt2024,0
s751746,non_causal,16,1.0,0.9263,0.0,ciciomt2024,0
s688470,causal,0,0.0,0.72943,0.0,ciciomt2024,0
s688470,causal,0,0.25,0.18495,0.54448,ciciomt2024,0
s688470,causal,0,0.5,0.18495,0.54448,ciciomt2024,0
s688470,causal,0,0.75,0.18495,0.54448,ciciomt2024,0
s688470,causal,0,1.0,0.18494,0.54449,ciciomt2024,0
s688470,causal,1,0.0,0.72943,0.0,ciciomt2024,0
s688470,causal,1,0.25,0.6725,0.05693,ciciomt2024,0
s688470,causal,1,0.5,0.62206,0.10737,ciciomt2024,0
s688470,causal,1,0.75,0.56845,0.16098,ciciomt2024,0
s688470,causal,1,1.0,0.56845,0.16098,ciciomt2024,0
s688470,causal,3,0.0,0.72943,0.0,ciciomt2024,0
s688470,causal,3,0.25,0.71239,0.01704,ciciomt2024,0
s688470,causal,3,0.5,0.76098,-0.03155,ciciomt2024,0
s688470,causal,3,0.75,0.72321,0.00622,ciciomt2024,0
s688470,causal,3,1.0,0.09506,0.63437,ciciomt2024,0
s688470,causal,15,0.0,0.72943,0.0,ciciomt2024,0
s688470,causal,15,0.25,0.60769,0.12173,ciciomt2024,0
s688470,causal,15,0.5,0.60769,0.12174,ciciomt2024,0
s688470,causal,15,0.75,0.60769,0.12174,ciciomt2024,0
s688470,causal,15,1.0,0.60768,0.12174,ciciomt2024,0
s688470,causal,33,0.0,0.72943,0.0,ciciomt2024,0
s688470,causal,33,0.25,0.59166,0.13776,ciciomt2024,0
s688470,causal,33,0.5,0.59166,0.13776,ciciomt2024,0
s688470,causal,33,0.75,0.59166,0.13776,ciciomt2024,0
s688470,causal,33,1.0,0.59166,0.13776,ciciomt2024,0
s688470,causal,35,0.0,0.72943,0.0,ciciomt2024,0
s688470,causal,35,0.25,0.52279,0.20664,ciciomt2024,0
s688470,causal,35,0.5,0.52279,0.20664,ciciomt2024,0
s688470,causal,35,0.75,0.52129,0.20814,ciciomt2024,0
s688470,causal,35,1.0,0.52128,0.20814,ciciomt2024,0
s688470,causal,40,0.0,0.72943,0.0,ciciomt2024,0
s688470,causal,40,0.25,0.62311,0.10631,ciciomt2024,0
s688470,causal,40,0.5,0.62311,0.10631,ciciomt2024,0
s688470,causal,40,0.75,0.62309,0.10633,ciciomt2024,0
s688470,causal,40,1.0,0.62309,0.10633,ciciomt2024,0
s688470,causal,41,0.0,0.72943,0.0,ciciomt2024,0
s688470,causal,41,0.25,0.67034,0.05909,ciciomt2024,0
s688470,causal,41,0.5,0.62397,0.10546,ciciomt2024,0
s688470,causal,41,0.75,0.59864,0.13079,ciciomt2024,0
s688470,causal,41,1.0,0.54036,0.18907,ciciomt2024,0
s688470,non_causal,6,0.0,0.72943,0.0,ciciomt2024,0
s688470,non_causal,6,0.25,0.72943,0.0,ciciomt2024,0
s688470,non_causal,6,0.5,0.72943,0.0,ciciomt2024,0
s688470,non_causal,6,0.75,0.72943,0.0,ciciomt2024,0
s688470,non_causal,6,1.0,0.72943,0.0,ciciomt2024,0
s688470,non_causal,12,0.0,0.72943,0.0,ciciomt2024,0
s688470,non_causal,12,0.25,0.72943,0.0,ciciomt2024,0
s688470,non_causal,12,0.5,0.72943,0.0,ciciomt2024,0
s688470,non_causal,12,0.75,0.72943,0.0,ciciomt2024,0
s688470,non_causal,12,1.0,0.72943,0.0,ciciomt2024,0
s688470,non_causal,20,0.0,0.72943,0.0,ciciomt2024,0
s688470,non_causal,20,0.25,0.72943,0.0,ciciomt2024,0
s688470,non_causal,20,0.5,0.72943,0.0,ciciomt2024,0
s688470,non_causal,20,0.75,0.72943,0.0,ciciomt2024,0
s688470,non_causal,20,1.0,0.72943,0.0,ciciomt2024,0
s641303,causal,0,0.0,0.78806,0.0,ciciomt2024,0
s641303,causal,0,0.25,0.12859,0.65947,ciciomt2024,0
s641303,causal,0,0.5,0.12859,0.65947,ciciomt2024,0
s641303,causal,0,0.75,0.12859,0.65947,ciciomt2024,0
s641303,causal,0,1.0,0.12858,0.65948,ciciomt2024,0
s641303,causal,1,0.0,0.78806,0.0,ciciomt2024,0
s641303,causal,1,0.25,0.76081,0.02725,ciciomt2024,0
s641303,causal,1,0.5,0.715,0.07306,ciciomt2024,0
s641303,causal,1,0.75,0.715,0.07306,ciciomt2024,0
s641303,causal,1,1.0,0.715,0.07306,ciciomt2024,0
s641303,causal,3,0.0,0.78806,0.0,ciciomt2024,0
s641303,causal,3,0.25,0.77674,0.01132,ciciomt2024,0
s641303,causal,3,0.5,0.3863,0.40176,ciciomt2024,0
s641303,causal,3,0.75,0.0068,0.78126,ciciomt2024,0
s641303,causal,3,1.0,0.09584,0.69222,ciciomt2024,0
s641303,causal,13,0.0,0.78806,0.0,ciciomt2024,0
s641303,causal,13,0.25,0.71977,0.06829,ciciomt2024,0
s641303,causal,13,0.5,0.71975,0.06831,ciciomt2024,0
s641303,causal,13,0.75,0.71975,0.06831,ciciomt2024,0
s641303,causal,13,1.0,0.71972,0.06834,ciciomt2024,0
s641303,causal,15,0.0,0.78806,0.0,ciciomt2024,0
s641303,causal,15,0.25,0.64405,0.14401,ciciomt2024,0
s641303,causal,15,0.5,0.64404,0.14402,ciciomt2024,0
s641303,causal,15,0.75,0.64404,0.14402,ciciomt2024,0
s641303,causal,15,1.0,0.64404,0.14402,ciciomt2024,0
s641303,causal,33,0.0,0.78806,0.0,ciciomt2024,0
s641303,causal,33,0.25,0.70307,0.08499,ciciomt2024,0
s641303,causal,33,0.5,0.70307,0.08499,ciciomt2024,0
s641303,causal,33,0.75,0.70307,0.08499,ciciomt2024,0
s641303,causal,33,1.0,0.70307,0.08499,ciciomt2024,0
s641303,causal,39,0.0,0.78806,0.0,ciciomt2024,0
s641303,causal,39,0.25,0.73657,0.05149,ciciomt2024,0
s641303,causal,39,0.5,0.73657,0.05149,ciciomt2024,0
s641303,causal,39,0.75,0.73657,0.05149,ciciomt2024,0
s641303,causal,39,1.0,0.73657,0.05149,ciciomt2024,0
s641303,causal,41,0.0,0.78806,0.0,ciciomt2024,0
s641303,causal,41,0.25,0.76106,0.027,ciciomt2024,0
s641303,causal,41,0.5,0.61224,0.17582,ciciomt2024,0
s641303,causal,41,0.75,0.5624,0.22566,ciciomt2024,0
s641303,causal,41,1.0,0.50367,0.28439,ciciomt2024,0
s641303,non_causal,10,0.0,0.78806,0.0,ciciomt2024,0
s641303,non_causal,10,0.25,0.78806,0.0,ciciomt2024,0
s641303,non_causal,10,0.5,0.78806,0.0,ciciomt2024,0
s641303,non_causal,10,0.75,0.78806,0.0,ciciomt2024,0
s641303,non_causal,10,1.0,0.78806,0.0,ciciomt2024,0
s641303,non_causal,9,0.0,0.78806,0.0,ciciomt2024,0
s641303,non_causal,9,0.25,0.7963,-0.00824,ciciomt2024,0
s641303,non_causal,9,0.5,0.7963,-0.00824,ciciomt2024,0
s641303,non_causal,9,0.75,0.79625,-0.00819,ciciomt2024,0
s641303,non_causal,9,1.0,0.79581,-0.00775,ciciomt2024,0
s641303,non_causal,27,0.0,0.78806,0.0,ciciomt2024,0
s641303,non_causal,27,0.25,0.78806,0.0,ciciomt2024,0
s641303,non_causal,27,0.5,0.78806,0.0,ciciomt2024,0
s641303,non_causal,27,0.75,0.78806,0.0,ciciomt2024,0
s641303,non_causal,27,1.0,0.78806,0.0,ciciomt2024,0
s765838,causal,0,0.0,0.85592,0.0,ciciomt2024,0
s765838,causal,0,0.25,0.04779,0.80813,ciciomt2024,0
s765838,causal,0,0.5,0.04779,0.80813,ciciomt2024,0
s765838,causal,0,0.75,0.04779,0.80813,ciciomt2024,0
s765838,causal,0,1.0,0.04779,0.80813,ciciomt2024,0
s765838,causal,1,0.0,0.85592,0.0,ciciomt2024,0
s765838,causal,1,0.25,0.77967,0.07625,ciciomt2024,0
s765838,causal,1,0.5,0.73496,0.12096,ciciomt2024,0
s765838,causal,1,0.75,0.73496,0.12096,ciciomt2024,0
s765838,causal,1,1.0,0.73496,0.12096,ciciomt2024,0
s765838,causal,3,0.0,0.85592,0.0,ciciomt2024,0
s765838,causal,3,0.25,0.4033,0.45262,ciciomt2024,0
s765838,causal,3,0.5,0.0628,0.79312,ciciomt2024,0
s765838,causal,3,0.75,0.00864,0.84728,ciciomt2024,0
s765838,causal,3,1.0,0.13842,0.7175,ciciomt2024,0
s765838,causal,13,0.0,0.85592,0.0,ciciomt2024,0
s765838,causal,13,0.25,0.5569,0.29902,ciciomt2024,0
s765838,causal,13,0.5,0.55688,0.29904,ciciomt2024,0
s765838,causal,13,0.75,0.55688,0.29904,ciciomt2024,0
s765838,causal,13,1.0,0.55685,0.29907,ciciomt2024,0
s765838,causal,15,0.0,0.85592,0.0,ciciomt2024,0
s765838,causal,15,0.25,0.64388,0.21203,ciciomt2024,0
s765838,causal,15,0.5,0.64388,0.21204,ciciomt2024,0
s765838,causal,15,0.75,0.64387,0.21205,ciciomt2024,0
s765838,causal,15,1.0,0.64387,0.21205,ciciomt2024,0
s765838,causal,23,0.0,0.85592,0.0,ciciomt2024,0
s765838,causal,23,0.25,0.83734,0.01858,ciciomt2024,0
s765838,causal,23,0.5,0.84098,0.01494,ciciomt2024,0
s765838,causal,23,0.75,0.84097,0.01495,ciciomt2024,0
s765838,causal,23,1.0,0.7898,0.06612,ciciomt2024,0
s765838,causal,33,0.0,0.85592,0.0,ciciomt2024,0
s765838,causal,33,0.25,0.7982,0.05772,ciciomt2024,0
s765838,causal,33,0.5,0.7982,0.05772,ciciomt2024,0
s765838,causal,33,0.75,0.7982,0.05772,ciciomt2024,0
s765838,causal,33,1.0,0.7982,0.05772,ciciomt2024,0
s765838,causal,36,0.0,0.85592,0.0,ciciomt2024,0
s765838,causal,36,0.25,0.86259,-0.00668,ciciomt2024,0
s765838,causal,36,0.5,0.77263,0.08329,ciciomt2024,0
s765838,causal,36,0.75,0.77263,0.08329,ciciomt2024,0
s765838,causal,36,1.0,0.77263,0.08329,ciciomt2024,0
s765838,causal,41,0.0,0.85592,0.0,ciciomt2024,0
s765838,causal,41,0.25,0.80921,0.04671,ciciomt2024,0
s765838,causal,41,0.5,0.80822,0.0477,ciciomt2024,0
s765838,causal,41,0.75,0.76401,0.09191,ciciomt2024,0
s765838,causal,41,1.0,0.70525,0.15067,ciciomt2024,0
s765838,non_causal,37,0.0,0.85592,0.0,ciciomt2024,0
s765838,non_causal,37,0.25,0.85592,0.0,ciciomt2024,0
s765838,non_causal,37,0.5,0.85592,0.0,ciciomt2024,0
s765838,non_causal,37,0.75,0.85592,0.0,ciciomt2024,0
s765838,non_causal,37,1.0,0.85592,0.0,ciciomt2024,0
s765838,non_causal,26,0.0,0.85592,0.0,ciciomt2024,0
s765838,non_causal,26,0.25,0.85592,0.0,ciciomt2024,0
s765838,non_causal,26,0.5,0.84799,0.00792,ciciomt2024,0
s765838,non_causal,26,0.75,0.84799,0.00792,ciciomt2024,0
s765838,non_causal,26,1.0,0.84796,0.00796,ciciomt2024,0
s765838,non_causal,34,0.0,0.85592,0.0,ciciomt2024,0
s765838,non_causal,34,0.25,0.92148,-0.06556,ciciomt2024,0
s765838,non_causal,34,0.5,0.92148,-0.06556,ciciomt2024,0
s765838,non_causal,34,0.75,0.92148,-0.06556,ciciomt2024,0
s765838,non_causal,34,1.0,0.92148,-0.06556,ciciomt2024,0
s703890,causal,0,0.0,0.83811,0.0,ciciomt2024,0
s703890,causal,0,0.25,0.0813,0.75682,ciciomt2024,0
s703890,causal,0,0.5,0.0813,0.75682,ciciomt2024,0
s703890,causal,0,0.75,0.0813,0.75682,ciciomt2024,0
s703890,causal,0,1.0,0.08129,0.75682,ciciomt2024,0
s703890,causal,3,0.0,0.83811,0.0,ciciomt2024,0
s703890,causal,3,0.25,0.92798,-0.08986,ciciomt2024,0
s703890,causal,3,0.5,0.75955,0.07857,ciciomt2024,0
s703890,causal,3,0.75,0.03498,0.80313,ciciomt2024,0
s703890,causal,3,1.0,0.09777,0.74035,ciciomt2024,0
s703890,causal,13,0.0,0.83811,0.0,ciciomt2024,0
s703890,causal,13,0.25,0.57393,0.26418,ciciomt2024,0
s703890,causal,13,0.5,0.57391,0.2642,ciciomt2024,0
s703890,causal,13,0.75,0.57391,0.2642,ciciomt2024,0
s703890,causal,13,1.0,0.57388,0.26423,ciciomt2024,0
s703890,causal,15,0.0,0.83811,0.0,ciciomt2024,0
s703890,causal,15,0.25,0.5948,0.24331,ciciomt2024,0
s703890,causal,15,0.5,0.5948,0.24332,ciciomt2024,0
s703890,causal,15,0.75,0.59479,0.24332,ciciomt2024,0
s703890,causal,15,1.0,0.59479,0.24332,ciciomt2024,0
s703890,causal,33,0.0,0.83811,0.0,ciciomt2024,0
s703890,causal,33,0.25,0.75558,0.08253,ciciomt2024,0
s703890,causal,33,0.5,0.74218,0.09594,ciciomt2024,0
s703890,causal,33,0.75,0.74218,0.09594,ciciomt2024,0
s703890,causal,33,1.0,0.74218,0.09594,ciciomt2024,0
s703890,causal,35,0.0,0.83811,0.0,ciciomt2024,0
s703890,causal,35,0.25,0.73723,0.10088,ciciomt2024,0
s703890,causal,35,0.5,0.73723,0.10088,ciciomt2024,0
s703890,causal,35,0.75,0.72646,0.11165,ciciomt2024,0
s703890,causal,35,1.0,0.72645,0.11166,ciciomt2024,0
s703890,causal,36,0.0,0.83811,0.0,ciciomt2024,0
s703890,causal,36,0.25,0.86126,-0.02315,ciciomt2024,0
s703890,causal,36,0.5,0.77229,0.06583,ciciomt2024,0
s703890,causal,36,0.75,0.77229,0.06583,ciciomt2024,0
s703890,causal,36,1.0,0.77229,0.06583,ciciomt2024,0
s703890,causal,41,0.0,0.83811,0.0,ciciomt2024,0
s703890,causal,41,0.25,0.78514,0.05298,ciciomt2024,0
s703890,causal,41,0.5,0.74688,0.09123,ciciomt2024,0
s703890,causal,41,0.75,0.70603,0.13208,ciciomt2024,0
s703890,causal,41,1.0,0.65474,0.18337,ciciomt2024,0
s703890,non_causal,5,0.0,0.83811,0.0,ciciomt2024,0
s703890,non_causal,5,0.25,0.83811,0.0,ciciomt2024,0
s703890,non_causal,5,0.5,0.83811,0.0,ciciomt2024,0
s703890,non_causal,5,0.75,0.83811,0.0,ciciomt2024,0
s703890,non_causal,5,1.0,0.83811,0.0,ciciomt2024,0
s703890,non_causal,19,0.0,0.83811,0.0,ciciomt2024,0
s703890,non_causal,19,0.25,0.83811,0.0,ciciomt2024,0
s703890,non_causal,19,0.5,0.83811,0.0,ciciomt2024,0
s703890,non_causal,19,0.75,0.83811,0.0,ciciomt2024,0
s703890,non_causal,19,1.0,0.83811,0.0,ciciomt2024,0
s703890,non_causal,40,0.0,0.83811,0.0,ciciomt2024,0
s703890,non_causal,40,0.25,0.85038,-0.01226,ciciomt2024,0
s703890,non_causal,40,0.5,0.85038,-0.01226,ciciomt2024,0
s703890,non_causal,40,0.75,0.85036,-0.01225,ciciomt2024,0
s703890,non_causal,40,1.0,0.85037,-0.01225,ciciomt2024,0
s649862,causal,0,0.0,0.89368,0.0,ciciomt2024,0
s649862,causal,0,0.25,0.06696,0.82672,ciciomt2024,0
s649862,causal,0,0.5,0.06696,0.82672,ciciomt2024,0
s649862,causal,0,0.75,0.06696,0.82672,ciciomt2024,0
s649862,causal,0,1.0,0.06695,0.82673,ciciomt2024,0
s649862,causal,1,0.0,0.89368,0.0,ciciomt2024,0
s649862,causal,1,0.25,0.86379,0.0299,ciciomt2024,0
s649862,causal,1,0.5,0.82939,0.06429,ciciomt2024,0
s649862,causal,1,0.75,0.82939,0.06429,ciciomt2024,0
s649862,causal,1,1.0,0.82939,0.06429,ciciomt2024,0
s649862,causal,3,0.0,0.89368,0.0,ciciomt2024,0
s649862,causal,3,0.25,0.70225,0.19143,ciciomt2024,0
s649862,causal,3,0.5,0.03082,0.86287,ciciomt2024,0
s649862,causal,3,0.75,0.00554,0.88814,ciciomt2024,0
s649862,causal,3,1.0,0.10269,0.79099,ciciomt2024,0
s649862,causal,13,0.0,0.89368,0.0,ciciomt2024,0
s649862,causal,13,0.25,0.66457,0.22911,ciciomt2024,0
s649862,causal,13,0.5,0.66455,0.22913,ciciomt2024,0
s649862,causal,13,0.75,0.66455,0.22913,ciciomt2024,0
s649862,causal,13,1.0,0.66451,0.22917,ciciomt2024,0
s649862,causal,15,0.0,0.89368,0.0,ciciomt2024,0
s649862,causal,15,0.25,0.71948,0.1742,ciciomt2024,0
s649862,causal,15,0.5,0.71948,0.17421,ciciomt2024,0
s649862,causal,15,0.75,0.71947,0.17421,ciciomt2024,0
s649862,causal,15,1.0,0.71947,0.17421,ciciomt2024,0
s649862,causal,33,0.0,0.89368,0.0,ciciomt2024,0
s649862,causal,33,0.25,0.83015,0.06353,ciciomt2024,0
s649862,causal,33,0.5,0.83015,0.06353,ciciomt2024,0
s649862,causal,33,0.75,0.83015,0.06353,ciciomt2024,0
s649862,causal,33,1.0,0.83015,0.06353,ciciomt2024,0
s649862,causal,36,0.0,0.89368,0.0,ciciomt2024,0
s649862,causal,36,0.25,0.89373,-5e-05,ciciomt2024,0
s649862,causal,36,0.5,0.8199,0.07378,ciciomt2024,0
s649862,causal,36,0.75,0.8199,0.07378,ciciomt2024,0
s649862,causal,36,1.0,0.8199,0.07378,ciciomt2024,0
s649862,causal,41,0.0,0.89368,0.0,ciciomt2024,0
s649862,causal,41,0.25,0.85718,0.0365,ciciomt2024,0
s649862,causal,41,0.5,0.84733,0.04635,ciciomt2024,0
s649862,causal,41,0.75,0.81001,0.08367,ciciomt2024,0
s649862,causal,41,1.0,0.77098,0.1227,ciciomt2024,0
s649862,non_causal,31,0.0,0.89368,0.0,ciciomt2024,0
s649862,non_causal,31,0.25,0.9059,-0.01222,ciciomt2024,0
s649862,non_causal,31,0.5,0.88595,0.00773,ciciomt2024,0
s649862,non_causal,31,0.75,0.88595,0.00773,ciciomt2024,0
s649862,non_causal,31,1.0,0.88595,0.00773,ciciomt2024,0
s649862,non_causal,39,0.0,0.89368,0.0,ciciomt2024,0
s649862,non_causal,39,0.25,0.89496,-0.00128,ciciomt2024,0
s649862,non_causal,39,0.5,0.89496,-0.00128,ciciomt2024,0
s649862,non_causal,39,0.75,0.89496,-0.00128,ciciomt2024,0
s649862,non_causal,39,1.0,0.89496,-0.00128,ciciomt2024,0
s649862,non_causal,25,0.0,0.89368,0.0,ciciomt2024,0
s649862,non_causal,25,0.25,0.89368,0.0,ciciomt2024,0
s649862,non_causal,25,0.5,0.89368,0.0,ciciomt2024,0
s649862,non_causal,25,0.75,0.89368,0.0,ciciomt2024,0
s649862,non_causal,25,1.0,0.89368,0.0,ciciomt2024,0
s743071,causal,0,0.0,0.50806,0.0,ciciomt2024,0
s743071,causal,0,0.25,0.26294,0.24511,ciciomt2024,0
s743071,causal,0,0.5,0.26294,0.24511,ciciomt2024,0
s743071,causal,0,0.75,0.26294,0.24511,ciciomt2024,0
s743071,causal,0,1.0,0.26293,0.24513,ciciomt2024,0
s743071,causal,3,0.0,0.50806,0.0,ciciomt2024,0
s743071,causal,3,0.25,0.71707,-0.20901,ciciomt2024,0
s743071,causal,3,0.5,0.93537,-0.42732,ciciomt2024,0
s743071,causal,3,0.75,0.27639,0.23167,ciciomt2024,0
s743071,causal,3,1.0,0.10401,0.40404,ciciomt2024,0
s743071,causal,15,0.0,0.50806,0.0,ciciomt2024,0
s743071,causal,15,0.25,0.32323,0.18482,ciciomt2024,0
s743071,causal,15,0.5,0.32323,0.18482,ciciomt2024,0
s743071,causal,15,0.75,0.32323,0.18482,ciciomt2024,0
s743071,causal,15,1.0,0.32323,0.18482,ciciomt2024,0
s743071,causal,33,0.0,0.50806,0.0,ciciomt2024,0
s743071,causal,33,0.25,0.28289,0.22517,ciciomt2024,0
s743071,causal,33,0.5,0.26865,0.23941,ciciomt2024,0
s743071,causal,33,0.75,0.26865,0.23941,ciciomt2024,0
s743071,causal,33,1.0,0.26865,0.23941,ciciomt2024,0
s743071,causal,35,0.0,0.50806,0.0,ciciomt2024,0
s743071,causal,35,0.25,0.25311,0.25494,ciciomt2024,0
s743071,causal,35,0.5,0.25311,0.25494,ciciomt2024,0
s743071,causal,35,0.75,0.24287,0.26518,ciciomt2024,0
s743071,causal,35,1.0,0.24287,0.26519,ciciomt2024,0
s743071,causal,36,0.0,0.50806,0.0,ciciomt2024,0
s743071,causal,36,0.25,0.49697,0.01108,ciciomt2024,0
s743071,causal,36,0.5,0.38645,0.1216,ciciomt2024,0
s743071,causal,36,0.75,0.38645,0.1216,ciciomt2024,0
s743071,causal,36,1.0,0.38645,0.1216,ciciomt2024,0
s743071,causal,40,0.0,0.50806,0.0,ciciomt2024,0
s743071,causal,40,0.25,0.2247,0.28336,ciciomt2024,0
s743071,causal,40,0.5,0.2247,0.28336,ciciomt2024,0
s743071,causal,40,0.75,0.22469,0.28336,ciciomt2024,0
s743071,causal,40,1.0,0.22469,0.28336,ciciomt2024,0
s743071,causal,41,0.0,0.50806,0.0,ciciomt2024,0
s743071,causal,41,0.25,0.43785,0.07021,ciciomt2024,0
s743071,causal,41,0.5,0.39792,0.11014,ciciomt2024,0
s743071,causal,41,0.75,0.37269,0.13537,ciciomt2024,0
s743071,causal,41,1.0,0.31892,0.18913,ciciomt2024,0
s743071,non_causal,24,0.0,0.50806,0.0,ciciomt2024,0
s743071,non_causal,24,0.25,0.51429,-0.00624,ciciomt2024,0
s743071,non_causal,24,0.5,0.30472,0.20334,ciciomt2024,0
s743071,non_causal,24,0.75,0.91072,-0.40267,ciciomt2024,0
s743071,non_causal,24,1.0,0.9104,-0.40235,ciciomt2024,0
s743071,non_causal,19,0.0,0.50806,0.0,ciciomt2024,0
s743071,non_causal,19,0.25,0.50806,0.0,ciciomt2024,0
s743071,non_causal,19,0.5,0.50806,0.0,ciciomt2024,0
s743071,non_causal,19,0.75,0.50806,0.0,ciciomt2024,0
s743071,non_causal,19,1.0,0.50806,0.0,ciciomt2024,0
s743071,non_causal,4,0.0,0.50806,0.0,ciciomt2024,0
s743071,non_causal,4,0.25,0.50806,0.0,ciciomt2024,0
s743071,non_causal,4,0.5,0.50806,0.0,ciciomt2024,0
s743071,non_causal,4,0.75,0.50806,0.0,ciciomt2024,0
s743071,non_causal,4,1.0,0.50806,0.0,ciciomt2024,0
s236296,causal,0,0.0,0.63187,0.0,ciciomt2024,0
s236296,causal,0,0.25,0.5127,0.11916,ciciomt2024,0
s236296,causal,0,0.5,0.5127,0.11916,ciciomt2024,0
s236296,causal,0,0.75,0.5127,0.11916,ciciomt2024,0
s236296,causal,0,1.0,0.51266,0.11921,ciciomt2024,0
s236296,causal,1,0.0,0.63187,0.0,ciciomt2024,0
s236296,causal,1,0.25,0.62986,0.00201,ciciomt2024,0
s236296,causal,1,0.5,0.58015,0.05172,ciciomt2024,0
s236296,causal,1,0.75,0.58015,0.05172,ciciomt2024,0
s236296,causal,1,1.0,0.58015,0.05172,ciciomt2024,0
s236296,causal,3,0.0,0.63187,0.0,ciciomt2024,0
s236296,causal,3,0.25,0.4738,0.15807,ciciomt2024,0
s236296,causal,3,0.5,0.81894,-0.18708,ciciomt2024,0
s236296,causal,3,0.75,0.11994,0.51193,ciciomt2024,0
s236296,causal,3,1.0,0.11651,0.51536,ciciomt2024,0
s236296,causal,8,0.0,0.63187,0.0,ciciomt2024,0
s236296,causal,8,0.25,0.53416,0.09771,ciciomt2024,0
s236296,causal,8,0.5,0.56123,0.07063,ciciomt2024,0
s236296,causal,8,0.75,0.56116,0.07071,ciciomt2024,0
s236296,causal,8,1.0,0.56115,0.07072,ciciomt2024,0
s236296,causal,13,0.0,0.63187,0.0,ciciomt2024,0
s236296,causal,13,0.25,0.53576,0.09611,ciciomt2024,0
s236296,causal,13,0.5,0.53575,0.09612,ciciomt2024,0
s236296,causal,13,0.75,0.53575,0.09612,ciciomt2024,0
s236296,causal,13,1.0,0.53572,0.09615,ciciomt2024,0
s236296,causal,33,0.0,0.63187,0.0,ciciomt2024,0
s236296,causal,33,0.25,0.42186,0.21001,ciciomt2024,0
s236296,causal,33,0.5,0.42186,0.21001,ciciomt2024,0
s236296,causal,33,0.75,0.42186,0.21001,ciciomt2024,0
s236296,causal,33,1.0,0.42186,0.21001,ciciomt2024,0
s236296,causal,35,0.0,0.63187,0.0,ciciomt2024,0
s236296,causal,35,0.25,0.36002,0.27185,ciciomt2024,0
s236296,causal,35,0.5,0.36002,0.27185,ciciomt2024,0
s236296,causal,35,0.75,0.35163,0.28024,ciciomt2024,0
s236296,causal,35,1.0,0.35163,0.28024,ciciomt2024,0
s236296,causal,36,0.0,0.63187,0.0,ciciomt2024,0
s236296,causal,36,0.25,0.582,0.04986,ciciomt2024,0
s236296,causal,36,0.5,0.50399,0.12788,ciciomt2024,0
s236296,causal,36,0.75,0.50399,0.12788,ciciomt2024,0
s236296,causal,36,1.0,0.50399,0.12788,ciciomt2024,0
s236296,causal,40,0.0,0.63187,0.0,ciciomt2024,0
s236296,causal,40,0.25,0.32242,0.30945,ciciomt2024,0
s236296,causal,40,0.5,0.32242,0.30945,ciciomt2024,0
s236296,causal,40,0.75,0.3224,0.30946,ciciomt2024,0
s236296,causal,40,1.0,0.32241,0.30946,ciciomt2024,0
s236296,causal,41,0.0,0.63187,0.0,ciciomt2024,0
s236296,causal,41,0.25,0.54641,0.08546,ciciomt2024,0
s236296,causal,41,0.5,0.46137,0.17049,ciciomt2024,0
s236296,causal,41,0.75,0.39949,0.23238,ciciomt2024,0
s236296,causal,41,1.0,0.31285,0.31902,ciciomt2024,0
s236296,non_causal,42,0.0,0.63187,0.0,ciciomt2024,0
s236296,non_causal,42,0.25,0.63187,0.0,ciciomt2024,0
s236296,non_causal,42,0.5,0.63187,0.0,ciciomt2024,0
s236296,non_causal,42,0.75,0.63187,0.0,ciciomt2024,0
s236296,non_causal,42,1.0,0.63187,0.0,ciciomt2024,0
s236296,non_causal,4,0.0,0.63187,0.0,ciciomt2024,0
s236296,non_causal,4,0.25,0.63187,0.0,ciciomt2024,0
s236296,non_causal,4,0.5,0.63187,0.0,ciciomt2024,0
s236296,non_causal,4,0.75,0.63187,0.0,ciciomt2024,0
s236296,non_causal,4,1.0,0.63187,0.0,ciciomt2024,0
s236296,non_causal,18,0.0,0.63187,0.0,ciciomt2024,0
s236296,non_causal,18,0.25,0.63187,0.0,ciciomt2024,0
s236296,non_causal,18,0.5,0.63187,0.0,ciciomt2024,0
s236296,non_causal,18,0.75,0.63187,0.0,ciciomt2024,0
s236296,non_causal,18,1.0,0.63187,0.0,ciciomt2024,0
s303012,causal,0,0.0,0.54251,0.0,ciciomt2024,0
s303012,causal,0,0.25,0.11326,0.42925,ciciomt2024,0
s303012,causal,0,0.5,0.11326,0.42925,ciciomt2024,0
s303012,causal,0,0.75,0.11326,0.42925,ciciomt2024,0
s303012,causal,0,1.0,0.11326,0.42925,ciciomt2024,0
s303012,causal,3,0.0,0.54251,0.0,ciciomt2024,0
s303012,causal,3,0.25,0.8418,-0.29929,ciciomt2024,0
s303012,causal,3,0.5,0.92056,-0.37805,ciciomt2024,0
s303012,causal,3,0.75,0.04236,0.50015,ciciomt2024,0
s303012,causal,3,1.0,0.09004,0.45247,ciciomt2024,0
s303012,causal,13,0.0,0.54251,0.0,ciciomt2024,0
s303012,causal,13,0.25,0.39108,0.15143,ciciomt2024,0
s303012,causal,13,0.5,0.39107,0.15144,ciciomt2024,0
s303012,causal,13,0.75,0.39107,0.15144,ciciomt2024,0
s303012,causal,13,1.0,0.39105,0.15146,ciciomt2024,0
s303012,causal,15,0.0,0.54251,0.0,ciciomt2024,0
s303012,causal,15,0.25,0.40247,0.14004,ciciomt2024,0
s303012,causal,15,0.5,0.40246,0.14005,ciciomt2024,0
s303012,causal,15,0.75,0.40246,0.14005,ciciomt2024,0
s303012,causal,15,1.0,0.40246,0.14005,ciciomt2024,0
s303012,causal,33,0.0,0.54251,0.0,ciciomt2024,0
s303012,causal,33,0.25,0.28697,0.25554,ciciomt2024,0
s303012,causal,33,0.5,0.28697,0.25554,ciciomt2024,0
s303012,causal,33,0.75,0.28697,0.25554,ciciomt2024,0
s303012,causal,33,1.0,0.28697,0.25554,ciciomt2024,0
s303012,causal,35,0.0,0.54251,0.0,ciciomt2024,0
s303012,causal,35,0.25,0.28288,0.25963,ciciomt2024,0
s303012,causal,35,0.5,0.28288,0.25963,ciciomt2024,0
s303012,causal,35,0.75,0.27552,0.26699,ciciomt2024,0
s303012,causal,35,1.0,0.27551,0.26699,ciciomt2024,0
s303012,causal,36,0.0,0.54251,0.0,ciciomt2024,0
s303012,causal,36,0.25,0.49057,0.05194,ciciomt2024,0
s303012,causal,36,0.5,0.39842,0.14409,ciciomt2024,0
s303012,causal,36,0.75,0.39842,0.14409,ciciomt2024,0
s303012,causal,36,1.0,0.39842,0.14409,ciciomt2024,0
s303012,causal,40,0.0,0.54251,0.0,ciciomt2024,0
s303012,causal,40,0.25,0.24699,0.29552,ciciomt2024,0
s303012,causal,40,0.5,0.24699,0.29552,ciciomt2024,0
s303012,causal,40,0.75,0.24698,0.29553,ciciomt2024,0
s303012,causal,40,1.0,0.24698,0.29553,ciciomt2024,0
s303012,causal,41,0.0,0.54251,0.0,ciciomt2024,0
s303012,causal,41,0.25,0.46926,0.07325,ciciomt2024,0
s303012,causal,41,0.5,0.41501,0.1275,ciciomt2024,0
s303012,causal,41,0.75,0.37766,0.16485,ciciomt2024,0
s303012,causal,41,1.0,0.32355,0.21896,ciciomt2024,0
s303012,non_causal,39,0.0,0.54251,0.0,ciciomt2024,0
s303012,non_causal,39,0.25,0.54587,-0.00336,ciciomt2024,0
s303012,non_causal,39,0.5,0.54587,-0.00336,ciciomt2024,0
s303012,non_causal,39,0.75,0.54587,-0.00336,ciciomt2024,0
s303012,non_causal,39,1.0,0.54587,-0.00336,ciciomt2024,0
s303012,non_causal,19,0.0,0.54251,0.0,ciciomt2024,0
s303012,non_causal,19,0.25,0.54251,0.0,ciciomt2024,0
s303012,non_causal,19,0.5,0.54251,0.0,ciciomt2024,0
s303012,non_causal,19,0.75,0.54251,0.0,ciciomt2024,0
s303012,non_causal,19,1.0,0.54251,0.0,ciciomt2024,0
s303012,non_causal,29,0.0,0.54251,0.0,ciciomt2024,0
s303012,non_causal,29,0.25,0.54251,0.0,ciciomt2024,0
s303012,non_causal,29,0.5,0.54251,0.0,ciciomt2024,0
s303012,non_causal,29,0.75,0.54251,0.0,ciciomt2024,0
s303012,non_causal,29,1.0,0.54251,0.0,ciciomt2024,0
s168999,causal,0,0.0,0.91863,0.0,ciciomt2024,0
s168999,causal,0,0.25,0.09073,0.8279,ciciomt2024,0
s168999,causal,0,0.5,0.09073,0.8279,ciciomt2024,0
s168999,causal,0,0.75,0.09073,0.8279,ciciomt2024,0
s168999,causal,0,1.0,0.09072,0.82791,ciciomt2024,0
s168999,causal,3,0.0,0.91863,0.0,ciciomt2024,0
s168999,causal,3,0.25,0.92594,-0.00731,ciciomt2024,0
s168999,causal,3,0.5,0.49167,0.42696,ciciomt2024,0
s168999,causal,3,0.75,0.03202,0.88661,ciciomt2024,0
s168999,causal,3,1.0,0.08973,0.8289,ciciomt2024,0
s168999,causal,13,0.0,0.91863,0.0,ciciomt2024,0
s168999,causal,13,0.25,0.72193,0.1967,ciciomt2024,0
s168999,causal,13,0.5,0.72191,0.19672,ciciomt2024,0
s168999,causal,13,0.75,0.72191,0.19672,ciciomt2024,0
s168999,causal,13,1.0,0.72187,0.19676,ciciomt2024,0
s168999,causal,15,0.0,0.91863,0.0,ciciomt2024,0
s168999,causal,15,0.25,0.76647,0.15216,ciciomt2024,0
s168999,causal,15,0.5,0.76647,0.15216,ciciomt2024,0
s168999,causal,15,0.75,0.76646,0.15217,ciciomt2024,0
s168999,causal,15,1.0,0.76646,0.15217,ciciomt2024,0
s168999,causal,33,0.0,0.91863,0.0,ciciomt2024,0
s168999,causal,33,0.25,0.86781,0.05082,ciciomt2024,0
s168999,causal,33,0.5,0.86781,0.05082,ciciomt2024,0
s168999,causal,33,0.75,0.86781,0.05082,ciciomt2024,0
s168999,causal,33,1.0,0.86781,0.05082,ciciomt2024,0
s168999,causal,36,0.0,0.91863,0.0,ciciomt2024,0
s168999,causal,36,0.25,0.921,-0.00237,ciciomt2024,0
s168999,causal,36,0.5,0.82179,0.09684,ciciomt2024,0
s168999,causal,36,0.75,0.82179,0.09684,ciciomt2024,0
s168999,causal,36,1.0,0.82179,0.09684,ciciomt2024,0
s168999,causal,41,0.0,0.91863,0.0,ciciomt2024,0
s168999,causal,41,0.25,0.88852,0.03011,ciciomt2024,0
s168999,causal,41,0.5,0.85888,0.05975,ciciomt2024,0
s168999,causal,41,0.75,0.82497,0.09366,ciciomt2024,0
s168999,causal,41,1.0,0.78821,0.13042,ciciomt2024,0
s168999,non_causal,40,0.0,0.91863,0.0,ciciomt2024,0
s168999,non_causal,40,0.25,0.92098,-0.00235,ciciomt2024,0
s168999,non_causal,40,0.5,0.92098,-0.00235,ciciomt2024,0
s168999,non_causal,40,0.75,0.92097,-0.00234,ciciomt2024,0
s168999,non_causal,40,1.0,0.91587,0.00276,ciciomt2024,0
s168999,non_causal,18,0.0,0.91863,0.0,ciciomt2024,0
s168999,non_causal,18,0.25,0.91863,0.0,ciciomt2024,0
s168999,non_causal,18,0.5,0.91863,0.0,ciciomt2024,0
s168999,non_causal,18,0.75,0.91863,0.0,ciciomt2024,0
s168999,non_causal,18,1.0,0.91863,0.0,ciciomt2024,0
s168999,non_causal,29,0.0,0.91863,0.0,ciciomt2024,0
s168999,non_causal,29,0.25,0.91863,0.0,ciciomt2024,0
s168999,non_causal,29,0.5,0.91863,0.0,ciciomt2024,0
s168999,non_causal,29,0.75,0.91863,0.0,ciciomt2024,0
s168999,non_causal,29,1.0,0.91863,0.0,ciciomt2024,0
s685802,causal,0,0.0,0.92472,0.0,ciciomt2024,0
s685802,causal,0,0.25,0.09728,0.82744,ciciomt2024,0
s685802,causal,0,0.5,0.09728,0.82744,ciciomt2024,0
s685802,causal,0,0.75,0.09728,0.82744,ciciomt2024,0
s685802,causal,0,1.0,0.09728,0.82744,ciciomt2024,0
s685802,causal,3,0.0,0.92472,0.0,ciciomt2024,0
s685802,causal,3,0.25,0.93463,-0.00991,ciciomt2024,0
s685802,causal,3,0.5,0.52087,0.40385,ciciomt2024,0
s685802,causal,3,0.75,0.03517,0.88955,ciciomt2024,0
s685802,causal,3,1.0,0.09601,0.82871,ciciomt2024,0
s685802,causal,13,0.0,0.92472,0.0,ciciomt2024,0
s685802,causal,13,0.25,0.73856,0.18616,ciciomt2024,0
s685802,causal,13,0.5,0.73854,0.18618,ciciomt2024,0
s685802,causal,13,0.75,0.73854,0.18618,ciciomt2024,0
s685802,causal,13,1.0,0.7385,0.18622,ciciomt2024,0
s685802,causal,15,0.0,0.92472,0.0,ciciomt2024,0
s685802,causal,15,0.25,0.72693,0.19779,ciciomt2024,0
s685802,causal,15,0.5,0.72692,0.1978,ciciomt2024,0
s685802,causal,15,0.75,0.72692,0.1978,ciciomt2024,0
s685802,causal,15,1.0,0.72692,0.1978,ciciomt2024,0
s685802,causal,33,0.0,0.92472,0.0,ciciomt2024,0
s685802,causal,33,0.25,0.8772,0.04752,ciciomt2024,0
s685802,causal,33,0.5,0.86931,0.05541,ciciomt2024,0
s685802,causal,33,0.75,0.86931,0.05541,ciciomt2024,0
s685802,causal,33,1.0,0.86931,0.05541,ciciomt2024,0
s685802,causal,36,0.0,0.92472,0.0,ciciomt2024,0
s685802,causal,36,0.25,0.92692,-0.0022,ciciomt2024,0
s685802,causal,36,0.5,0.83382,0.09091,ciciomt2024,0
s685802,causal,36,0.75,0.83382,0.09091,ciciomt2024,0
s685802,causal,36,1.0,0.83382,0.09091,ciciomt2024,0
s685802,causal,41,0.0,0.92472,0.0,ciciomt2024,0
s685802,causal,41,0.25,0.89662,0.0281,ciciomt2024,0
s685802,causal,41,0.5,0.87504,0.04968,ciciomt2024,0
s685802,causal,41,0.75,0.85073,0.07399,ciciomt2024,0
s685802,causal,41,1.0,0.81819,0.10653,ciciomt2024,0
s685802,non_causal,29,0.0,0.92472,0.0,ciciomt2024,0
s685802,non_causal,29,0.25,0.92472,0.0,ciciomt2024,0
s685802,non_causal,29,0.5,0.92472,0.0,ciciomt2024,0
s685802,non_causal,29,0.75,0.92472,0.0,ciciomt2024,0
s685802,non_causal,29,1.0,0.92472,0.0,ciciomt2024,0
s685802,non_causal,23,0.0,0.92472,0.0,ciciomt2024,0
s685802,non_causal,23,0.25,0.92951,-0.00479,ciciomt2024,0
s685802,non_causal,23,0.5,0.93009,-0.00537,ciciomt2024,0
s685802,non_causal,23,0.75,0.93008,-0.00536,ciciomt2024,0
s685802,non_causal,23,1.0,0.88939,0.03533,ciciomt2024,0
s685802,non_causal,25,0.0,0.92472,0.0,ciciomt2024,0
s685802,non_causal,25,0.25,0.92472,0.0,ciciomt2024,0
s685802,non_causal,25,0.5,0.92472,0.0,ciciomt2024,0
s685802,non_causal,25,0.75,0.92472,0.0,ciciomt2024,0
s685802,non_causal,25,1.0,0.92472,0.0,ciciomt2024,0
s654121,causal,0,0.0,0.69698,0.0,ciciomt2024,0
s654121,causal,0,0.25,0.08924,0.60774,ciciomt2024,0
s654121,causal,0,0.5,0.08924,0.60774,ciciomt2024,0
s654121,causal,0,0.75,0.08924,0.60774,ciciomt2024,0
s654121,causal,0,1.0,0.08923,0.60775,ciciomt2024,0
s654121,causal,3,0.0,0.69698,0.0,ciciomt2024,0
s654121,causal,3,0.25,0.8954,-0.19841,ciciomt2024,0
s654121,causal,3,0.5,0.91413,-0.21715,ciciomt2024,0
s654121,causal,3,0.75,0.03231,0.66468,ciciomt2024,0
s654121,causal,3,1.0,0.10269,0.59429,ciciomt2024,0
s654121,causal,13,0.0,0.69698,0.0,ciciomt2024,0
s654121,causal,13,0.25,0.44658,0.2504,ciciomt2024,0
s654121,causal,13,0.5,0.44657,0.25042,ciciomt2024,0
s654121,causal,13,0.75,0.44657,0.25042,ciciomt2024,0
s654121,causal,13,1.0,0.44654,0.25044,ciciomt2024,0
s654121,causal,15,0.0,0.69698,0.0,ciciomt2024,0
s654121,causal,15,0.25,0.54108,0.1559,ciciomt2024,0
s654121,causal,15,0.5,0.54107,0.15591,ciciomt2024,0
s654121,causal,15,0.75,0.54107,0.15591,ciciomt2024,0
s654121,causal,15,1.0,0.54107,0.15591,ciciomt2024,0
s654121,causal,33,0.0,0.69698,0.0,ciciomt2024,0
s654121,causal,33,0.25,0.46412,0.23286,ciciomt2024,0
s654121,causal,33,0.5,0.46412,0.23286,ciciomt2024,0
s654121,causal,33,0.75,0.46412,0.23286,ciciomt2024,0
s654121,causal,33,1.0,0.46412,0.23286,ciciomt2024,0
s654121,causal,35,0.0,0.69698,0.0,ciciomt2024,0
s654121,causal,35,0.25,0.41643,0.28055,ciciomt2024,0
s654121,causal,35,0.5,0.41643,0.28055,ciciomt2024,0
s654121,causal,35,0.75,0.40315,0.29383,ciciomt2024,0
s654121,causal,35,1.0,0.40315,0.29383,ciciomt2024,0
s654121,causal,36,0.0,0.69698,0.0,ciciomt2024,0
s654121,causal,36,0.25,0.71251,-0.01553,ciciomt2024,0
s654121,causal,36,0.5,0.61831,0.07867,ciciomt2024,0
s654121,causal,36,0.75,0.61831,0.07867,ciciomt2024,0
s654121,causal,36,1.0,0.61831,0.07867,ciciomt2024,0
s654121,causal,40,0.0,0.69698,0.0,ciciomt2024,0
s654121,causal,40,0.25,0.61335,0.08363,ciciomt2024,0
s654121,causal,40,0.5,0.61335,0.08363,ciciomt2024,0
s654121,causal,40,0.75,0.61333,0.08365,ciciomt2024,0
s654121,causal,40,1.0,0.61333,0.08365,ciciomt2024,0
s654121,causal,41,0.0,0.69698,0.0,ciciomt2024,0
s654121,causal,41,0.25,0.63169,0.06529,ciciomt2024,0
s654121,causal,41,0.5,0.58327,0.11371,ciciomt2024,0
s654121,causal,41,0.75,0.55714,0.13984,ciciomt2024,0
s654121,causal,41,1.0,0.49789,0.19909,ciciomt2024,0
s654121,non_causal,29,0.0,0.69698,0.0,ciciomt2024,0
s654121,non_causal,29,0.25,0.69698,0.0,ciciomt2024,0
s654121,non_causal,29,0.5,0.69698,0.0,ciciomt2024,0
s654121,non_causal,29,0.75,0.69698,0.0,ciciomt2024,0
s654121,non_causal,29,1.0,0.69698,0.0,ciciomt2024,0
s654121,non_causal,6,0.0,0.69698,0.0,ciciomt2024,0
s654121,non_causal,6,0.25,0.69698,0.0,ciciomt2024,0
s654121,non_causal,6,0.5,0.69698,0.0,ciciomt2024,0
s654121,non_causal,6,0.75,0.69698,0.0,ciciomt2024,0
s654121,non_causal,6,1.0,0.69698,0.0,ciciomt2024,0
s654121,non_causal,12,0.0,0.69698,0.0,ciciomt2024,0
s654121,non_causal,12,0.25,0.69698,0.0,ciciomt2024,0
s654121,non_causal,12,0.5,0.69698,0.0,ciciomt2024,0
s654121,non_causal,12,0.75,0.69698,0.0,ciciomt2024,0
s654121,non_causal,12,1.0,0.69698,0.0,ciciomt2024,0
s256708,causal,0,0.0,0.79444,0.0,ciciomt2024,0
s256708,causal,0,0.25,0.02964,0.7648,ciciomt2024,0
s256708,causal,0,0.5,0.02964,0.7648,ciciomt2024,0
s256708,causal,0,0.75,0.02964,0.7648,ciciomt2024,0
s256708,causal,0,1.0,0.02964,0.7648,ciciomt2024,0
s256708,causal,3,0.0,0.79444,0.0,ciciomt2024,0
s256708,causal,3,0.25,0.92682,-0.13238,ciciomt2024,0
s256708,causal,3,0.5,0.88383,-0.08939,ciciomt2024,0
s256708,causal,3,0.75,0.01624,0.7782,ciciomt2024,0
s256708,causal,3,1.0,0.12488,0.66957,ciciomt2024,0
s256708,causal,8,0.0,0.79444,0.0,ciciomt2024,0
s256708,causal,8,0.25,0.51863,0.27581,ciciomt2024,0
s256708,causal,8,0.5,0.58315,0.21129,ciciomt2024,0
s256708,causal,8,0.75,0.58306,0.21139,ciciomt2024,0
s256708,causal,8,1.0,0.58304,0.2114,ciciomt2024,0
s256708,causal,13,0.0,0.79444,0.0,ciciomt2024,0
s256708,causal,13,0.25,0.55309,0.24136,ciciomt2024,0
s256708,causal,13,0.5,0.55307,0.24137,ciciomt2024,0
s256708,causal,13,0.75,0.55307,0.24137,ciciomt2024,0
s256708,causal,13,1.0,0.55311,0.24133,ciciomt2024,0
s256708,causal,15,0.0,0.79444,0.0,ciciomt2024,0
s256708,causal,15,0.25,0.63483,0.15961,ciciomt2024,0
s256708,causal,15,0.5,0.63482,0.15962,ciciomt2024,0
s256708,causal,15,0.75,0.63482,0.15962,ciciomt2024,0
s256708,causal,15,1.0,0.63482,0.15962,ciciomt2024,0
s256708,causal,33,0.0,0.79444,0.0,ciciomt2024,0
s256708,causal,33,0.25,0.68365,0.11079,ciciomt2024,0
s256708,causal,33,0.5,0.66804,0.12641,ciciomt2024,0
s256708,causal,33,0.75,0.66803,0.12641,ciciomt2024,0
s256708,causal,33,1.0,0.66803,0.12641,ciciomt2024,0
s256708,causal,36,0.0,0.79444,0.0,ciciomt2024,0
s256708,causal,36,0.25,0.81745,-0.02301,ciciomt2024,0
s256708,causal,36,0.5,0.71405,0.08039,ciciomt2024,0
s256708,causal,36,0.75,0.71405,0.08039,ciciomt2024,0
s256708,causal,36,1.0,0.71405,0.08039,ciciomt2024,0
s256708,causal,41,0.0,0.79444,0.0,ciciomt2024,0
s256708,causal,41,0.25,0.69505,0.09939,ciciomt2024,0
s256708,causal,41,0.5,0.69391,0.10054,ciciomt2024,0
s256708,causal,41,0.75,0.62837,0.16607,ciciomt2024,0
s256708,causal,41,1.0,0.57184,0.2226,ciciomt2024,0
s256708,non_causal,39,0.0,0.79444,0.0,ciciomt2024,0
s256708,non_causal,39,0.25,0.79444,0.0,ciciomt2024,0
s256708,non_causal,39,0.5,0.79444,0.0,ciciomt2024,0
s256708,non_causal,39,0.75,0.79445,-1e-05,ciciomt2024,0
s256708,non_causal,39,1.0,0.79445,-1e-05,ciciomt2024,0
s256708,non_causal,19,0.0,0.79444,0.0,ciciomt2024,0
s256708,non_causal,19,0.25,0.79444,0.0,ciciomt2024,0
s256708,non_causal,19,0.5,0.79444,0.0,ciciomt2024,0
s256708,non_causal,19,0.75,0.79444,0.0,ciciomt2024,0
s256708,non_causal,19,1.0,0.79444,0.0,ciciomt2024,0
s256708,non_causal,38,0.0,0.79444,0.0,ciciomt2024,0
s256708,non_causal,38,0.25,0.83744,-0.043,ciciomt2024,0
s256708,non_causal,38,0.5,0.83743,-0.04299,ciciomt2024,0
s256708,non_causal,38,0.75,0.8374,-0.04296,ciciomt2024,0
s256708,non_causal,38,1.0,0.8374,-0.04296,ciciomt2024,0
s730727,causal,0,0.0,0.50806,0.0,ciciomt2024,0
s730727,causal,0,0.25,0.26294,0.24511,ciciomt2024,0
s730727,causal,0,0.5,0.26294,0.24511,ciciomt2024,0
s730727,causal,0,0.75,0.26294,0.24511,ciciomt2024,0
s730727,causal,0,1.0,0.26293,0.24513,ciciomt2024,0
s730727,causal,3,0.0,0.50806,0.0,ciciomt2024,0
s730727,causal,3,0.25,0.72142,-0.21336,ciciomt2024,0
s730727,causal,3,0.5,0.93537,-0.42732,ciciomt2024,0
s730727,causal,3,0.75,0.27639,0.23167,ciciomt2024,0
s730727,causal,3,1.0,0.10401,0.40404,ciciomt2024,0
s730727,causal,15,0.0,0.50806,0.0,ciciomt2024,0
s730727,causal,15,0.25,0.33969,0.16836,ciciomt2024,0
s730727,causal,15,0.5,0.33969,0.16836,ciciomt2024,0
s730727,causal,15,0.75,0.33969,0.16837,ciciomt2024,0
s730727,causal,15,1.0,0.33969,0.16837,ciciomt2024,0
s730727,causal,33,0.0,0.50806,0.0,ciciomt2024,0
s730727,causal,33,0.25,0.28289,0.22517,ciciomt2024,0
s730727,causal,33,0.5,0.26865,0.23941,ciciomt2024,0
s730727,causal,33,0.75,0.26865,0.23941,ciciomt2024,0
s730727,causal,33,1.0,0.26865,0.23941,ciciomt2024,0
s730727,causal,35,0.0,0.50806,0.0,ciciomt2024,0
s730727,causal,35,0.25,0.25311,0.25494,ciciomt2024,0
s730727,causal,35,0.5,0.25311,0.25494,ciciomt2024,0
s730727,causal,35,0.75,0.24287,0.26518,ciciomt2024,0
s730727,causal,35,1.0,0.24287,0.26519,ciciomt2024,0
s730727,causal,36,0.0,0.50806,0.0,ciciomt2024,0
s730727,causal,36,0.25,0.49697,0.01108,ciciomt2024,0
s730727,causal,36,0.5,0.38645,0.1216,ciciomt2024,0
s730727,causal,36,0.75,0.38645,0.1216,ciciomt2024,0
s730727,causal,36,1.0,0.38645,0.1216,ciciomt2024,0
s730727,causal,40,0.0,0.50806,0.0,ciciomt2024,0
s730727,causal,40,0.25,0.2247,0.28336,ciciomt2024,0
s730727,causal,40,0.5,0.2247,0.28336,ciciomt2024,0
s730727,causal,40,0.75,0.22469,0.28336,ciciomt2024,0
s730727,causal,40,1.0,0.22469,0.28336,ciciomt2024,0
s730727,causal,41,0.0,0.50806,0.0,ciciomt2024,0
s730727,causal,41,0.25,0.43785,0.07021,ciciomt2024,0
s730727,causal,41,0.5,0.39792,0.11014,ciciomt2024,0
s730727,causal,41,0.75,0.37269,0.13537,ciciomt2024,0
s730727,causal,41,1.0,0.31892,0.18913,ciciomt2024,0
s730727,non_causal,13,0.0,0.50806,0.0,ciciomt2024,0
s730727,non_causal,13,0.25,0.50402,0.00404,ciciomt2024,0
s730727,non_causal,13,0.5,0.50401,0.00405,ciciomt2024,0
s730727,non_causal,13,0.75,0.50401,0.00405,ciciomt2024,0
s730727,non_causal,13,1.0,0.50399,0.00407,ciciomt2024,0
s730727,non_causal,6,0.0,0.50806,0.0,ciciomt2024,0
s730727,non_causal,6,0.25,0.50806,0.0,ciciomt2024,0
s730727,non_causal,6,0.5,0.50806,0.0,ciciomt2024,0
s730727,non_causal,6,0.75,0.50806,0.0,ciciomt2024,0
s730727,non_causal,6,1.0,0.50806,0.0,ciciomt2024,0
s730727,non_causal,21,0.0,0.50806,0.0,ciciomt2024,0
s730727,non_causal,21,0.25,0.50806,0.0,ciciomt2024,0
s730727,non_causal,21,0.5,0.50806,0.0,ciciomt2024,0
s730727,non_causal,21,0.75,0.50806,0.0,ciciomt2024,0
s730727,non_causal,21,1.0,0.50806,0.0,ciciomt2024,0
s731082,causal,0,0.0,0.66707,0.0,ciciomt2024,0
s731082,causal,0,0.25,0.08924,0.57783,ciciomt2024,0
s731082,causal,0,0.5,0.08924,0.57783,ciciomt2024,0
s731082,causal,0,0.75,0.08924,0.57783,ciciomt2024,0
s731082,causal,0,1.0,0.08923,0.57783,ciciomt2024,0
s731082,causal,1,0.0,0.66707,0.0,ciciomt2024,0
s731082,causal,1,0.25,0.70105,-0.03398,ciciomt2024,0
s731082,causal,1,0.5,0.65053,0.01654,ciciomt2024,0
s731082,causal,1,0.75,0.58719,0.07988,ciciomt2024,0
s731082,causal,1,1.0,0.58719,0.07988,ciciomt2024,0
s731082,causal,3,0.0,0.66707,0.0,ciciomt2024,0
s731082,causal,3,0.25,0.80524,-0.13817,ciciomt2024,0
s731082,causal,3,0.5,0.79661,-0.12954,ciciomt2024,0
s731082,causal,3,0.75,0.02794,0.63913,ciciomt2024,0
s731082,causal,3,1.0,0.09506,0.57201,ciciomt2024,0
s731082,causal,13,0.0,0.66707,0.0,ciciomt2024,0
s731082,causal,13,0.25,0.44004,0.22703,ciciomt2024,0
s731082,causal,13,0.5,0.44002,0.22705,ciciomt2024,0
s731082,causal,13,0.75,0.44002,0.22705,ciciomt2024,0
s731082,causal,13,1.0,0.44,0.22707,ciciomt2024,0
s731082,causal,15,0.0,0.66707,0.0,ciciomt2024,0
s731082,causal,15,0.25,0.52941,0.13766,ciciomt2024,0
s731082,causal,15,0.5,0.5294,0.13767,ciciomt2024,0
s731082,causal,15,0.75,0.5294,0.13767,ciciomt2024,0
s731082,causal,15,1.0,0.5294,0.13767,ciciomt2024,0
s731082,causal,33,0.0,0.66707,0.0,ciciomt2024,0
s731082,causal,33,0.25,0.43001,0.23706,ciciomt2024,0
s731082,causal,33,0.5,0.43001,0.23706,ciciomt2024,0
s731082,causal,33,0.75,0.43001,0.23706,ciciomt2024,0
s731082,causal,33,1.0,0.43001,0.23706,ciciomt2024,0
s731082,causal,35,0.0,0.66707,0.0,ciciomt2024,0
s731082,causal,35,0.25,0.42345,0.24362,ciciomt2024,0
s731082,causal,35,0.5,0.42345,0.24362,ciciomt2024,0
s731082,causal,35,0.75,0.4101,0.25697,ciciomt2024,0
s731082,causal,35,1.0,0.41009,0.25698,ciciomt2024,0
s731082,causal,40,0.0,0.66707,0.0,ciciomt2024,0
s731082,causal,40,0.25,0.58015,0.08692,ciciomt2024,0
s731082,causal,40,0.5,0.58015,0.08692,ciciomt2024,0
s731082,causal,40,0.75,0.58013,0.08693,ciciomt2024,0
s731082,causal,40,1.0,0.58014,0.08693,ciciomt2024,0
s731082,causal,41,0.0,0.66707,0.0,ciciomt2024,0
s731082,causal,41,0.25,0.59903,0.06804,ciciomt2024,0
s731082,causal,41,0.5,0.54938,0.11769,ciciomt2024,0
s731082,causal,41,0.75,0.52288,0.14419,ciciomt2024,0
s731082,causal,41,1.0,0.46346,0.20361,ciciomt2024,0
s731082,non_causal,18,0.0,0.66707,0.0,ciciomt2024,0
s731082,non_causal,18,0.25,0.66707,0.0,ciciomt2024,0
s731082,non_causal,18,0.5,0.66707,0.0,ciciomt2024,0
s731082,non_causal,18,0.75,0.66707,0.0,ciciomt2024,0
s731082,non_causal,18,1.0,0.66707,0.0,ciciomt2024,0
s731082,non_causal,19,0.0,0.66707,0.0,ciciomt2024,0
s731082,non_causal,19,0.25,0.66707,0.0,ciciomt2024,0
s731082,non_causal,19,0.5,0.66707,0.0,ciciomt2024,0
s731082,non_causal,19,0.75,0.66707,0.0,ciciomt2024,0
s731082,non_causal,19,1.0,0.66707,0.0,ciciomt2024,0
s731082,non_causal,9,0.0,0.66707,0.0,ciciomt2024,0
s731082,non_causal,9,0.25,0.79357,-0.1265,ciciomt2024,0
s731082,non_causal,9,0.5,0.79357,-0.1265,ciciomt2024,0
s731082,non_causal,9,0.75,0.79351,-0.12644,ciciomt2024,0
s731082,non_causal,9,1.0,0.79299,-0.12592,ciciomt2024,0
s190913,causal,0,0.0,0.94517,0.0,ciciomt2024,1
s190913,causal,0,0.25,0.05283,0.89234,ciciomt2024,1
s190913,causal,0,0.5,0.06788,0.87729,ciciomt2024,1
s190913,causal,0,0.75,0.06788,0.87729,ciciomt2024,1
s190913,causal,0,1.0,0.06788,0.87729,ciciomt2024,1
s190913,causal,3,0.0,0.94517,0.0,ciciomt2024,1
s190913,causal,3,0.25,0.84636,0.09882,ciciomt2024,1
s190913,causal,3,0.5,0.26253,0.68264,ciciomt2024,1
s190913,causal,3,0.75,0.0106,0.93458,ciciomt2024,1
s190913,causal,3,1.0,0.05879,0.88638,ciciomt2024,1
s190913,causal,15,0.0,0.94517,0.0,ciciomt2024,1
s190913,causal,15,0.25,0.60699,0.33819,ciciomt2024,1
s190913,causal,15,0.5,0.60695,0.33823,ciciomt2024,1
s190913,causal,15,0.75,0.60701,0.33816,ciciomt2024,1
s190913,causal,15,1.0,0.60701,0.33816,ciciomt2024,1
s190913,causal,26,0.0,0.94517,0.0,ciciomt2024,1
s190913,causal,26,0.25,0.94517,0.0,ciciomt2024,1
s190913,causal,26,0.5,0.94579,-0.00062,ciciomt2024,1
s190913,causal,26,0.75,0.94579,-0.00062,ciciomt2024,1
s190913,causal,26,1.0,0.7859,0.15927,ciciomt2024,1
s190913,non_causal,30,0.0,0.94517,0.0,ciciomt2024,1
s190913,non_causal,30,0.25,0.94517,0.0,ciciomt2024,1
s190913,non_causal,30,0.5,0.94517,0.0,ciciomt2024,1
s190913,non_causal,30,0.75,0.94517,0.0,ciciomt2024,1
s190913,non_causal,30,1.0,0.94517,0.0,ciciomt2024,1
s190913,non_causal,11,0.0,0.94517,0.0,ciciomt2024,1
s190913,non_causal,11,0.25,0.94517,0.0,ciciomt2024,1
s190913,non_causal,11,0.5,0.94517,0.0,ciciomt2024,1
s190913,non_causal,11,0.75,0.94517,0.0,ciciomt2024,1
s190913,non_causal,11,1.0,0.94517,0.0,ciciomt2024,1
s190913,non_causal,25,0.0,0.94517,0.0,ciciomt2024,1
s190913,non_causal,25,0.25,0.94517,0.0,ciciomt2024,1
s190913,non_causal,25,0.5,0.94517,0.0,ciciomt2024,1
s190913,non_causal,25,0.75,0.94517,0.0,ciciomt2024,1
s190913,non_causal,25,1.0,0.94517,0.0,ciciomt2024,1
s188267,causal,0,0.0,0.8675,0.0,ciciomt2024,1
s188267,causal,0,0.25,0.03335,0.83416,ciciomt2024,1
s188267,causal,0,0.5,0.03335,0.83416,ciciomt2024,1
s188267,causal,0,0.75,0.03335,0.83416,ciciomt2024,1
s188267,causal,0,1.0,0.03335,0.83416,ciciomt2024,1
s188267,causal,3,0.0,0.8675,0.0,ciciomt2024,1
s188267,causal,3,0.25,0.91979,-0.05228,ciciomt2024,1
s188267,causal,3,0.5,0.63431,0.2332,ciciomt2024,1
s188267,causal,3,0.75,0.05906,0.80845,ciciomt2024,1
s188267,causal,3,1.0,0.054,0.8135,ciciomt2024,1
s188267,causal,13,0.0,0.8675,0.0,ciciomt2024,1
s188267,causal,13,0.25,0.8173,0.0502,ciciomt2024,1
s188267,causal,13,0.5,0.8173,0.0502,ciciomt2024,1
s188267,causal,13,0.75,0.8173,0.0502,ciciomt2024,1
s188267,causal,13,1.0,0.81733,0.05018,ciciomt2024,1
s188267,causal,15,0.0,0.8675,0.0,ciciomt2024,1
s188267,causal,15,0.25,0.4894,0.37811,ciciomt2024,1
s188267,causal,15,0.5,0.48936,0.37815,ciciomt2024,1
s188267,causal,15,0.75,0.48942,0.37809,ciciomt2024,1
s188267,causal,15,1.0,0.48942,0.37809,ciciomt2024,1
s188267,causal,26,0.0,0.8675,0.0,ciciomt2024,1
s188267,causal,26,0.25,0.8675,0.0,ciciomt2024,1
s188267,causal,26,0.5,0.8627,0.00481,ciciomt2024,1
s188267,causal,26,0.75,0.8627,0.00481,ciciomt2024,1
s188267,causal,26,1.0,0.58483,0.28267,ciciomt2024,1
s188267,causal,35,0.0,0.8675,0.0,ciciomt2024,1
s188267,causal,35,0.25,0.80649,0.06101,ciciomt2024,1
s188267,causal,35,0.5,0.80936,0.05814,ciciomt2024,1
s188267,causal,35,0.75,0.80936,0.05814,ciciomt2024,1
s188267,causal,35,1.0,0.80936,0.05814,ciciomt2024,1
s188267,causal,38,0.0,0.8675,0.0,ciciomt2024,1
s188267,causal,38,0.25,0.88676,-0.01926,ciciomt2024,1
s188267,causal,38,0.5,0.80761,0.05989,ciciomt2024,1
s188267,causal,38,0.75,0.80762,0.05988,ciciomt2024,1
s188267,causal,38,1.0,0.80762,0.05988,ciciomt2024,1
s188267,non_causal,21,0.0,0.8675,0.0,ciciomt2024,1
s188267,non_causal,21,0.25,0.8675,0.0,ciciomt2024,1
s188267,non_causal,21,0.5,0.8675,0.0,ciciomt2024,1
s188267,non_causal,21,0.75,0.8675,0.0,ciciomt2024,1
s188267,non_causal,21,1.0,0.8675,0.0,ciciomt2024,1
s188267,non_causal,14,0.0,0.8675,0.0,ciciomt2024,1
s188267,non_causal,14,0.25,0.8675,0.0,ciciomt2024,1
s188267,non_causal,14,0.5,0.8675,0.0,ciciomt2024,1
s188267,non_causal,14,0.75,0.8675,0.0,ciciomt2024,1
s188267,non_causal,14,1.0,0.8675,0.0,ciciomt2024,1
s188267,non_causal,28,0.0,0.8675,0.0,ciciomt2024,1
s188267,non_causal,28,0.25,0.8675,0.0,ciciomt2024,1
s188267,non_causal,28,0.5,0.8675,0.0,ciciomt2024,1
s188267,non_causal,28,0.75,0.8675,0.0,ciciomt2024,1
s188267,non_causal,28,1.0,0.8675,0.0,ciciomt2024,1
s713712,causal,0,0.0,0.53171,0.0,ciciomt2024,1
s713712,causal,0,0.25,0.02193,0.50977,ciciomt2024,1
s713712,causal,0,0.5,0.02844,0.50326,ciciomt2024,1
s713712,causal,0,0.75,0.02844,0.50326,ciciomt2024,1
s713712,causal,0,1.0,0.02844,0.50326,ciciomt2024,1
s713712,causal,3,0.0,0.53171,0.0,ciciomt2024,1
s713712,causal,3,0.25,0.91332,-0.38161,ciciomt2024,1
s713712,causal,3,0.5,0.87738,-0.34567,ciciomt2024,1
s713712,causal,3,0.75,0.05808,0.47363,ciciomt2024,1
s713712,causal,3,1.0,0.05879,0.47292,ciciomt2024,1
s713712,causal,15,0.0,0.53171,0.0,ciciomt2024,1
s713712,causal,15,0.25,0.08804,0.44366,ciciomt2024,1
s713712,causal,15,0.5,0.08804,0.44367,ciciomt2024,1
s713712,causal,15,0.75,0.08805,0.44366,ciciomt2024,1
s713712,causal,15,1.0,0.08805,0.44366,ciciomt2024,1
s713712,causal,26,0.0,0.53171,0.0,ciciomt2024,1
s713712,causal,26,0.25,0.53171,0.0,ciciomt2024,1
s713712,causal,26,0.5,0.50284,0.02887,ciciomt2024,1
s713712,causal,26,0.75,0.50284,0.02887,ciciomt2024,1
s713712,causal,26,1.0,0.19517,0.33654,ciciomt2024,1
s713712,causal,31,0.0,0.53171,0.0,ciciomt2024,1
s713712,causal,31,0.25,0.51299,0.01871,ciciomt2024,1
s713712,causal,31,0.5,0.52415,0.00756,ciciomt2024,1
s713712,causal,31,0.75,0.47405,0.05765,ciciomt2024,1
s713712,causal,31,1.0,0.47405,0.05765,ciciomt2024,1
s713712,causal,33,0.0,0.53171,0.0,ciciomt2024,1
s713712,causal,33,0.25,0.28428,0.24743,ciciomt2024,1
s713712,causal,33,0.5,0.28428,0.24743,ciciomt2024,1
s713712,causal,33,0.75,0.28428,0.24743,ciciomt2024,1
s713712,causal,33,1.0,0.29272,0.23899,ciciomt2024,1
s713712,causal,35,0.0,0.53171,0.0,ciciomt2024,1
s713712,causal,35,0.25,0.269,0.26271,ciciomt2024,1
s713712,causal,35,0.5,0.30563,0.22608,ciciomt2024,1
s713712,causal,35,0.75,0.30563,0.22608,ciciomt2024,1
s713712,causal,35,1.0,0.30563,0.22608,ciciomt2024,1
s713712,causal,38,0.0,0.53171,0.0,ciciomt2024,1
s713712,causal,38,0.25,0.53169,1e-05,ciciomt2024,1
s713712,causal,38,0.5,0.37904,0.15266,ciciomt2024,1
s713712,causal,38,0.75,0.37901,0.15269,ciciomt2024,1
s713712,causal,38,1.0,0.37901,0.15269,ciciomt2024,1
s713712,causal,40,0.0,0.53171,0.0,ciciomt2024,1
s713712,causal,40,0.25,0.28679,0.24491,ciciomt2024,1
s713712,causal,40,0.5,0.26598,0.26573,ciciomt2024,1
s713712,causal,40,0.75,0.26598,0.26573,ciciomt2024,1
s713712,causal,40,1.0,0.26598,0.26573,ciciomt2024,1
s713712,causal,41,0.0,0.53171,0.0,ciciomt2024,1
s713712,causal,41,0.25,0.4774,0.0543,ciciomt2024,1
s713712,causal,41,0.5,0.4167,0.115,ciciomt2024,1
s713712,causal,41,0.75,0.67531,-0.14361,ciciomt2024,1
s713712,causal,41,1.0,0.42163,0.11008,ciciomt2024,1
s713712,non_causal,9,0.0,0.53171,0.0,ciciomt2024,1
s713712,non_causal,9,0.25,0.59718,-0.06547,ciciomt2024,1
s713712,non_causal,9,0.5,0.59718,-0.06547,ciciomt2024,1
s713712,non_causal,9,0.75,0.59711,-0.0654,ciciomt2024,1
s713712,non_causal,9,1.0,0.5971,-0.0654,ciciomt2024,1
s713712,non_causal,10,0.0,0.53171,0.0,ciciomt2024,1
s713712,non_causal,10,0.25,0.53171,0.0,ciciomt2024,1
s713712,non_causal,10,0.5,0.53171,0.0,ciciomt2024,1
s713712,non_causal,10,0.75,0.53171,0.0,ciciomt2024,1
s713712,non_causal,10,1.0,0.53171,0.0,ciciomt2024,1
s713712,non_causal,19,0.0,0.53171,0.0,ciciomt2024,1
s713712,non_causal,19,0.25,0.53171,0.0,ciciomt2024,1
s713712,non_causal,19,0.5,0.53171,0.0,ciciomt2024,1
s713712,non_causal,19,0.75,0.53171,0.0,ciciomt2024,1
s713712,non_causal,19,1.0,0.53171,0.0,ciciomt2024,1
s763375,causal,0,0.0,0.91078,0.0,ciciomt2024,1
s763375,causal,0,0.25,0.06946,0.84133,ciciomt2024,1
s763375,causal,0,0.5,0.06946,0.84133,ciciomt2024,1
s763375,causal,0,0.75,0.06946,0.84133,ciciomt2024,1
s763375,causal,0,1.0,0.06946,0.84133,ciciomt2024,1
s763375,causal,3,0.0,0.91078,0.0,ciciomt2024,1
s763375,causal,3,0.25,0.81552,0.09527,ciciomt2024,1
s763375,causal,3,0.5,0.24843,0.66235,ciciomt2024,1
s763375,causal,3,0.75,0.00949,0.9013,ciciomt2024,1
s763375,causal,3,1.0,0.05291,0.85787,ciciomt2024,1
s763375,causal,15,0.0,0.91078,0.0,ciciomt2024,1
s763375,causal,15,0.25,0.49436,0.41643,ciciomt2024,1
s763375,causal,15,0.5,0.49432,0.41646,ciciomt2024,1
s763375,causal,15,0.75,0.49438,0.41641,ciciomt2024,1
s763375,causal,15,1.0,0.49438,0.41641,ciciomt2024,1
s763375,causal,26,0.0,0.91078,0.0,ciciomt2024,1
s763375,causal,26,0.25,0.91078,0.0,ciciomt2024,1
s763375,causal,26,0.5,0.90738,0.0034,ciciomt2024,1
s763375,causal,26,0.75,0.90738,0.0034,ciciomt2024,1
s763375,causal,26,1.0,0.68431,0.22648,ciciomt2024,1
s763375,causal,38,0.0,0.91078,0.0,ciciomt2024,1
s763375,causal,38,0.25,0.917,-0.00621,ciciomt2024,1
s763375,causal,38,0.5,0.85544,0.05535,ciciomt2024,1
s763375,causal,38,0.75,0.85544,0.05534,ciciomt2024,1
s763375,causal,38,1.0,0.85544,0.05534,ciciomt2024,1
s763375,non_causal,17,0.0,0.91078,0.0,ciciomt2024,1
s763375,non_causal,17,0.25,0.89365,0.01714,ciciomt2024,1
s763375,non_causal,17,0.5,0.89858,0.01221,ciciomt2024,1
s763375,non_causal,17,0.75,0.95218,-0.04139,ciciomt2024,1
s763375,non_causal,17,1.0,0.95218,-0.04139,ciciomt2024,1
s763375,non_causal,5,0.0,0.91078,0.0,ciciomt2024,1
s763375,non_causal,5,0.25,0.91078,0.0,ciciomt2024,1
s763375,non_causal,5,0.5,0.91078,0.0,ciciomt2024,1
s763375,non_causal,5,0.75,0.91078,0.0,ciciomt2024,1
s763375,non_causal,5,1.0,0.91078,0.0,ciciomt2024,1
s763375,non_causal,10,0.0,0.91078,0.0,ciciomt2024,1
s763375,non_causal,10,0.25,0.91078,0.0,ciciomt2024,1
s763375,non_causal,10,0.5,0.91078,0.0,ciciomt2024,1
s763375,non_causal,10,0.75,0.91078,0.0,ciciomt2024,1
s763375,non_causal,10,1.0,0.91078,0.0,ciciomt2024,1
s703422,causal,0,0.0,0.74941,0.0,ciciomt2024,1
s703422,causal,0,0.25,0.22649,0.52292,ciciomt2024,1
s703422,causal,0,0.5,0.22649,0.52292,ciciomt2024,1
s703422,causal,0,0.75,0.22649,0.52292,ciciomt2024,1
s703422,causal,0,1.0,0.22649,0.52292,ciciomt2024,1
s703422,causal,3,0.0,0.74941,0.0,ciciomt2024,1
s703422,causal,3,0.25,0.73107,0.01835,ciciomt2024,1
s703422,causal,3,0.5,0.71914,0.03028,ciciomt2024,1
s703422,causal,3,0.75,0.68906,0.06035,ciciomt2024,1
s703422,causal,3,1.0,0.05138,0.69803,ciciomt2024,1
s703422,causal,15,0.0,0.74941,0.0,ciciomt2024,1
s703422,causal,15,0.25,0.20928,0.54014,ciciomt2024,1
s703422,causal,15,0.5,0.20925,0.54017,ciciomt2024,1
s703422,causal,15,0.75,0.20927,0.54014,ciciomt2024,1
s703422,causal,15,1.0,0.20927,0.54014,ciciomt2024,1
s703422,causal,26,0.0,0.74941,0.0,ciciomt2024,1
s703422,causal,26,0.25,0.74941,0.0,ciciomt2024,1
s703422,causal,26,0.5,0.75564,-0.00623,ciciomt2024,1
s703422,causal,26,0.75,0.75564,-0.00623,ciciomt2024,1
s703422,causal,26,1.0,0.39535,0.35406,ciciomt2024,1
s703422,causal,31,0.0,0.74941,0.0,ciciomt2024,1
s703422,causal,31,0.25,0.70971,0.0397,ciciomt2024,1
s703422,causal,31,0.5,0.71883,0.03058,ciciomt2024,1
s703422,causal,31,0.75,0.6766,0.07282,ciciomt2024,1
s703422,causal,31,1.0,0.6766,0.07282,ciciomt2024,1
s703422,causal,33,0.0,0.74941,0.0,ciciomt2024,1
s703422,causal,33,0.25,0.37214,0.37727,ciciomt2024,1
s703422,causal,33,0.5,0.37214,0.37728,ciciomt2024,1
s703422,causal,33,0.75,0.37214,0.37728,ciciomt2024,1
s703422,causal,33,1.0,0.41818,0.33124,ciciomt2024,1
s703422,causal,35,0.0,0.74941,0.0,ciciomt2024,1
s703422,causal,35,0.25,0.39795,0.35147,ciciomt2024,1
s703422,causal,35,0.5,0.44153,0.30789,ciciomt2024,1
s703422,causal,35,0.75,0.44153,0.30789,ciciomt2024,1
s703422,causal,35,1.0,0.44153,0.30789,ciciomt2024,1
s703422,causal,38,0.0,0.74941,0.0,ciciomt2024,1
s703422,causal,38,0.25,0.7645,-0.01508,ciciomt2024,1
s703422,causal,38,0.5,0.63546,0.11395,ciciomt2024,1
s703422,causal,38,0.75,0.63547,0.11395,ciciomt2024,1
s703422,causal,38,1.0,0.63547,0.11395,ciciomt2024,1
s703422,causal,40,0.0,0.74941,0.0,ciciomt2024,1
s703422,causal,40,0.25,0.60507,0.14434,ciciomt2024,1
s703422,causal,40,0.5,0.57994,0.16948,ciciomt2024,1
s703422,causal,40,0.75,0.57994,0.16948,ciciomt2024,1
s703422,causal,40,1.0,0.57994,0.16948,ciciomt2024,1
s703422,causal,41,0.0,0.74941,0.0,ciciomt2024,1
s703422,causal,41,0.25,0.73391,0.01551,ciciomt2024,1
s703422,causal,41,0.5,0.547,0.20241,ciciomt2024,1
s703422,causal,41,0.75,0.77852,-0.02911,ciciomt2024,1
s703422,causal,41,1.0,0.55203,0.19739,ciciomt2024,1
s703422,non_causal,5,0.0,0.74941,0.0,ciciomt2024,1
s703422,non_causal,5,0.25,0.74941,0.0,ciciomt2024,1
s703422,non_causal,5,0.5,0.74941,0.0,ciciomt2024,1
s703422,non_causal,5,0.75,0.74941,0.0,ciciomt2024,1
s703422,non_causal,5,1.0,0.74941,0.0,ciciomt2024,1
s703422,non_causal,36,0.0,0.74941,0.0,ciciomt2024,1
s703422,non_causal,36,0.25,0.8923,-0.14288,ciciomt2024,1
s703422,non_causal,36,0.5,0.82607,-0.07665,ciciomt2024,1
s703422,non_causal,36,0.75,0.86007,-0.11065,ciciomt2024,1
s703422,non_causal,36,1.0,0.86007,-0.11065,ciciomt2024,1
s703422,non_causal,23,0.0,0.74941,0.0,ciciomt2024,1
s703422,non_causal,23,0.25,0.75024,-0.00083,ciciomt2024,1
s703422,non_causal,23,0.5,0.75024,-0.00082,ciciomt2024,1
s703422,non_causal,23,0.75,0.75022,-0.0008,ciciomt2024,1
s703422,non_causal,23,1.0,0.70514,0.04427,ciciomt2024,1
s691962,causal,0,0.0,0.87668,0.0,ciciomt2024,1
s691962,causal,0,0.25,0.02574,0.85094,ciciomt2024,1
s691962,causal,0,0.5,0.03335,0.84333,ciciomt2024,1
s691962,causal,0,0.75,0.03335,0.84333,ciciomt2024,1
s691962,causal,0,1.0,0.03335,0.84333,ciciomt2024,1
s691962,causal,3,0.0,0.87668,0.0,ciciomt2024,1
s691962,causal,3,0.25,0.93009,-0.05341,ciciomt2024,1
s691962,causal,3,0.5,0.65467,0.22201,ciciomt2024,1
s691962,causal,3,0.75,0.05518,0.8215,ciciomt2024,1
s691962,causal,3,1.0,0.05365,0.82302,ciciomt2024,1
s691962,causal,15,0.0,0.87668,0.0,ciciomt2024,1
s691962,causal,15,0.25,0.35236,0.52432,ciciomt2024,1
s691962,causal,15,0.5,0.35234,0.52434,ciciomt2024,1
s691962,causal,15,0.75,0.35238,0.5243,ciciomt2024,1
s691962,causal,15,1.0,0.35238,0.5243,ciciomt2024,1
s691962,causal,26,0.0,0.87668,0.0,ciciomt2024,1
s691962,causal,26,0.25,0.87668,0.0,ciciomt2024,1
s691962,causal,26,0.5,0.87216,0.00452,ciciomt2024,1
s691962,causal,26,0.75,0.87216,0.00452,ciciomt2024,1
s691962,causal,26,1.0,0.6058,0.27088,ciciomt2024,1
s691962,causal,35,0.0,0.87668,0.0,ciciomt2024,1
s691962,causal,35,0.25,0.81568,0.061,ciciomt2024,1
s691962,causal,35,0.5,0.82112,0.05556,ciciomt2024,1
s691962,causal,35,0.75,0.82111,0.05556,ciciomt2024,1
s691962,causal,35,1.0,0.82111,0.05557,ciciomt2024,1
s691962,causal,38,0.0,0.87668,0.0,ciciomt2024,1
s691962,causal,38,0.25,0.88508,-0.0084,ciciomt2024,1
s691962,causal,38,0.5,0.80504,0.07164,ciciomt2024,1
s691962,causal,38,0.75,0.80504,0.07164,ciciomt2024,1
s691962,causal,38,1.0,0.80504,0.07164,ciciomt2024,1
s691962,non_causal,40,0.0,0.87668,0.0,ciciomt2024,1
s691962,non_causal,40,0.25,0.86757,0.00911,ciciomt2024,1
s691962,non_causal,40,0.5,0.85514,0.02154,ciciomt2024,1
s691962,non_causal,40,0.75,0.85514,0.02154,ciciomt2024,1
s691962,non_causal,40,1.0,0.85514,0.02154,ciciomt2024,1
s691962,non_causal,9,0.0,0.87668,0.0,ciciomt2024,1
s691962,non_causal,9,0.25,0.91302,-0.03635,ciciomt2024,1
s691962,non_causal,9,0.5,0.91302,-0.03634,ciciomt2024,1
s691962,non_causal,9,0.75,0.91295,-0.03627,ciciomt2024,1
s691962,non_causal,9,1.0,0.91294,-0.03626,ciciomt2024,1
s691962,non_causal,7,0.0,0.87668,0.0,ciciomt2024,1
s691962,non_causal,7,0.25,0.87668,0.0,ciciomt2024,1
s691962,non_causal,7,0.5,0.87668,0.0,ciciomt2024,1
s691962,non_causal,7,0.75,0.87668,0.0,ciciomt2024,1
s691962,non_causal,7,1.0,0.87668,0.0,ciciomt2024,1
s314730,causal,0,0.0,0.53273,0.0,ciciomt2024,1
s314730,causal,0,0.25,0.03256,0.50018,ciciomt2024,1
s314730,causal,0,0.5,0.03856,0.49418,ciciomt2024,1
s314730,causal,0,0.75,0.03856,0.49418,ciciomt2024,1
s314730,causal,0,1.0,0.03856,0.49418,ciciomt2024,1
s314730,causal,3,0.0,0.53273,0.0,ciciomt2024,1
s314730,causal,3,0.25,0.80187,-0.26914,ciciomt2024,1
s314730,causal,3,0.5,0.903,-0.37026,ciciomt2024,1
s314730,causal,3,0.75,0.18089,0.35184,ciciomt2024,1
s314730,causal,3,1.0,0.08961,0.44312,ciciomt2024,1
s314730,causal,13,0.0,0.53273,0.0,ciciomt2024,1
s314730,causal,13,0.25,0.42412,0.10861,ciciomt2024,1
s314730,causal,13,0.5,0.42412,0.10861,ciciomt2024,1
s314730,causal,13,0.75,0.42412,0.10861,ciciomt2024,1
s314730,causal,13,1.0,0.42415,0.10859,ciciomt2024,1
s314730,causal,15,0.0,0.53273,0.0,ciciomt2024,1
s314730,causal,15,0.25,0.11567,0.41706,ciciomt2024,1
s314730,causal,15,0.5,0.11566,0.41707,ciciomt2024,1
s314730,causal,15,0.75,0.11567,0.41706,ciciomt2024,1
s314730,causal,15,1.0,0.11567,0.41706,ciciomt2024,1
s314730,causal,26,0.0,0.53273,0.0,ciciomt2024,1
s314730,causal,26,0.25,0.53273,0.0,ciciomt2024,1
s314730,causal,26,0.5,0.54288,-0.01014,ciciomt2024,1
s314730,causal,26,0.75,0.54288,-0.01014,ciciomt2024,1
s314730,causal,26,1.0,0.19582,0.33692,ciciomt2024,1
s314730,causal,31,0.0,0.53273,0.0,ciciomt2024,1
s314730,causal,31,0.25,0.5195,0.01324,ciciomt2024,1
s314730,causal,31,0.5,0.53064,0.0021,ciciomt2024,1
s314730,causal,31,0.75,0.48055,0.05219,ciciomt2024,1
s314730,causal,31,1.0,0.48055,0.05219,ciciomt2024,1
s314730,causal,32,0.0,0.53273,0.0,ciciomt2024,1
s314730,causal,32,0.25,0.48905,0.04368,ciciomt2024,1
s314730,causal,32,0.5,0.46698,0.06576,ciciomt2024,1
s314730,causal,32,0.75,0.46696,0.06578,ciciomt2024,1
s314730,causal,32,1.0,0.46696,0.06578,ciciomt2024,1
s314730,causal,33,0.0,0.53273,0.0,ciciomt2024,1
s314730,causal,33,0.25,0.32907,0.20366,ciciomt2024,1
s314730,causal,33,0.5,0.32907,0.20367,ciciomt2024,1
s314730,causal,33,0.75,0.32907,0.20367,ciciomt2024,1
s314730,causal,33,1.0,0.33821,0.19453,ciciomt2024,1
s314730,causal,35,0.0,0.53273,0.0,ciciomt2024,1
s314730,causal,35,0.25,0.27649,0.25624,ciciomt2024,1
s314730,causal,35,0.5,0.31371,0.21903,ciciomt2024,1
s314730,causal,35,0.75,0.31371,0.21903,ciciomt2024,1
s314730,causal,35,1.0,0.31371,0.21903,ciciomt2024,1
s314730,causal,36,0.0,0.53273,0.0,ciciomt2024,1
s314730,causal,36,0.25,0.6868,-0.15406,ciciomt2024,1
s314730,causal,36,0.5,0.42952,0.10322,ciciomt2024,1
s314730,causal,36,0.75,0.45986,0.07287,ciciomt2024,1
s314730,causal,36,1.0,0.45986,0.07287,ciciomt2024,1
s314730,causal,40,0.0,0.53273,0.0,ciciomt2024,1
s314730,causal,40,0.25,0.29202,0.24071,ciciomt2024,1
s314730,causal,40,0.5,0.27097,0.26177,ciciomt2024,1
s314730,causal,40,0.75,0.27097,0.26177,ciciomt2024,1
s314730,causal,40,1.0,0.27097,0.26177,ciciomt2024,1
s314730,non_causal,30,0.0,0.53273,0.0,ciciomt2024,1
s314730,non_causal,30,0.25,0.53273,0.0,ciciomt2024,1
s314730,non_causal,30,0.5,0.53273,0.0,ciciomt2024,1
s314730,non_causal,30,0.75,0.53273,0.0,ciciomt2024,1
s314730,non_causal,30,1.0,0.53273,0.0,ciciomt2024,1
s314730,non_causal,37,0.0,0.53273,0.0,ciciomt2024,1
s314730,non_causal,37,0.25,0.53273,0.0,ciciomt2024,1
s314730,non_causal,37,0.5,0.53273,0.0,ciciomt2024,1
s314730,non_causal,37,0.75,0.53273,0.0,ciciomt2024,1
s314730,non_causal,37,1.0,0.53273,0.0,ciciomt2024,1
s314730,non_causal,11,0.0,0.53273,0.0,ciciomt2024,1
s314730,non_causal,11,0.25,0.53273,0.0,ciciomt2024,1
s314730,non_causal,11,0.5,0.53273,0.0,ciciomt2024,1
s314730,non_causal,11,0.75,0.53273,0.0,ciciomt2024,1
s314730,non_causal,11,1.0,0.53273,0.0,ciciomt2024,1
s270993,causal,0,0.0,0.5271,0.0,ciciomt2024,1
s270993,causal,0,0.25,0.07038,0.45672,ciciomt2024,1
s270993,causal,0,0.5,0.08274,0.44436,ciciomt2024,1
s270993,causal,0,0.75,0.08274,0.44436,ciciomt2024,1
s270993,causal,0,1.0,0.08274,0.44436,ciciomt2024,1
s270993,causal,3,0.0,0.5271,0.0,ciciomt2024,1
s270993,causal,3,0.25,0.80396,-0.27686,ciciomt2024,1
s270993,causal,3,0.5,0.94948,-0.42238,ciciomt2024,1
s270993,causal,3,0.75,0.33765,0.18945,ciciomt2024,1
s270993,causal,3,1.0,0.11586,0.41124,ciciomt2024,1
s270993,causal,13,0.0,0.5271,0.0,ciciomt2024,1
s270993,causal,13,0.25,0.41861,0.10849,ciciomt2024,1
s270993,causal,13,0.5,0.41861,0.10849,ciciomt2024,1
s270993,causal,13,0.75,0.41861,0.10849,ciciomt2024,1
s270993,causal,13,1.0,0.41863,0.10847,ciciomt2024,1
s270993,causal,15,0.0,0.5271,0.0,ciciomt2024,1
s270993,causal,15,0.25,0.08732,0.43978,ciciomt2024,1
s270993,causal,15,0.5,0.08731,0.43979,ciciomt2024,1
s270993,causal,15,0.75,0.08732,0.43978,ciciomt2024,1
s270993,causal,15,1.0,0.08732,0.43978,ciciomt2024,1
s270993,causal,26,0.0,0.5271,0.0,ciciomt2024,1
s270993,causal,26,0.25,0.5271,0.0,ciciomt2024,1
s270993,causal,26,0.5,0.58442,-0.05732,ciciomt2024,1
s270993,causal,26,0.75,0.58442,-0.05732,ciciomt2024,1
s270993,causal,26,1.0,0.19228,0.33482,ciciomt2024,1
s270993,causal,31,0.0,0.5271,0.0,ciciomt2024,1
s270993,causal,31,0.25,0.49027,0.03682,ciciomt2024,1
s270993,causal,31,0.5,0.50144,0.02566,ciciomt2024,1
s270993,causal,31,0.75,0.45146,0.07564,ciciomt2024,1
s270993,causal,31,1.0,0.45146,0.07564,ciciomt2024,1
s270993,causal,32,0.0,0.5271,0.0,ciciomt2024,1
s270993,causal,32,0.25,0.47692,0.05018,ciciomt2024,1
s270993,causal,32,0.5,0.4549,0.0722,ciciomt2024,1
s270993,causal,32,0.75,0.45488,0.07222,ciciomt2024,1
s270993,causal,32,1.0,0.45488,0.07222,ciciomt2024,1
s270993,causal,33,0.0,0.5271,0.0,ciciomt2024,1
s270993,causal,33,0.25,0.26007,0.26703,ciciomt2024,1
s270993,causal,33,0.5,0.26007,0.26703,ciciomt2024,1
s270993,causal,33,0.75,0.26007,0.26703,ciciomt2024,1
s270993,causal,33,1.0,0.26806,0.25904,ciciomt2024,1
s270993,causal,35,0.0,0.5271,0.0,ciciomt2024,1
s270993,causal,35,0.25,0.24826,0.27884,ciciomt2024,1
s270993,causal,35,0.5,0.28316,0.24394,ciciomt2024,1
s270993,causal,35,0.75,0.28316,0.24394,ciciomt2024,1
s270993,causal,35,1.0,0.28316,0.24394,ciciomt2024,1
s270993,causal,40,0.0,0.5271,0.0,ciciomt2024,1
s270993,causal,40,0.25,0.26802,0.25908,ciciomt2024,1
s270993,causal,40,0.5,0.24809,0.279,ciciomt2024,1
s270993,causal,40,0.75,0.24809,0.279,ciciomt2024,1
s270993,causal,40,1.0,0.24809,0.279,ciciomt2024,1
s270993,non_causal,16,0.0,0.5271,0.0,ciciomt2024,1
s270993,non_causal,16,0.25,0.5271,0.0,ciciomt2024,1
s270993,non_causal,16,0.5,0.5271,0.0,ciciomt2024,1
s270993,non_causal,16,0.75,0.52709,0.0,ciciomt2024,1
s270993,non_causal,16,1.0,0.52709,0.0,ciciomt2024,1
s270993,non_causal,28,0.0,0.5271,0.0,ciciomt2024,1
s270993,non_causal,28,0.25,0.5271,0.0,ciciomt2024,1
s270993,non_causal,28,0.5,0.5271,0.0,ciciomt2024,1
s270993,non_causal,28,0.75,0.5271,0.0,ciciomt2024,1
s270993,non_causal,28,1.0,0.5271,0.0,ciciomt2024,1
s270993,non_causal,23,0.0,0.5271,0.0,ciciomt2024,1
s270993,non_causal,23,0.25,0.52821,-0.00111,ciciomt2024,1
s270993,non_causal,23,0.5,0.52821,-0.00111,ciciomt2024,1
s270993,non_causal,23,0.75,0.5282,-0.0011,ciciomt2024,1
s270993,non_causal,23,1.0,0.49042,0.03667,ciciomt2024,1
s602463,causal,0,0.0,0.73065,0.0,ciciomt2024,1
s602463,causal,0,0.25,0.03082,0.69983,ciciomt2024,1
s602463,causal,0,0.5,0.03987,0.69078,ciciomt2024,1
s602463,causal,0,0.75,0.03987,0.69078,ciciomt2024,1
s602463,causal,0,1.0,0.03987,0.69078,ciciomt2024,1
s602463,causal,1,0.0,0.73065,0.0,ciciomt2024,1
s602463,causal,1,0.25,0.43255,0.2981,ciciomt2024,1
s602463,causal,1,0.5,0.43255,0.2981,ciciomt2024,1
s602463,causal,1,0.75,0.48025,0.2504,ciciomt2024,1
s602463,causal,1,1.0,0.48025,0.2504,ciciomt2024,1
s602463,causal,3,0.0,0.73065,0.0,ciciomt2024,1
s602463,causal,3,0.25,0.34365,0.387,ciciomt2024,1
s602463,causal,3,0.5,0.10446,0.62619,ciciomt2024,1
s602463,causal,3,0.75,0.04958,0.68107,ciciomt2024,1
s602463,causal,3,1.0,0.1209,0.60975,ciciomt2024,1
s602463,causal,13,0.0,0.73065,0.0,ciciomt2024,1
s602463,causal,13,0.25,0.661,0.06965,ciciomt2024,1
s602463,causal,13,0.5,0.661,0.06965,ciciomt2024,1
s602463,causal,13,0.75,0.661,0.06965,ciciomt2024,1
s602463,causal,13,1.0,0.66102,0.06963,ciciomt2024,1
s602463,causal,15,0.0,0.73065,0.0,ciciomt2024,1
s602463,causal,15,0.25,0.19171,0.53894,ciciomt2024,1
s602463,causal,15,0.5,0.1917,0.53895,ciciomt2024,1
s602463,causal,15,0.75,0.19171,0.53894,ciciomt2024,1
s602463,causal,15,1.0,0.19171,0.53894,ciciomt2024,1
s602463,causal,26,0.0,0.73065,0.0,ciciomt2024,1
s602463,causal,26,0.25,0.73065,0.0,ciciomt2024,1
s602463,causal,26,0.5,0.73301,-0.00236,ciciomt2024,1
s602463,causal,26,0.75,0.73301,-0.00236,ciciomt2024,1
s602463,causal,26,1.0,0.36584,0.36481,ciciomt2024,1
s602463,causal,41,0.0,0.73065,0.0,ciciomt2024,1
s602463,causal,41,0.25,0.67916,0.05149,ciciomt2024,1
s602463,causal,41,0.5,0.67011,0.06054,ciciomt2024,1
s602463,causal,41,0.75,0.75732,-0.02667,ciciomt2024,1
s602463,causal,41,1.0,0.64456,0.08609,ciciomt2024,1
s602463,non_causal,18,0.0,0.73065,0.0,ciciomt2024,1
s602463,non_causal,18,0.25,0.73065,0.0,ciciomt2024,1
s602463,non_causal,18,0.5,0.73065,0.0,ciciomt2024,1
s602463,non_causal,18,0.75,0.73065,0.0,ciciomt2024,1
s602463,non_causal,18,1.0,0.73065,0.0,ciciomt2024,1
s602463,non_causal,27,0.0,0.73065,0.0,ciciomt2024,1
s602463,non_causal,27,0.25,0.73065,0.0,ciciomt2024,1
s602463,non_causal,27,0.5,0.73065,0.0,ciciomt2024,1
s602463,non_causal,27,0.75,0.73065,0.0,ciciomt2024,1
s602463,non_causal,27,1.0,0.73065,0.0,ciciomt2024,1
s602463,non_causal,30,0.0,0.73065,0.0,ciciomt2024,1
s602463,non_causal,30,0.25,0.73065,0.0,ciciomt2024,1
s602463,non_causal,30,0.5,0.73065,0.0,ciciomt2024,1
s602463,non_causal,30,0.75,0.73065,0.0,ciciomt2024,1
s602463,non_causal,30,1.0,0.73065,0.0,ciciomt2024,1
s670678,causal,0,0.0,0.67285,0.0,ciciomt2024,1
s670678,causal,0,0.25,0.02311,0.64974,ciciomt2024,1
s670678,causal,0,0.5,0.02997,0.64289,ciciomt2024,1
s670678,causal,0,0.75,0.02997,0.64289,ciciomt2024,1
s670678,causal,0,1.0,0.02997,0.64289,ciciomt2024,1
s670678,causal,3,0.0,0.67285,0.0,ciciomt2024,1
s670678,causal,3,0.25,0.93737,-0.26451,ciciomt2024,1
s670678,causal,3,0.5,0.88443,-0.21157,ciciomt2024,1
s670678,causal,3,0.75,0.06971,0.60314,ciciomt2024,1
s670678,causal,3,1.0,0.17278,0.50008,ciciomt2024,1
s670678,causal,15,0.0,0.67285,0.0,ciciomt2024,1
s670678,causal,15,0.25,0.14294,0.52991,ciciomt2024,1
s670678,causal,15,0.5,0.14293,0.52992,ciciomt2024,1
s670678,causal,15,0.75,0.14295,0.52991,ciciomt2024,1
s670678,causal,15,1.0,0.14295,0.52991,ciciomt2024,1
s670678,causal,26,0.0,0.67285,0.0,ciciomt2024,1
s670678,causal,26,0.25,0.67285,0.0,ciciomt2024,1
s670678,causal,26,0.5,0.6469,0.02595,ciciomt2024,1
s670678,causal,26,0.75,0.6469,0.02595,ciciomt2024,1
s670678,causal,26,1.0,0.30523,0.36762,ciciomt2024,1
s670678,causal,33,0.0,0.67285,0.0,ciciomt2024,1
s670678,causal,33,0.25,0.50057,0.17228,ciciomt2024,1
s670678,causal,33,0.5,0.50056,0.17229,ciciomt2024,1
s670678,causal,33,0.75,0.50056,0.17229,ciciomt2024,1
s670678,causal,33,1.0,0.51083,0.16202,ciciomt2024,1
s670678,causal,35,0.0,0.67285,0.0,ciciomt2024,1
s670678,causal,35,0.25,0.34937,0.32348,ciciomt2024,1
s670678,causal,35,0.5,0.39109,0.28176,ciciomt2024,1
s670678,causal,35,0.75,0.39109,0.28176,ciciomt2024,1
s670678,causal,35,1.0,0.39109,0.28176,ciciomt2024,1
s670678,causal,36,0.0,0.67285,0.0,ciciomt2024,1
s670678,causal,36,0.25,0.78568,-0.11282,ciciomt2024,1
s670678,causal,36,0.5,0.55729,0.11557,ciciomt2024,1
s670678,causal,36,0.75,0.59677,0.07608,ciciomt2024,1
s670678,causal,36,1.0,0.59677,0.07608,ciciomt2024,1
s670678,causal,40,0.0,0.67285,0.0,ciciomt2024,1
s670678,causal,40,0.25,0.4544,0.21845,ciciomt2024,1
s670678,causal,40,0.5,0.42873,0.24412,ciciomt2024,1
s670678,causal,40,0.75,0.42873,0.24412,ciciomt2024,1
s670678,causal,40,1.0,0.42873,0.24412,ciciomt2024,1
s670678,non_causal,41,0.0,0.67285,0.0,ciciomt2024,1
s670678,non_causal,41,0.25,0.66065,0.01221,ciciomt2024,1
s670678,non_causal,41,0.5,0.65055,0.02231,ciciomt2024,1
s670678,non_causal,41,0.75,0.84422,-0.17137,ciciomt2024,1
s670678,non_causal,41,1.0,0.65515,0.01771,ciciomt2024,1
s670678,non_causal,11,0.0,0.67285,0.0,ciciomt2024,1
s670678,non_causal,11,0.25,0.67285,0.0,ciciomt2024,1
s670678,non_causal,11,0.5,0.67285,0.0,ciciomt2024,1
s670678,non_causal,11,0.75,0.67285,0.0,ciciomt2024,1
s670678,non_causal,11,1.0,0.67285,0.0,ciciomt2024,1
s670678,non_causal,27,0.0,0.67285,0.0,ciciomt2024,1
s670678,non_causal,27,0.25,0.67285,0.0,ciciomt2024,1
s670678,non_causal,27,0.5,0.67285,0.0,ciciomt2024,1
s670678,non_causal,27,0.75,0.67285,0.0,ciciomt2024,1
s670678,non_causal,27,1.0,0.67285,0.0,ciciomt2024,1
s584696,causal,0,0.0,0.88482,0.0,ciciomt2024,1
s584696,causal,0,0.25,0.0255,0.85932,ciciomt2024,1
s584696,causal,0,0.5,0.03304,0.85179,ciciomt2024,1
s584696,causal,0,0.75,0.03304,0.85179,ciciomt2024,1
s584696,causal,0,1.0,0.03304,0.85179,ciciomt2024,1
s584696,causal,3,0.0,0.88482,0.0,ciciomt2024,1
s584696,causal,3,0.25,0.9506,-0.06578,ciciomt2024,1
s584696,causal,3,0.5,0.71565,0.16918,ciciomt2024,1
s584696,causal,3,0.75,0.04156,0.84326,ciciomt2024,1
s584696,causal,3,1.0,0.05879,0.82603,ciciomt2024,1
s584696,causal,15,0.0,0.88482,0.0,ciciomt2024,1
s584696,causal,15,0.25,0.36784,0.51698,ciciomt2024,1
s584696,causal,15,0.5,0.36781,0.51701,ciciomt2024,1
s584696,causal,15,0.75,0.36785,0.51697,ciciomt2024,1
s584696,causal,15,1.0,0.36785,0.51697,ciciomt2024,1
s584696,causal,26,0.0,0.88482,0.0,ciciomt2024,1
s584696,causal,26,0.25,0.88482,0.0,ciciomt2024,1
s584696,causal,26,0.5,0.88604,-0.00122,ciciomt2024,1
s584696,causal,26,0.75,0.88604,-0.00122,ciciomt2024,1
s584696,causal,26,1.0,0.62416,0.26066,ciciomt2024,1
s584696,causal,35,0.0,0.88482,0.0,ciciomt2024,1
s584696,causal,35,0.25,0.82082,0.064,ciciomt2024,1
s584696,causal,35,0.5,0.82614,0.05868,ciciomt2024,1
s584696,causal,35,0.75,0.82614,0.05868,ciciomt2024,1
s584696,causal,35,1.0,0.82614,0.05869,ciciomt2024,1
s584696,causal,38,0.0,0.88482,0.0,ciciomt2024,1
s584696,causal,38,0.25,0.89276,-0.00794,ciciomt2024,1
s584696,causal,38,0.5,0.81709,0.06773,ciciomt2024,1
s584696,causal,38,0.75,0.81703,0.06779,ciciomt2024,1
s584696,causal,38,1.0,0.81703,0.06779,ciciomt2024,1
s584696,non_causal,18,0.0,0.88482,0.0,ciciomt2024,1
s584696,non_causal,18,0.25,0.88482,0.0,ciciomt2024,1
s584696,non_causal,18,0.5,0.88482,0.0,ciciomt2024,1
s584696,non_causal,18,0.75,0.88482,0.0,ciciomt2024,1
s584696,non_causal,18,1.0,0.88482,0.0,ciciomt2024,1
s584696,non_causal,33,0.0,0.88482,0.0,ciciomt2024,1
s584696,non_causal,33,0.25,0.89337,-0.00854,ciciomt2024,1
s584696,non_causal,33,0.5,0.89336,-0.00854,ciciomt2024,1
s584696,non_causal,33,0.75,0.89336,-0.00854,ciciomt2024,1
s584696,non_causal,33,1.0,0.89335,-0.00853,ciciomt2024,1
s584696,non_causal,9,0.0,0.88482,0.0,ciciomt2024,1
s584696,non_causal,9,0.25,0.92947,-0.04465,ciciomt2024,1
s584696,non_causal,9,0.5,0.92947,-0.04465,ciciomt2024,1
s584696,non_causal,9,0.75,0.92941,-0.04458,ciciomt2024,1
s584696,non_causal,9,1.0,0.9294,-0.04458,ciciomt2024,1
s657686,causal,0,0.0,0.86468,0.0,ciciomt2024,1
s657686,causal,0,0.25,0.0255,0.83918,ciciomt2024,1
s657686,causal,0,0.5,0.03304,0.83164,ciciomt2024,1
s657686,causal,0,0.75,0.03304,0.83164,ciciomt2024,1
s657686,causal,0,1.0,0.03304,0.83164,ciciomt2024,1
s657686,causal,3,0.0,0.86468,0.0,ciciomt2024,1
s657686,causal,3,0.25,0.93343,-0.06875,ciciomt2024,1
s657686,causal,3,0.5,0.70656,0.15812,ciciomt2024,1
s657686,causal,3,0.75,0.02825,0.83643,ciciomt2024,1
s657686,causal,3,1.0,0.12396,0.74072,ciciomt2024,1
s657686,causal,8,0.0,0.86468,0.0,ciciomt2024,1
s657686,causal,8,0.25,0.80596,0.05872,ciciomt2024,1
s657686,causal,8,0.5,0.80594,0.05873,ciciomt2024,1
s657686,causal,8,0.75,0.80593,0.05874,ciciomt2024,1
s657686,causal,8,1.0,0.80592,0.05876,ciciomt2024,1
s657686,causal,15,0.0,0.86468,0.0,ciciomt2024,1
s657686,causal,15,0.25,0.37462,0.49006,ciciomt2024,1
s657686,causal,15,0.5,0.37459,0.49008,ciciomt2024,1
s657686,causal,15,0.75,0.37463,0.49005,ciciomt2024,1
s657686,causal,15,1.0,0.37463,0.49005,ciciomt2024,1
s657686,causal,26,0.0,0.86468,0.0,ciciomt2024,1
s657686,causal,26,0.25,0.86468,0.0,ciciomt2024,1
s657686,causal,26,0.5,0.87184,-0.00716,ciciomt2024,1
s657686,causal,26,0.75,0.87184,-0.00716,ciciomt2024,1
s657686,causal,26,1.0,0.58004,0.28464,ciciomt2024,1
s657686,causal,35,0.0,0.86468,0.0,ciciomt2024,1
s657686,causal,35,0.25,0.79894,0.06573,ciciomt2024,1
s657686,causal,35,0.5,0.80475,0.05993,ciciomt2024,1
s657686,causal,35,0.75,0.80475,0.05993,ciciomt2024,1
s657686,causal,35,1.0,0.80475,0.05993,ciciomt2024,1
s657686,non_causal,1,0.0,0.86468,0.0,ciciomt2024,1
s657686,non_causal,1,0.25,0.84837,0.0163,ciciomt2024,1
s657686,non_causal,1,0.5,0.84837,0.0163,ciciomt2024,1
s657686,non_causal,1,0.75,0.87366,-0.00899,ciciomt2024,1
s657686,non_causal,1,1.0,0.87366,-0.00898,ciciomt2024,1
s657686,non_causal,20,0.0,0.86468,0.0,ciciomt2024,1
s657686,non_causal,20,0.25,0.86468,0.0,ciciomt2024,1
s657686,non_causal,20,0.5,0.86468,0.0,ciciomt2024,1
s657686,non_causal,20,0.75,0.86468,0.0,ciciomt2024,1
s657686,non_causal,20,1.0,0.86468,0.0,ciciomt2024,1
s657686,non_causal,5,0.0,0.86468,0.0,ciciomt2024,1
s657686,non_causal,5,0.25,0.86468,0.0,ciciomt2024,1
s657686,non_causal,5,0.5,0.86468,0.0,ciciomt2024,1
s657686,non_causal,5,0.75,0.86468,0.0,ciciomt2024,1
s657686,non_causal,5,1.0,0.86468,0.0,ciciomt2024,1
s169401,causal,0,0.0,0.93978,0.0,ciciomt2024,1
s169401,causal,0,0.25,0.05408,0.8857,ciciomt2024,1
s169401,causal,0,0.5,0.06946,0.87032,ciciomt2024,1
s169401,causal,0,0.75,0.06946,0.87032,ciciomt2024,1
s169401,causal,0,1.0,0.06946,0.87032,ciciomt2024,1
s169401,causal,3,0.0,0.93978,0.0,ciciomt2024,1
s169401,causal,3,0.25,0.87566,0.06411,ciciomt2024,1
s169401,causal,3,0.5,0.32214,0.61764,ciciomt2024,1
s169401,causal,3,0.75,0.02285,0.91693,ciciomt2024,1
s169401,causal,3,1.0,0.16755,0.77222,ciciomt2024,1
s169401,causal,15,0.0,0.93978,0.0,ciciomt2024,1
s169401,causal,15,0.25,0.54768,0.39209,ciciomt2024,1
s169401,causal,15,0.5,0.54765,0.39213,ciciomt2024,1
s169401,causal,15,0.75,0.5477,0.39207,ciciomt2024,1
s169401,causal,15,1.0,0.5477,0.39207,ciciomt2024,1
s169401,causal,26,0.0,0.93978,0.0,ciciomt2024,1
s169401,causal,26,0.25,0.93978,0.0,ciciomt2024,1
s169401,causal,26,0.5,0.94045,-0.00068,ciciomt2024,1
s169401,causal,26,0.75,0.94045,-0.00068,ciciomt2024,1
s169401,causal,26,1.0,0.76864,0.17114,ciciomt2024,1
s169401,non_causal,10,0.0,0.93978,0.0,ciciomt2024,1
s169401,non_causal,10,0.25,0.93978,0.0,ciciomt2024,1
s169401,non_causal,10,0.5,0.93978,0.0,ciciomt2024,1
s169401,non_causal,10,0.75,0.93978,0.0,ciciomt2024,1
s169401,non_causal,10,1.0,0.93978,0.0,ciciomt2024,1
s169401,non_causal,11,0.0,0.93978,0.0,ciciomt2024,1
s169401,non_causal,11,0.25,0.93978,0.0,ciciomt2024,1
s169401,non_causal,11,0.5,0.93978,0.0,ciciomt2024,1
s169401,non_causal,11,0.75,0.93978,0.0,ciciomt2024,1
s169401,non_causal,11,1.0,0.93978,0.0,ciciomt2024,1
s169401,non_causal,38,0.0,0.93978,0.0,ciciomt2024,1
s169401,non_causal,38,0.25,0.94299,-0.00322,ciciomt2024,1
s169401,non_causal,38,0.5,0.93452,0.00526,ciciomt2024,1
s169401,non_causal,38,0.75,0.93448,0.00529,ciciomt2024,1
s169401,non_causal,38,1.0,0.93448,0.00529,ciciomt2024,1
s741909,causal,0,0.0,0.81988,0.0,ciciomt2024,1
s741909,causal,0,0.25,0.02108,0.79881,ciciomt2024,1
s741909,causal,0,0.5,0.02734,0.79254,ciciomt2024,1
s741909,causal,0,0.75,0.02734,0.79254,ciciomt2024,1
s741909,causal,0,1.0,0.02734,0.79254,ciciomt2024,1
s741909,causal,3,0.0,0.81988,0.0,ciciomt2024,1
s741909,causal,3,0.25,0.92566,-0.10578,ciciomt2024,1
s741909,causal,3,0.5,0.70656,0.11333,ciciomt2024,1
s741909,causal,3,0.75,0.02825,0.79163,ciciomt2024,1
s741909,causal,3,1.0,0.13461,0.68528,ciciomt2024,1
s741909,causal,8,0.0,0.81988,0.0,ciciomt2024,1
s741909,causal,8,0.25,0.76663,0.05325,ciciomt2024,1
s741909,causal,8,0.5,0.76661,0.05327,ciciomt2024,1
s741909,causal,8,0.75,0.7666,0.05328,ciciomt2024,1
s741909,causal,8,1.0,0.76659,0.0533,ciciomt2024,1
s741909,causal,15,0.0,0.81988,0.0,ciciomt2024,1
s741909,causal,15,0.25,0.23636,0.58353,ciciomt2024,1
s741909,causal,15,0.5,0.23634,0.58354,ciciomt2024,1
s741909,causal,15,0.75,0.23637,0.58352,ciciomt2024,1
s741909,causal,15,1.0,0.23637,0.58352,ciciomt2024,1
s741909,causal,26,0.0,0.81988,0.0,ciciomt2024,1
s741909,causal,26,0.25,0.81988,0.0,ciciomt2024,1
s741909,causal,26,0.5,0.82851,-0.00862,ciciomt2024,1
s741909,causal,26,0.75,0.82851,-0.00862,ciciomt2024,1
s741909,causal,26,1.0,0.49438,0.32551,ciciomt2024,1
s741909,causal,32,0.0,0.81988,0.0,ciciomt2024,1
s741909,causal,32,0.25,0.77758,0.04231,ciciomt2024,1
s741909,causal,32,0.5,0.76192,0.05797,ciciomt2024,1
s741909,causal,32,0.75,0.76189,0.05799,ciciomt2024,1
s741909,causal,32,1.0,0.76189,0.05799,ciciomt2024,1
s741909,causal,35,0.0,0.81988,0.0,ciciomt2024,1
s741909,causal,35,0.25,0.63056,0.18932,ciciomt2024,1
s741909,causal,35,0.5,0.63904,0.18085,ciciomt2024,1
s741909,causal,35,0.75,0.63904,0.18085,ciciomt2024,1
s741909,causal,35,1.0,0.63903,0.18085,ciciomt2024,1
s741909,causal,40,0.0,0.81988,0.0,ciciomt2024,1
s741909,causal,40,0.25,0.74371,0.07618,ciciomt2024,1
s741909,causal,40,0.5,0.72336,0.09652,ciciomt2024,1
s741909,causal,40,0.75,0.72336,0.09652,ciciomt2024,1
s741909,causal,40,1.0,0.72336,0.09652,ciciomt2024,1
s741909,non_causal,6,0.0,0.81988,0.0,ciciomt2024,1
s741909,non_causal,6,0.25,0.81988,0.0,ciciomt2024,1
s741909,non_causal,6,0.5,0.81988,0.0,ciciomt2024,1
s741909,non_causal,6,0.75,0.81988,0.0,ciciomt2024,1
s741909,non_causal,6,1.0,0.81988,0.0,ciciomt2024,1
s741909,non_causal,36,0.0,0.81988,0.0,ciciomt2024,1
s741909,non_causal,36,0.25,0.9145,-0.09461,ciciomt2024,1
s741909,non_causal,36,0.5,0.80419,0.01569,ciciomt2024,1
s741909,non_causal,36,0.75,0.83528,-0.0154,ciciomt2024,1
s741909,non_causal,36,1.0,0.83528,-0.0154,ciciomt2024,1
s741909,non_causal,33,0.0,0.81988,0.0,ciciomt2024,1
s741909,non_causal,33,0.25,0.83487,-0.01499,ciciomt2024,1
s741909,non_causal,33,0.5,0.83487,-0.01498,ciciomt2024,1
s741909,non_causal,33,0.75,0.83487,-0.01498,ciciomt2024,1
s741909,non_causal,33,1.0,0.83486,-0.01498,ciciomt2024,1
s303847,causal,0,0.0,0.53828,0.0,ciciomt2024,1
s303847,causal,0,0.25,0.03101,0.50727,ciciomt2024,1
s303847,causal,0,0.5,0.03674,0.50155,ciciomt2024,1
s303847,causal,0,0.75,0.03674,0.50155,ciciomt2024,1
s303847,causal,0,1.0,0.03674,0.50155,ciciomt2024,1
s303847,causal,3,0.0,0.53828,0.0,ciciomt2024,1
s303847,causal,3,0.25,0.88709,-0.34881,ciciomt2024,1
s303847,causal,3,0.5,0.92155,-0.38327,ciciomt2024,1
s303847,causal,3,0.75,0.13307,0.40521,ciciomt2024,1
s303847,causal,3,1.0,0.08204,0.45625,ciciomt2024,1
s303847,causal,13,0.0,0.53828,0.0,ciciomt2024,1
s303847,causal,13,0.25,0.42959,0.1087,ciciomt2024,1
s303847,causal,13,0.5,0.42959,0.1087,ciciomt2024,1
s303847,causal,13,0.75,0.42959,0.1087,ciciomt2024,1
s303847,causal,13,1.0,0.42961,0.10868,ciciomt2024,1
s303847,causal,15,0.0,0.53828,0.0,ciciomt2024,1
s303847,causal,15,0.25,0.09097,0.44732,ciciomt2024,1
s303847,causal,15,0.5,0.09096,0.44732,ciciomt2024,1
s303847,causal,15,0.75,0.09097,0.44732,ciciomt2024,1
s303847,causal,15,1.0,0.09097,0.44732,ciciomt2024,1
s303847,causal,26,0.0,0.53828,0.0,ciciomt2024,1
s303847,causal,26,0.25,0.53828,0.0,ciciomt2024,1
s303847,causal,26,0.5,0.50944,0.02884,ciciomt2024,1
s303847,causal,26,0.75,0.50944,0.02884,ciciomt2024,1
s303847,causal,26,1.0,0.19935,0.33893,ciciomt2024,1
s303847,causal,31,0.0,0.53828,0.0,ciciomt2024,1
s303847,causal,31,0.25,0.51961,0.01868,ciciomt2024,1
s303847,causal,31,0.5,0.53075,0.00754,ciciomt2024,1
s303847,causal,31,0.75,0.48066,0.05763,ciciomt2024,1
s303847,causal,31,1.0,0.48066,0.05763,ciciomt2024,1
s303847,causal,32,0.0,0.53828,0.0,ciciomt2024,1
s303847,causal,32,0.25,0.49464,0.04365,ciciomt2024,1
s303847,causal,32,0.5,0.47254,0.06574,ciciomt2024,1
s303847,causal,32,0.75,0.47253,0.06576,ciciomt2024,1
s303847,causal,32,1.0,0.47253,0.06576,ciciomt2024,1
s303847,causal,33,0.0,0.53828,0.0,ciciomt2024,1
s303847,causal,33,0.25,0.27361,0.26468,ciciomt2024,1
s303847,causal,33,0.5,0.2736,0.26468,ciciomt2024,1
s303847,causal,33,0.75,0.2736,0.26468,ciciomt2024,1
s303847,causal,33,1.0,0.28185,0.25643,ciciomt2024,1
s303847,causal,35,0.0,0.53828,0.0,ciciomt2024,1
s303847,causal,35,0.25,0.25674,0.28155,ciciomt2024,1
s303847,causal,35,0.5,0.29237,0.24591,ciciomt2024,1
s303847,causal,35,0.75,0.29237,0.24591,ciciomt2024,1
s303847,causal,35,1.0,0.29237,0.24592,ciciomt2024,1
s303847,causal,40,0.0,0.53828,0.0,ciciomt2024,1
s303847,causal,40,0.25,0.26066,0.27763,ciciomt2024,1
s303847,causal,40,0.5,0.2411,0.29719,ciciomt2024,1
s303847,causal,40,0.75,0.2411,0.29719,ciciomt2024,1
s303847,causal,40,1.0,0.2411,0.29719,ciciomt2024,1
s303847,non_causal,38,0.0,0.53828,0.0,ciciomt2024,1
s303847,non_causal,38,0.25,0.53349,0.0048,ciciomt2024,1
s303847,non_causal,38,0.5,0.49753,0.04075,ciciomt2024,1
s303847,non_causal,38,0.75,0.4975,0.04078,ciciomt2024,1
s303847,non_causal,38,1.0,0.4975,0.04078,ciciomt2024,1
s303847,non_causal,21,0.0,0.53828,0.0,ciciomt2024,1
s303847,non_causal,21,0.25,0.53828,0.0,ciciomt2024,1
s303847,non_causal,21,0.5,0.53828,0.0,ciciomt2024,1
s303847,non_causal,21,0.75,0.53828,0.0,ciciomt2024,1
s303847,non_causal,21,1.0,0.53828,0.0,ciciomt2024,1
s303847,non_causal,10,0.0,0.53828,0.0,ciciomt2024,1
s303847,non_causal,10,0.25,0.53828,0.0,ciciomt2024,1
s303847,non_causal,10,0.5,0.53828,0.0,ciciomt2024,1
s303847,non_causal,10,0.75,0.53828,0.0,ciciomt2024,1
s303847,non_causal,10,1.0,0.53828,0.0,ciciomt2024,1
s252273,causal,0,0.0,0.9448,0.0,ciciomt2024,1
s252273,causal,0,0.25,0.05283,0.89196,ciciomt2024,1
s252273,causal,0,0.5,0.06788,0.87691,ciciomt2024,1
s252273,causal,0,0.75,0.06788,0.87691,ciciomt2024,1
s252273,causal,0,1.0,0.06788,0.87691,ciciomt2024,1
s252273,causal,3,0.0,0.9448,0.0,ciciomt2024,1
s252273,causal,3,0.25,0.85489,0.0899,ciciomt2024,1
s252273,causal,3,0.5,0.38063,0.56416,ciciomt2024,1
s252273,causal,3,0.75,0.01896,0.92583,ciciomt2024,1
s252273,causal,3,1.0,0.13037,0.81442,ciciomt2024,1
s252273,causal,15,0.0,0.9448,0.0,ciciomt2024,1
s252273,causal,15,0.25,0.58598,0.35882,ciciomt2024,1
s252273,causal,15,0.5,0.58594,0.35886,ciciomt2024,1
s252273,causal,15,0.75,0.586,0.3588,ciciomt2024,1
s252273,causal,15,1.0,0.586,0.3588,ciciomt2024,1
s252273,causal,26,0.0,0.9448,0.0,ciciomt2024,1
s252273,causal,26,0.25,0.9448,0.0,ciciomt2024,1
s252273,causal,26,0.5,0.94542,-0.00062,ciciomt2024,1
s252273,causal,26,0.75,0.94542,-0.00062,ciciomt2024,1
s252273,causal,26,1.0,0.78467,0.16013,ciciomt2024,1
s252273,non_causal,30,0.0,0.9448,0.0,ciciomt2024,1
s252273,non_causal,30,0.25,0.9448,0.0,ciciomt2024,1
s252273,non_causal,30,0.5,0.9448,0.0,ciciomt2024,1
s252273,non_causal,30,0.75,0.9448,0.0,ciciomt2024,1
s252273,non_causal,30,1.0,0.9448,0.0,ciciomt2024,1
s252273,non_causal,13,0.0,0.9448,0.0,ciciomt2024,1
s252273,non_causal,13,0.25,0.92123,0.02357,ciciomt2024,1
s252273,non_causal,13,0.5,0.92123,0.02357,ciciomt2024,1
s252273,non_causal,13,0.75,0.92123,0.02357,ciciomt2024,1
s252273,non_causal,13,1.0,0.92125,0.02355,ciciomt2024,1
s252273,non_causal,37,0.0,0.9448,0.0,ciciomt2024,1
s252273,non_causal,37,0.25,0.9448,0.0,ciciomt2024,1
s252273,non_causal,37,0.5,0.9448,0.0,ciciomt2024,1
s252273,non_causal,37,0.75,0.9448,0.0,ciciomt2024,1
s252273,non_causal,37,1.0,0.9448,0.0,ciciomt2024,1
s733344,causal,0,0.0,0.89684,0.0,ciciomt2024,1
s733344,causal,0,0.25,0.02656,0.87028,ciciomt2024,1
s733344,causal,0,0.5,0.0344,0.86245,ciciomt2024,1
s733344,causal,0,0.75,0.0344,0.86245,ciciomt2024,1
s733344,causal,0,1.0,0.0344,0.86245,ciciomt2024,1
s733344,causal,3,0.0,0.89684,0.0,ciciomt2024,1
s733344,causal,3,0.25,0.94487,-0.04802,ciciomt2024,1
s733344,causal,3,0.5,0.58046,0.31639,ciciomt2024,1
s733344,causal,3,0.75,0.03328,0.86357,ciciomt2024,1
s733344,causal,3,1.0,0.16755,0.72929,ciciomt2024,1
s733344,causal,15,0.0,0.89684,0.0,ciciomt2024,1
s733344,causal,15,0.25,0.37957,0.51727,ciciomt2024,1
s733344,causal,15,0.5,0.37954,0.5173,ciciomt2024,1
s733344,causal,15,0.75,0.37958,0.51726,ciciomt2024,1
s733344,causal,15,1.0,0.37958,0.51726,ciciomt2024,1
s733344,causal,26,0.0,0.89684,0.0,ciciomt2024,1
s733344,causal,26,0.25,0.89684,0.0,ciciomt2024,1
s733344,causal,26,0.5,0.89795,-0.0011,ciciomt2024,1
s733344,causal,26,0.75,0.89795,-0.0011,ciciomt2024,1
s733344,causal,26,1.0,0.65274,0.24411,ciciomt2024,1
s733344,causal,35,0.0,0.89684,0.0,ciciomt2024,1
s733344,causal,35,0.25,0.83698,0.05986,ciciomt2024,1
s733344,causal,35,0.5,0.84191,0.05493,ciciomt2024,1
s733344,causal,35,0.75,0.84191,0.05493,ciciomt2024,1
s733344,causal,35,1.0,0.84191,0.05493,ciciomt2024,1
s733344,non_causal,1,0.0,0.89684,0.0,ciciomt2024,1
s733344,non_causal,1,0.25,0.88389,0.01295,ciciomt2024,1
s733344,non_causal,1,0.5,0.88389,0.01295,ciciomt2024,1
s733344,non_causal,1,0.75,0.90392,-0.00707,ciciomt2024,1
s733344,non_causal,1,1.0,0.90391,-0.00707,ciciomt2024,1
s733344,non_causal,36,0.0,0.89684,0.0,ciciomt2024,1
s733344,non_causal,36,0.25,0.95352,-0.05667,ciciomt2024,1
s733344,non_causal,36,0.5,0.88736,0.00948,ciciomt2024,1
s733344,non_causal,36,0.75,0.90678,-0.00993,ciciomt2024,1
s733344,non_causal,36,1.0,0.90678,-0.00993,ciciomt2024,1
s733344,non_causal,7,0.0,0.89684,0.0,ciciomt2024,1
s733344,non_causal,7,0.25,0.89684,0.0,ciciomt2024,1
s733344,non_causal,7,0.5,0.89684,0.0,ciciomt2024,1
s733344,non_causal,7,0.75,0.89684,0.0,ciciomt2024,1
s733344,non_causal,7,1.0,0.89684,0.0,ciciomt2024,1
s266013,causal,0,0.0,0.74544,0.0,ciciomt2024,1
s266013,causal,0,0.25,0.02186,0.72358,ciciomt2024,1
s266013,causal,0,0.5,0.02835,0.71709,ciciomt2024,1
s266013,causal,0,0.75,0.02835,0.71709,ciciomt2024,1
s266013,causal,0,1.0,0.02835,0.71709,ciciomt2024,1
s266013,causal,3,0.0,0.74544,0.0,ciciomt2024,1
s266013,causal,3,0.25,0.9449,-0.19946,ciciomt2024,1
s266013,causal,3,0.5,0.84636,-0.10092,ciciomt2024,1
s266013,causal,3,0.75,0.06812,0.67732,ciciomt2024,1
s266013,causal,3,1.0,0.06187,0.68357,ciciomt2024,1
s266013,causal,15,0.0,0.74544,0.0,ciciomt2024,1
s266013,causal,15,0.25,0.2016,0.54383,ciciomt2024,1
s266013,causal,15,0.5,0.20159,0.54385,ciciomt2024,1
s266013,causal,15,0.75,0.20161,0.54383,ciciomt2024,1
s266013,causal,15,1.0,0.20161,0.54383,ciciomt2024,1
s266013,causal,26,0.0,0.74544,0.0,ciciomt2024,1
s266013,causal,26,0.25,0.74544,0.0,ciciomt2024,1
s266013,causal,26,0.5,0.72287,0.02256,ciciomt2024,1
s266013,causal,26,0.75,0.72287,0.02256,ciciomt2024,1
s266013,causal,26,1.0,0.38691,0.35852,ciciomt2024,1
s266013,causal,32,0.0,0.74544,0.0,ciciomt2024,1
s266013,causal,32,0.25,0.69084,0.0546,ciciomt2024,1
s266013,causal,32,0.5,0.67164,0.0738,ciciomt2024,1
s266013,causal,32,0.75,0.67161,0.07382,ciciomt2024,1
s266013,causal,32,1.0,0.67161,0.07382,ciciomt2024,1
s266013,causal,33,0.0,0.74544,0.0,ciciomt2024,1
s266013,causal,33,0.25,0.62281,0.12262,ciciomt2024,1
s266013,causal,33,0.5,0.62281,0.12263,ciciomt2024,1
s266013,causal,33,0.75,0.62281,0.12263,ciciomt2024,1
s266013,causal,33,1.0,0.6228,0.12263,ciciomt2024,1
s266013,causal,35,0.0,0.74544,0.0,ciciomt2024,1
s266013,causal,35,0.25,0.47297,0.27246,ciciomt2024,1
s266013,causal,35,0.5,0.5177,0.22774,ciciomt2024,1
s266013,causal,35,0.75,0.51769,0.22774,ciciomt2024,1
s266013,causal,35,1.0,0.51769,0.22774,ciciomt2024,1
s266013,causal,38,0.0,0.74544,0.0,ciciomt2024,1
s266013,causal,38,0.25,0.74159,0.00384,ciciomt2024,1
s266013,causal,38,0.5,0.60663,0.13881,ciciomt2024,1
s266013,causal,38,0.75,0.60658,0.13885,ciciomt2024,1
s266013,causal,38,1.0,0.60658,0.13885,ciciomt2024,1
s266013,causal,40,0.0,0.74544,0.0,ciciomt2024,1
s266013,causal,40,0.25,0.56082,0.18462,ciciomt2024,1
s266013,causal,40,0.5,0.53503,0.2104,ciciomt2024,1
s266013,causal,40,0.75,0.53503,0.2104,ciciomt2024,1
s266013,causal,40,1.0,0.53503,0.2104,ciciomt2024,1
s266013,non_causal,30,0.0,0.74544,0.0,ciciomt2024,1
s266013,non_causal,30,0.25,0.74544,0.0,ciciomt2024,1
s266013,non_causal,30,0.5,0.74544,0.0,ciciomt2024,1
s266013,non_causal,30,0.75,0.74544,0.0,ciciomt2024,1
s266013,non_causal,30,1.0,0.74544,0.0,ciciomt2024,1
s266013,non_causal,37,0.0,0.74544,0.0,ciciomt2024,1
s266013,non_causal,37,0.25,0.74544,0.0,ciciomt2024,1
s266013,non_causal,37,0.5,0.74544,0.0,ciciomt2024,1
s266013,non_causal,37,0.75,0.74544,0.0,ciciomt2024,1
s266013,non_causal,37,1.0,0.74544,0.0,ciciomt2024,1
s266013,non_causal,17,0.0,0.74544,0.0,ciciomt2024,1
s266013,non_causal,17,0.25,0.73588,0.00956,ciciomt2024,1
s266013,non_causal,17,0.5,0.75412,-0.00869,ciciomt2024,1
s266013,non_causal,17,0.75,0.80198,-0.05655,ciciomt2024,1
s266013,non_causal,17,1.0,0.80198,-0.05655,ciciomt2024,1
s663697,causal,0,0.0,0.89375,0.0,ciciomt2024,1
s663697,causal,0,0.25,0.05336,0.84039,ciciomt2024,1
s663697,causal,0,0.5,0.05336,0.84039,ciciomt2024,1
s663697,causal,0,0.75,0.05336,0.84039,ciciomt2024,1
s663697,causal,0,1.0,0.05336,0.84039,ciciomt2024,1
s663697,causal,3,0.0,0.89375,0.0,ciciomt2024,1
s663697,causal,3,0.25,0.61919,0.27456,ciciomt2024,1
s663697,causal,3,0.5,0.24131,0.65244,ciciomt2024,1
s663697,causal,3,0.75,0.00913,0.88462,ciciomt2024,1
s663697,causal,3,1.0,0.0508,0.84295,ciciomt2024,1
s663697,causal,15,0.0,0.89375,0.0,ciciomt2024,1
s663697,causal,15,0.25,0.59278,0.30097,ciciomt2024,1
s663697,causal,15,0.5,0.59273,0.30102,ciciomt2024,1
s663697,causal,15,0.75,0.5928,0.30095,ciciomt2024,1
s663697,causal,15,1.0,0.5928,0.30095,ciciomt2024,1
s663697,causal,26,0.0,0.89375,0.0,ciciomt2024,1
s663697,causal,26,0.25,0.89375,0.0,ciciomt2024,1
s663697,causal,26,0.5,0.88977,0.00398,ciciomt2024,1
s663697,causal,26,0.75,0.88977,0.00398,ciciomt2024,1
s663697,causal,26,1.0,0.64051,0.25324,ciciomt2024,1
s663697,causal,38,0.0,0.89375,0.0,ciciomt2024,1
s663697,causal,38,0.25,0.90771,-0.01396,ciciomt2024,1
s663697,causal,38,0.5,0.84047,0.05328,ciciomt2024,1
s663697,causal,38,0.75,0.84048,0.05327,ciciomt2024,1
s663697,causal,38,1.0,0.84048,0.05327,ciciomt2024,1
s663697,causal,41,0.0,0.89375,0.0,ciciomt2024,1
s663697,causal,41,0.25,0.84081,0.05294,ciciomt2024,1
s663697,causal,41,0.5,0.83521,0.05854,ciciomt2024,1
s663697,causal,41,0.75,0.88616,0.00759,ciciomt2024,1
s663697,causal,41,1.0,0.81894,0.07481,ciciomt2024,1
s663697,non_causal,14,0.0,0.89375,0.0,ciciomt2024,1
s663697,non_causal,14,0.25,0.89375,0.0,ciciomt2024,1
s663697,non_causal,14,0.5,0.89375,0.0,ciciomt2024,1
s663697,non_causal,14,0.75,0.89375,0.0,ciciomt2024,1
s663697,non_causal,14,1.0,0.89375,0.0,ciciomt2024,1
s663697,non_causal,32,0.0,0.89375,0.0,ciciomt2024,1
s663697,non_causal,32,0.25,0.88739,0.00636,ciciomt2024,1
s663697,non_causal,32,0.5,0.88739,0.00636,ciciomt2024,1
s663697,non_causal,32,0.75,0.88736,0.00639,ciciomt2024,1
s663697,non_causal,32,1.0,0.88736,0.00639,ciciomt2024,1
s663697,non_causal,16,0.0,0.89375,0.0,ciciomt2024,1
s663697,non_causal,16,0.25,0.89375,0.0,ciciomt2024,1
s663697,non_causal,16,0.5,0.89375,0.0,ciciomt2024,1
s663697,non_causal,16,0.75,0.89374,1e-05,ciciomt2024,1
s663697,non_causal,16,1.0,0.89374,1e-05,ciciomt2024,1
s230424,causal,0,0.0,0.91487,0.0,ciciomt2024,1
s230424,causal,0,0.25,0.02703,0.88785,ciciomt2024,1
s230424,causal,0,0.5,0.035,0.87988,ciciomt2024,1
s230424,causal,0,0.75,0.035,0.87988,ciciomt2024,1
s230424,causal,0,1.0,0.035,0.87988,ciciomt2024,1
s230424,causal,3,0.0,0.91487,0.0,ciciomt2024,1
s230424,causal,3,0.25,0.94983,-0.03496,ciciomt2024,1
s230424,causal,3,0.5,0.50573,0.40914,ciciomt2024,1
s230424,causal,3,0.75,0.04437,0.8705,ciciomt2024,1
s230424,causal,3,1.0,0.05622,0.85865,ciciomt2024,1
s230424,causal,15,0.0,0.91487,0.0,ciciomt2024,1
s230424,causal,15,0.25,0.44879,0.46608,ciciomt2024,1
s230424,causal,15,0.5,0.44875,0.46612,ciciomt2024,1
s230424,causal,15,0.75,0.44881,0.46607,ciciomt2024,1
s230424,causal,15,1.0,0.44881,0.46607,ciciomt2024,1
s230424,causal,26,0.0,0.91487,0.0,ciciomt2024,1
s230424,causal,26,0.25,0.91487,0.0,ciciomt2024,1
s230424,causal,26,0.5,0.9158,-0.00093,ciciomt2024,1
s230424,causal,26,0.75,0.9158,-0.00093,ciciomt2024,1
s230424,causal,26,1.0,0.69914,0.21573,ciciomt2024,1
s230424,causal,38,0.0,0.91487,0.0,ciciomt2024,1
s230424,causal,38,0.25,0.91939,-0.00452,ciciomt2024,1
s230424,causal,38,0.5,0.85945,0.05543,ciciomt2024,1
s230424,causal,38,0.75,0.85939,0.05548,ciciomt2024,1
s230424,causal,38,1.0,0.85939,0.05548,ciciomt2024,1
s230424,non_causal,8,0.0,0.91487,0.0,ciciomt2024,1
s230424,non_causal,8,0.25,0.88124,0.03363,ciciomt2024,1
s230424,non_causal,8,0.5,0.88122,0.03365,ciciomt2024,1
s230424,non_causal,8,0.75,0.88121,0.03366,ciciomt2024,1
s230424,non_causal,8,1.0,0.88119,0.03368,ciciomt2024,1
s230424,non_causal,25,0.0,0.91487,0.0,ciciomt2024,1
s230424,non_causal,25,0.25,0.91487,0.0,ciciomt2024,1
s230424,non_causal,25,0.5,0.91487,0.0,ciciomt2024,1
s230424,non_causal,25,0.75,0.91487,0.0,ciciomt2024,1
s230424,non_causal,25,1.0,0.91487,0.0,ciciomt2024,1
s230424,non_causal,19,0.0,0.91487,0.0,ciciomt2024,1
s230424,non_causal,19,0.25,0.91487,0.0,ciciomt2024,1
s230424,non_causal,19,0.5,0.91487,0.0,ciciomt2024,1
s230424,non_causal,19,0.75,0.91487,0.0,ciciomt2024,1
s230424,non_causal,19,1.0,0.91487,0.0,ciciomt2024,1
s642983,causal,0,0.0,0.95149,0.0,ciciomt2024,2
s642983,causal,0,0.25,0.0589,0.89259,ciciomt2024,2
s642983,causal,0,0.5,0.06869,0.88279,ciciomt2024,2
s642983,causal,0,0.75,0.06869,0.88279,ciciomt2024,2
s642983,causal,0,1.0,0.06869,0.88279,ciciomt2024,2
s642983,causal,1,0.0,0.95149,0.0,ciciomt2024,2
s642983,causal,1,0.25,0.95398,-0.00249,ciciomt2024,2
s642983,causal,1,0.5,0.64156,0.30993,ciciomt2024,2
s642983,causal,1,0.75,0.64156,0.30993,ciciomt2024,2
s642983,causal,1,1.0,0.64156,0.30993,ciciomt2024,2
s642983,causal,3,0.0,0.95149,0.0,ciciomt2024,2
s642983,causal,3,0.25,0.94176,0.00973,ciciomt2024,2
s642983,causal,3,0.5,0.46867,0.48282,ciciomt2024,2
s642983,causal,3,0.75,0.01173,0.93975,ciciomt2024,2
s642983,causal,3,1.0,0.00361,0.94788,ciciomt2024,2
s642983,causal,8,0.0,0.95149,0.0,ciciomt2024,2
s642983,causal,8,0.25,0.91104,0.04045,ciciomt2024,2
s642983,causal,8,0.5,0.91104,0.04045,ciciomt2024,2
s642983,causal,8,0.75,0.86455,0.08693,ciciomt2024,2
s642983,causal,8,1.0,0.85089,0.1006,ciciomt2024,2
s642983,causal,15,0.0,0.95149,0.0,ciciomt2024,2
s642983,causal,15,0.25,0.37418,0.57731,ciciomt2024,2
s642983,causal,15,0.5,0.37418,0.57731,ciciomt2024,2
s642983,causal,15,0.75,0.37418,0.57731,ciciomt2024,2
s642983,causal,15,1.0,0.37417,0.57732,ciciomt2024,2
s642983,non_causal,38,0.0,0.95149,0.0,ciciomt2024,2
s642983,non_causal,38,0.25,0.93941,0.01208,ciciomt2024,2
s642983,non_causal,38,0.5,0.93932,0.01217,ciciomt2024,2
s642983,non_causal,38,0.75,0.93927,0.01222,ciciomt2024,2
s642983,non_causal,38,1.0,0.93582,0.01567,ciciomt2024,2
s642983,non_causal,25,0.0,0.95149,0.0,ciciomt2024,2
s642983,non_causal,25,0.25,0.95149,0.0,ciciomt2024,2
s642983,non_causal,25,0.5,0.95149,0.0,ciciomt2024,2
s642983,non_causal,25,0.75,0.95149,0.0,ciciomt2024,2
s642983,non_causal,25,1.0,0.95149,0.0,ciciomt2024,2
s642983,non_causal,27,0.0,0.95149,0.0,ciciomt2024,2
s642983,non_causal,27,0.25,0.95149,0.0,ciciomt2024,2
s642983,non_causal,27,0.5,0.95149,0.0,ciciomt2024,2
s642983,non_causal,27,0.75,0.95149,0.0,ciciomt2024,2
s642983,non_causal,27,1.0,0.95149,0.0,ciciomt2024,2
s618434,causal,0,0.0,0.52301,0.0,ciciomt2024,2
s618434,causal,0,0.25,0.01007,0.51294,ciciomt2024,2
s618434,causal,0,0.5,0.01078,0.51224,ciciomt2024,2
s618434,causal,0,0.75,0.01078,0.51224,ciciomt2024,2
s618434,causal,0,1.0,0.01078,0.51224,ciciomt2024,2
s618434,causal,1,0.0,0.52301,0.0,ciciomt2024,2
s618434,causal,1,0.25,0.54707,-0.02406,ciciomt2024,2
s618434,causal,1,0.5,0.11163,0.41138,ciciomt2024,2
s618434,causal,1,0.75,0.11163,0.41138,ciciomt2024,2
s618434,causal,1,1.0,0.11163,0.41138,ciciomt2024,2
s618434,causal,3,0.0,0.52301,0.0,ciciomt2024,2
s618434,causal,3,0.25,0.89481,-0.37179,ciciomt2024,2
s618434,causal,3,0.5,0.9368,-0.41378,ciciomt2024,2
s618434,causal,3,0.75,0.03281,0.49021,ciciomt2024,2
s618434,causal,3,1.0,0.00436,0.51865,ciciomt2024,2
s618434,causal,8,0.0,0.52301,0.0,ciciomt2024,2
s618434,causal,8,0.25,0.48261,0.0404,ciciomt2024,2
s618434,causal,8,0.5,0.48261,0.0404,ciciomt2024,2
s618434,causal,8,0.75,0.36452,0.15849,ciciomt2024,2
s618434,causal,8,1.0,0.33835,0.18467,ciciomt2024,2
s618434,causal,15,0.0,0.52301,0.0,ciciomt2024,2
s618434,causal,15,0.25,0.25033,0.27268,ciciomt2024,2
s618434,causal,15,0.5,0.25033,0.27268,ciciomt2024,2
s618434,causal,15,0.75,0.25033,0.27268,ciciomt2024,2
s618434,causal,15,1.0,0.25033,0.27268,ciciomt2024,2
s618434,causal,32,0.0,0.52301,0.0,ciciomt2024,2
s618434,causal,32,0.25,0.39856,0.12446,ciciomt2024,2
s618434,causal,32,0.5,0.39856,0.12446,ciciomt2024,2
s618434,causal,32,0.75,0.41669,0.10632,ciciomt2024,2
s618434,causal,32,1.0,0.41669,0.10632,ciciomt2024,2
s618434,causal,33,0.0,0.52301,0.0,ciciomt2024,2
s618434,causal,33,0.25,0.38476,0.13825,ciciomt2024,2
s618434,causal,33,0.5,0.38699,0.13602,ciciomt2024,2
s618434,causal,33,0.75,0.38699,0.13602,ciciomt2024,2
s618434,causal,33,1.0,0.38699,0.13602,ciciomt2024,2
s618434,causal,34,0.0,0.52301,0.0,ciciomt2024,2
s618434,causal,34,0.25,0.52881,-0.0058,ciciomt2024,2
s618434,causal,34,0.5,0.46357,0.05944,ciciomt2024,2
s618434,causal,34,0.75,0.46357,0.05944,ciciomt2024,2
s618434,causal,34,1.0,0.46357,0.05944,ciciomt2024,2
s618434,causal,35,0.0,0.52301,0.0,ciciomt2024,2
s618434,causal,35,0.25,0.38237,0.14064,ciciomt2024,2
s618434,causal,35,0.5,0.38237,0.14064,ciciomt2024,2
s618434,causal,35,0.75,0.39096,0.13205,ciciomt2024,2
s618434,causal,35,1.0,0.40788,0.11514,ciciomt2024,2
s618434,causal,38,0.0,0.52301,0.0,ciciomt2024,2
s618434,causal,38,0.25,0.44035,0.08267,ciciomt2024,2
s618434,causal,38,0.5,0.44026,0.08275,ciciomt2024,2
s618434,causal,38,0.75,0.44023,0.08279,ciciomt2024,2
s618434,causal,38,1.0,0.44023,0.08279,ciciomt2024,2
s618434,causal,41,0.0,0.52301,0.0,ciciomt2024,2
s618434,causal,41,0.25,0.47446,0.04855,ciciomt2024,2
s618434,causal,41,0.5,0.55577,-0.03276,ciciomt2024,2
s618434,causal,41,0.75,0.56784,-0.04482,ciciomt2024,2
s618434,causal,41,1.0,0.30966,0.21335,ciciomt2024,2
s618434,non_causal,31,0.0,0.52301,0.0,ciciomt2024,2
s618434,non_causal,31,0.25,0.52285,0.00017,ciciomt2024,2
s618434,non_causal,31,0.5,0.52285,0.00017,ciciomt2024,2
s618434,non_causal,31,0.75,0.52285,0.00017,ciciomt2024,2
s618434,non_causal,31,1.0,0.52285,0.00017,ciciomt2024,2
s618434,non_causal,5,0.0,0.52301,0.0,ciciomt2024,2
s618434,non_causal,5,0.25,0.52301,0.0,ciciomt2024,2
s618434,non_causal,5,0.5,0.52301,0.0,ciciomt2024,2
s618434,non_causal,5,0.75,0.52301,0.0,ciciomt2024,2
s618434,non_causal,5,1.0,0.52301,0.0,ciciomt2024,2
s618434,non_causal,25,0.0,0.52301,0.0,ciciomt2024,2
s618434,non_causal,25,0.25,0.52301,0.0,ciciomt2024,2
s618434,non_causal,25,0.5,0.52301,0.0,ciciomt2024,2
s618434,non_causal,25,0.75,0.52301,0.0,ciciomt2024,2
s618434,non_causal,25,1.0,0.52301,0.0,ciciomt2024,2
s667706,causal,0,0.0,0.68609,0.0,ciciomt2024,2
s667706,causal,0,0.25,0.04514,0.64095,ciciomt2024,2
s667706,causal,0,0.5,0.05278,0.63331,ciciomt2024,2
s667706,causal,0,0.75,0.05278,0.63332,ciciomt2024,2
s667706,causal,0,1.0,0.05278,0.63332,ciciomt2024,2
s667706,causal,1,0.0,0.68609,0.0,ciciomt2024,2
s667706,causal,1,0.25,0.55209,0.134,ciciomt2024,2
s667706,causal,1,0.5,0.16514,0.52095,ciciomt2024,2
s667706,causal,1,0.75,0.16514,0.52095,ciciomt2024,2
s667706,causal,1,1.0,0.16514,0.52095,ciciomt2024,2
s667706,causal,2,0.0,0.68609,0.0,ciciomt2024,2
s667706,causal,2,0.25,0.61335,0.07275,ciciomt2024,2
s667706,causal,2,0.5,0.61335,0.07275,ciciomt2024,2
s667706,causal,2,0.75,0.61335,0.07275,ciciomt2024,2
s667706,causal,2,1.0,0.61335,0.07275,ciciomt2024,2
s667706,causal,3,0.0,0.68609,0.0,ciciomt2024,2
s667706,causal,3,0.25,0.08123,0.60487,ciciomt2024,2
s667706,causal,3,0.5,0.01844,0.66765,ciciomt2024,2
s667706,causal,3,0.75,0.00097,0.68512,ciciomt2024,2
s667706,causal,3,1.0,0.00472,0.68137,ciciomt2024,2
s667706,causal,8,0.0,0.68609,0.0,ciciomt2024,2
s667706,causal,8,0.25,0.55107,0.13503,ciciomt2024,2
s667706,causal,8,0.5,0.55107,0.13503,ciciomt2024,2
s667706,causal,8,0.75,0.43327,0.25282,ciciomt2024,2
s667706,causal,8,1.0,0.40598,0.28011,ciciomt2024,2
s667706,causal,15,0.0,0.68609,0.0,ciciomt2024,2
s667706,causal,15,0.25,0.3461,0.33999,ciciomt2024,2
s667706,causal,15,0.5,0.3461,0.33999,ciciomt2024,2
s667706,causal,15,0.75,0.3461,0.33999,ciciomt2024,2
s667706,causal,15,1.0,0.3461,0.34,ciciomt2024,2
s667706,causal,33,0.0,0.68609,0.0,ciciomt2024,2
s667706,causal,33,0.25,0.551,0.13509,ciciomt2024,2
s667706,causal,33,0.5,0.55333,0.13276,ciciomt2024,2
s667706,causal,33,0.75,0.55333,0.13277,ciciomt2024,2
s667706,causal,33,1.0,0.55333,0.13277,ciciomt2024,2
s667706,causal,35,0.0,0.68609,0.0,ciciomt2024,2
s667706,causal,35,0.25,0.59221,0.09389,ciciomt2024,2
s667706,causal,35,0.5,0.59221,0.09389,ciciomt2024,2
s667706,causal,35,0.75,0.60093,0.08516,ciciomt2024,2
s667706,causal,35,1.0,0.61771,0.06838,ciciomt2024,2
s667706,causal,36,0.0,0.68609,0.0,ciciomt2024,2
s667706,causal,36,0.25,0.60541,0.08069,ciciomt2024,2
s667706,causal,36,0.5,0.63537,0.05073,ciciomt2024,2
s667706,causal,36,0.75,0.63535,0.05074,ciciomt2024,2
s667706,causal,36,1.0,0.5261,0.15999,ciciomt2024,2
s667706,causal,41,0.0,0.68609,0.0,ciciomt2024,2
s667706,causal,41,0.25,0.67744,0.00865,ciciomt2024,2
s667706,causal,41,0.5,0.67096,0.01513,ciciomt2024,2
s667706,causal,41,0.75,0.61126,0.07484,ciciomt2024,2
s667706,causal,41,1.0,0.41966,0.26643,ciciomt2024,2
s667706,non_causal,12,0.0,0.68609,0.0,ciciomt2024,2
s667706,non_causal,12,0.25,0.68609,0.0,ciciomt2024,2
s667706,non_causal,12,0.5,0.68609,0.0,ciciomt2024,2
s667706,non_causal,12,0.75,0.68609,0.0,ciciomt2024,2
s667706,non_causal,12,1.0,0.68609,0.0,ciciomt2024,2
s667706,non_causal,20,0.0,0.68609,0.0,ciciomt2024,2
s667706,non_causal,20,0.25,0.68609,0.0,ciciomt2024,2
s667706,non_causal,20,0.5,0.68609,0.0,ciciomt2024,2
s667706,non_causal,20,0.75,0.68609,0.0,ciciomt2024,2
s667706,non_causal,20,1.0,0.68609,0.0,ciciomt2024,2
s667706,non_causal,40,0.0,0.68609,0.0,ciciomt2024,2
s667706,non_causal,40,0.25,0.75745,-0.07135,ciciomt2024,2
s667706,non_causal,40,0.5,0.75745,-0.07135,ciciomt2024,2
s667706,non_causal,40,0.75,0.75745,-0.07135,ciciomt2024,2
s667706,non_causal,40,1.0,0.76161,-0.07552,ciciomt2024,2
s193368,causal,0,0.0,0.84537,0.0,ciciomt2024,2
s193368,causal,0,0.25,0.0589,0.78647,ciciomt2024,2
s193368,causal,0,0.5,0.06869,0.77668,ciciomt2024,2
s193368,causal,0,0.75,0.06869,0.77668,ciciomt2024,2
s193368,causal,0,1.0,0.06869,0.77668,ciciomt2024,2
s193368,causal,1,0.0,0.84537,0.0,ciciomt2024,2
s193368,causal,1,0.25,0.84924,-0.00387,ciciomt2024,2
s193368,causal,1,0.5,0.37162,0.47375,ciciomt2024,2
s193368,causal,1,0.75,0.37162,0.47375,ciciomt2024,2
s193368,causal,1,1.0,0.37162,0.47375,ciciomt2024,2
s193368,causal,3,0.0,0.84537,0.0,ciciomt2024,2
s193368,causal,3,0.25,0.83657,0.0088,ciciomt2024,2
s193368,causal,3,0.5,0.08123,0.76414,ciciomt2024,2
s193368,causal,3,0.75,0.01431,0.83106,ciciomt2024,2
s193368,causal,3,1.0,0.00472,0.84065,ciciomt2024,2
s193368,causal,8,0.0,0.84537,0.0,ciciomt2024,2
s193368,causal,8,0.25,0.74434,0.10103,ciciomt2024,2
s193368,causal,8,0.5,0.74434,0.10103,ciciomt2024,2
s193368,causal,8,0.75,0.64459,0.20079,ciciomt2024,2
s193368,causal,8,1.0,0.61852,0.22686,ciciomt2024,2
s193368,causal,15,0.0,0.84537,0.0,ciciomt2024,2
s193368,causal,15,0.25,0.53391,0.31146,ciciomt2024,2
s193368,causal,15,0.5,0.53391,0.31147,ciciomt2024,2
s193368,causal,15,0.75,0.53391,0.31147,ciciomt2024,2
s193368,causal,15,1.0,0.5339,0.31147,ciciomt2024,2
s193368,causal,32,0.0,0.84537,0.0,ciciomt2024,2
s193368,causal,32,0.25,0.73186,0.11352,ciciomt2024,2
s193368,causal,32,0.5,0.73186,0.11352,ciciomt2024,2
s193368,causal,32,0.75,0.74632,0.09905,ciciomt2024,2
s193368,causal,32,1.0,0.74632,0.09905,ciciomt2024,2
s193368,causal,33,0.0,0.84537,0.0,ciciomt2024,2
s193368,causal,33,0.25,0.75433,0.09104,ciciomt2024,2
s193368,causal,33,0.5,0.75607,0.0893,ciciomt2024,2
s193368,causal,33,0.75,0.75607,0.0893,ciciomt2024,2
s193368,causal,33,1.0,0.75607,0.0893,ciciomt2024,2
s193368,causal,36,0.0,0.84537,0.0,ciciomt2024,2
s193368,causal,36,0.25,0.79038,0.055,ciciomt2024,2
s193368,causal,36,0.5,0.81066,0.03471,ciciomt2024,2
s193368,causal,36,0.75,0.81065,0.03472,ciciomt2024,2
s193368,causal,36,1.0,0.76061,0.08476,ciciomt2024,2
s193368,causal,41,0.0,0.84537,0.0,ciciomt2024,2
s193368,causal,41,0.25,0.84443,0.00094,ciciomt2024,2
s193368,causal,41,0.5,0.84823,-0.00285,ciciomt2024,2
s193368,causal,41,0.75,0.81163,0.03374,ciciomt2024,2
s193368,causal,41,1.0,0.6644,0.18097,ciciomt2024,2
s193368,non_causal,16,0.0,0.84537,0.0,ciciomt2024,2
s193368,non_causal,16,0.25,0.84537,0.0,ciciomt2024,2
s193368,non_causal,16,0.5,0.84537,0.0,ciciomt2024,2
s193368,non_causal,16,0.75,0.84537,0.0,ciciomt2024,2
s193368,non_causal,16,1.0,0.84537,0.0,ciciomt2024,2
s193368,non_causal,18,0.0,0.84537,0.0,ciciomt2024,2
s193368,non_causal,18,0.25,0.84537,0.0,ciciomt2024,2
s193368,non_causal,18,0.5,0.84537,0.0,ciciomt2024,2
s193368,non_causal,18,0.75,0.84537,0.0,ciciomt2024,2
s193368,non_causal,18,1.0,0.84537,0.0,ciciomt2024,2
s193368,non_causal,9,0.0,0.84537,0.0,ciciomt2024,2
s193368,non_causal,9,0.25,0.88493,-0.03956,ciciomt2024,2
s193368,non_causal,9,0.5,0.88493,-0.03955,ciciomt2024,2
s193368,non_causal,9,0.75,0.88493,-0.03955,ciciomt2024,2
s193368,non_causal,9,1.0,0.88489,-0.03952,ciciomt2024,2
s682871,causal,0,0.0,0.61773,0.0,ciciomt2024,2
s682871,causal,0,0.25,0.02929,0.58844,ciciomt2024,2
s682871,causal,0,0.5,0.0313,0.58643,ciciomt2024,2
s682871,causal,0,0.75,0.0313,0.58643,ciciomt2024,2
s682871,causal,0,1.0,0.0313,0.58643,ciciomt2024,2
s682871,causal,1,0.0,0.61773,0.0,ciciomt2024,2
s682871,causal,1,0.25,0.56536,0.05237,ciciomt2024,2
s682871,causal,1,0.5,0.1104,0.50733,ciciomt2024,2
s682871,causal,1,0.75,0.1104,0.50733,ciciomt2024,2
s682871,causal,1,1.0,0.1104,0.50733,ciciomt2024,2
s682871,causal,3,0.0,0.61773,0.0,ciciomt2024,2
s682871,causal,3,0.25,0.69532,-0.07759,ciciomt2024,2
s682871,causal,3,0.5,0.71521,-0.09748,ciciomt2024,2
s682871,causal,3,0.75,0.70953,-0.0918,ciciomt2024,2
s682871,causal,3,1.0,0.00872,0.60901,ciciomt2024,2
s682871,causal,8,0.0,0.61773,0.0,ciciomt2024,2
s682871,causal,8,0.25,0.5733,0.04443,ciciomt2024,2
s682871,causal,8,0.5,0.5733,0.04443,ciciomt2024,2
s682871,causal,8,0.75,0.45245,0.16528,ciciomt2024,2
s682871,causal,8,1.0,0.42418,0.19356,ciciomt2024,2
s682871,causal,15,0.0,0.61773,0.0,ciciomt2024,2
s682871,causal,15,0.25,0.33257,0.28516,ciciomt2024,2
s682871,causal,15,0.5,0.33257,0.28516,ciciomt2024,2
s682871,causal,15,0.75,0.33257,0.28516,ciciomt2024,2
s682871,causal,15,1.0,0.33257,0.28516,ciciomt2024,2
s682871,causal,32,0.0,0.61773,0.0,ciciomt2024,2
s682871,causal,32,0.25,0.54195,0.07578,ciciomt2024,2
s682871,causal,32,0.5,0.54195,0.07578,ciciomt2024,2
s682871,causal,32,0.75,0.56053,0.0572,ciciomt2024,2
s682871,causal,32,1.0,0.56053,0.0572,ciciomt2024,2
s682871,causal,33,0.0,0.61773,0.0,ciciomt2024,2
s682871,causal,33,0.25,0.44011,0.17762,ciciomt2024,2
s682871,causal,33,0.5,0.47351,0.14422,ciciomt2024,2
s682871,causal,33,0.75,0.47351,0.14422,ciciomt2024,2
s682871,causal,33,1.0,0.47351,0.14422,ciciomt2024,2
s682871,causal,34,0.0,0.61773,0.0,ciciomt2024,2
s682871,causal,34,0.25,0.6053,0.01243,ciciomt2024,2
s682871,causal,34,0.5,0.54148,0.07625,ciciomt2024,2
s682871,causal,34,0.75,0.54148,0.07625,ciciomt2024,2
s682871,causal,34,1.0,0.54148,0.07625,ciciomt2024,2
s682871,causal,35,0.0,0.61773,0.0,ciciomt2024,2
s682871,causal,35,0.25,0.48972,0.12802,ciciomt2024,2
s682871,causal,35,0.5,0.48972,0.12802,ciciomt2024,2
s682871,causal,35,0.75,0.49877,0.11896,ciciomt2024,2
s682871,causal,35,1.0,0.5164,0.10133,ciciomt2024,2
s682871,causal,38,0.0,0.61773,0.0,ciciomt2024,2
s682871,causal,38,0.25,0.55394,0.06379,ciciomt2024,2
s682871,causal,38,0.5,0.55382,0.06391,ciciomt2024,2
s682871,causal,38,0.75,0.55377,0.06396,ciciomt2024,2
s682871,causal,38,1.0,0.55377,0.06396,ciciomt2024,2
s682871,causal,41,0.0,0.61773,0.0,ciciomt2024,2
s682871,causal,41,0.25,0.57107,0.04666,ciciomt2024,2
s682871,causal,41,0.5,0.62707,-0.00934,ciciomt2024,2
s682871,causal,41,0.75,0.60313,0.0146,ciciomt2024,2
s682871,causal,41,1.0,0.37681,0.24092,ciciomt2024,2
s682871,non_causal,2,0.0,0.61773,0.0,ciciomt2024,2
s682871,non_causal,2,0.25,0.76312,-0.14539,ciciomt2024,2
s682871,non_causal,2,0.5,0.76312,-0.14539,ciciomt2024,2
s682871,non_causal,2,0.75,0.76312,-0.14539,ciciomt2024,2
s682871,non_causal,2,1.0,0.76312,-0.14539,ciciomt2024,2
s682871,non_causal,6,0.0,0.61773,0.0,ciciomt2024,2
s682871,non_causal,6,0.25,0.61773,0.0,ciciomt2024,2
s682871,non_causal,6,0.5,0.61773,0.0,ciciomt2024,2
s682871,non_causal,6,0.75,0.61773,0.0,ciciomt2024,2
s682871,non_causal,6,1.0,0.61773,0.0,ciciomt2024,2
s682871,non_causal,28,0.0,0.61773,0.0,ciciomt2024,2
s682871,non_causal,28,0.25,0.61773,0.0,ciciomt2024,2
s682871,non_causal,28,0.5,0.61773,0.0,ciciomt2024,2
s682871,non_causal,28,0.75,0.61773,0.0,ciciomt2024,2
s682871,non_causal,28,1.0,0.61773,0.0,ciciomt2024,2
s738876,causal,0,0.0,0.92073,0.0,ciciomt2024,2
s738876,causal,0,0.25,0.0589,0.86183,ciciomt2024,2
s738876,causal,0,0.5,0.06869,0.85204,ciciomt2024,2
s738876,causal,0,0.75,0.06869,0.85204,ciciomt2024,2
s738876,causal,0,1.0,0.06869,0.85204,ciciomt2024,2
s738876,causal,1,0.0,0.92073,0.0,ciciomt2024,2
s738876,causal,1,0.25,0.92118,-0.00045,ciciomt2024,2
s738876,causal,1,0.5,0.51293,0.4078,ciciomt2024,2
s738876,causal,1,0.75,0.51293,0.4078,ciciomt2024,2
s738876,causal,1,1.0,0.51293,0.4078,ciciomt2024,2
s738876,causal,3,0.0,0.92073,0.0,ciciomt2024,2
s738876,causal,3,0.25,0.83311,0.08762,ciciomt2024,2
s738876,causal,3,0.5,0.34949,0.57124,ciciomt2024,2
s738876,causal,3,0.75,0.00097,0.91976,ciciomt2024,2
s738876,causal,3,1.0,0.00366,0.91707,ciciomt2024,2
s738876,causal,8,0.0,0.92073,0.0,ciciomt2024,2
s738876,causal,8,0.25,0.85983,0.06091,ciciomt2024,2
s738876,causal,8,0.5,0.85983,0.06091,ciciomt2024,2
s738876,causal,8,0.75,0.79263,0.1281,ciciomt2024,2
s738876,causal,8,1.0,0.77361,0.14713,ciciomt2024,2
s738876,causal,15,0.0,0.92073,0.0,ciciomt2024,2
s738876,causal,15,0.25,0.31247,0.60826,ciciomt2024,2
s738876,causal,15,0.5,0.31247,0.60826,ciciomt2024,2
s738876,causal,15,0.75,0.31247,0.60826,ciciomt2024,2
s738876,causal,15,1.0,0.31247,0.60827,ciciomt2024,2
s738876,causal,33,0.0,0.92073,0.0,ciciomt2024,2
s738876,causal,33,0.25,0.85131,0.06942,ciciomt2024,2
s738876,causal,33,0.5,0.82563,0.0951,ciciomt2024,2
s738876,causal,33,0.75,0.82563,0.0951,ciciomt2024,2
s738876,causal,33,1.0,0.82563,0.0951,ciciomt2024,2
s738876,causal,36,0.0,0.92073,0.0,ciciomt2024,2
s738876,causal,36,0.25,0.83921,0.08152,ciciomt2024,2
s738876,causal,36,0.5,0.85562,0.06511,ciciomt2024,2
s738876,causal,36,0.75,0.85561,0.06512,ciciomt2024,2
s738876,causal,36,1.0,0.79718,0.12355,ciciomt2024,2
s738876,causal,38,0.0,0.92073,0.0,ciciomt2024,2
s738876,causal,38,0.25,0.86285,0.05788,ciciomt2024,2
s738876,causal,38,0.5,0.86273,0.058,ciciomt2024,2
s738876,causal,38,0.75,0.86266,0.05807,ciciomt2024,2
s738876,causal,38,1.0,0.86266,0.05807,ciciomt2024,2
s738876,causal,41,0.0,0.92073,0.0,ciciomt2024,2
s738876,causal,41,0.25,0.90374,0.01699,ciciomt2024,2
s738876,causal,41,0.5,0.90573,0.015,ciciomt2024,2
s738876,causal,41,0.75,0.9098,0.01093,ciciomt2024,2
s738876,causal,41,1.0,0.82502,0.09571,ciciomt2024,2
s738876,non_causal,4,0.0,0.92073,0.0,ciciomt2024,2
s738876,non_causal,4,0.25,0.92073,0.0,ciciomt2024,2
s738876,non_causal,4,0.5,0.92073,0.0,ciciomt2024,2
s738876,non_causal,4,0.75,0.92073,0.0,ciciomt2024,2
s738876,non_causal,4,1.0,0.92073,0.0,ciciomt2024,2
s738876,non_causal,19,0.0,0.92073,0.0,ciciomt2024,2
s738876,non_causal,19,0.25,0.92073,0.0,ciciomt2024,2
s738876,non_causal,19,0.5,0.92073,0.0,ciciomt2024,2
s738876,non_causal,19,0.75,0.92073,0.0,ciciomt2024,2
s738876,non_causal,19,1.0,0.92073,0.0,ciciomt2024,2
s738876,non_causal,16,0.0,0.92073,0.0,ciciomt2024,2
s738876,non_causal,16,0.25,0.92073,0.0,ciciomt2024,2
s738876,non_causal,16,0.5,0.92073,0.0,ciciomt2024,2
s738876,non_causal,16,0.75,0.92073,0.0,ciciomt2024,2
s738876,non_causal,16,1.0,0.92073,0.0,ciciomt2024,2
s304474,causal,0,0.0,0.94493,0.0,ciciomt2024,2
s304474,causal,0,0.25,0.0589,0.88603,ciciomt2024,2
s304474,causal,0,0.5,0.06869,0.87623,ciciomt2024,2
s304474,causal,0,0.75,0.06869,0.87623,ciciomt2024,2
s304474,causal,0,1.0,0.06869,0.87623,ciciomt2024,2
s304474,causal,1,0.0,0.94493,0.0,ciciomt2024,2
s304474,causal,1,0.25,0.94774,-0.00281,ciciomt2024,2
s304474,causal,1,0.5,0.61024,0.33469,ciciomt2024,2
s304474,causal,1,0.75,0.61024,0.33469,ciciomt2024,2
s304474,causal,1,1.0,0.61024,0.33469,ciciomt2024,2
s304474,causal,3,0.0,0.94493,0.0,ciciomt2024,2
s304474,causal,3,0.25,0.93397,0.01095,ciciomt2024,2
s304474,causal,3,0.5,0.50422,0.44071,ciciomt2024,2
s304474,causal,3,0.75,0.01386,0.93107,ciciomt2024,2
s304474,causal,3,1.0,0.00436,0.94057,ciciomt2024,2
s304474,causal,8,0.0,0.94493,0.0,ciciomt2024,2
s304474,causal,8,0.25,0.90327,0.04166,ciciomt2024,2
s304474,causal,8,0.5,0.90327,0.04166,ciciomt2024,2
s304474,causal,8,0.75,0.85337,0.09156,ciciomt2024,2
s304474,causal,8,1.0,0.83879,0.10614,ciciomt2024,2
s304474,causal,15,0.0,0.94493,0.0,ciciomt2024,2
s304474,causal,15,0.25,0.34335,0.60158,ciciomt2024,2
s304474,causal,15,0.5,0.34335,0.60158,ciciomt2024,2
s304474,causal,15,0.75,0.34335,0.60158,ciciomt2024,2
s304474,causal,15,1.0,0.34334,0.60158,ciciomt2024,2
s304474,causal,41,0.0,0.94493,0.0,ciciomt2024,2
s304474,causal,41,0.25,0.94091,0.00402,ciciomt2024,2
s304474,causal,41,0.5,0.94472,0.00021,ciciomt2024,2
s304474,causal,41,0.75,0.94719,-0.00226,ciciomt2024,2
s304474,causal,41,1.0,0.88801,0.05692,ciciomt2024,2
s304474,non_causal,31,0.0,0.94493,0.0,ciciomt2024,2
s304474,non_causal,31,0.25,0.94477,0.00016,ciciomt2024,2
s304474,non_causal,31,0.5,0.94477,0.00015,ciciomt2024,2
s304474,non_causal,31,0.75,0.94477,0.00016,ciciomt2024,2
s304474,non_causal,31,1.0,0.94477,0.00016,ciciomt2024,2
s304474,non_causal,16,0.0,0.94493,0.0,ciciomt2024,2
s304474,non_causal,16,0.25,0.94493,0.0,ciciomt2024,2
s304474,non_causal,16,0.5,0.94493,0.0,ciciomt2024,2
s304474,non_causal,16,0.75,0.94493,0.0,ciciomt2024,2
s304474,non_causal,16,1.0,0.94493,0.0,ciciomt2024,2
s304474,non_causal,5,0.0,0.94493,0.0,ciciomt2024,2
s304474,non_causal,5,0.25,0.94493,0.0,ciciomt2024,2
s304474,non_causal,5,0.5,0.94493,0.0,ciciomt2024,2
s304474,non_causal,5,0.75,0.94493,0.0,ciciomt2024,2
s304474,non_causal,5,1.0,0.94493,0.0,ciciomt2024,2
s581620,causal,0,0.0,0.86775,0.0,ciciomt2024,2
s581620,causal,0,0.25,0.03786,0.82989,ciciomt2024,2
s581620,causal,0,0.5,0.04432,0.82343,ciciomt2024,2
s581620,causal,0,0.75,0.04432,0.82343,ciciomt2024,2
s581620,causal,0,1.0,0.04432,0.82343,ciciomt2024,2
s581620,causal,1,0.0,0.86775,0.0,ciciomt2024,2
s581620,causal,1,0.25,0.88099,-0.01323,ciciomt2024,2
s581620,causal,1,0.5,0.41579,0.45196,ciciomt2024,2
s581620,causal,1,0.75,0.41579,0.45196,ciciomt2024,2
s581620,causal,1,1.0,0.41579,0.45196,ciciomt2024,2
s581620,causal,3,0.0,0.86775,0.0,ciciomt2024,2
s581620,causal,3,0.25,0.94242,-0.07467,ciciomt2024,2
s581620,causal,3,0.5,0.78923,0.07852,ciciomt2024,2
s581620,causal,3,0.75,0.01019,0.85756,ciciomt2024,2
s581620,causal,3,1.0,0.0032,0.86455,ciciomt2024,2
s581620,causal,8,0.0,0.86775,0.0,ciciomt2024,2
s581620,causal,8,0.25,0.75169,0.11606,ciciomt2024,2
s581620,causal,8,0.5,0.75169,0.11606,ciciomt2024,2
s581620,causal,8,0.75,0.65347,0.21429,ciciomt2024,2
s581620,causal,8,1.0,0.62767,0.24008,ciciomt2024,2
s581620,causal,15,0.0,0.86775,0.0,ciciomt2024,2
s581620,causal,15,0.25,0.34205,0.52571,ciciomt2024,2
s581620,causal,15,0.5,0.34204,0.52571,ciciomt2024,2
s581620,causal,15,0.75,0.34204,0.52571,ciciomt2024,2
s581620,causal,15,1.0,0.34204,0.52571,ciciomt2024,2
s581620,causal,33,0.0,0.86775,0.0,ciciomt2024,2
s581620,causal,33,0.25,0.80281,0.06495,ciciomt2024,2
s581620,causal,33,0.5,0.80429,0.06346,ciciomt2024,2
s581620,causal,33,0.75,0.80429,0.06346,ciciomt2024,2
s581620,causal,33,1.0,0.80429,0.06346,ciciomt2024,2
s581620,causal,41,0.0,0.86775,0.0,ciciomt2024,2
s581620,causal,41,0.25,0.86879,-0.00104,ciciomt2024,2
s581620,causal,41,0.5,0.8716,-0.00384,ciciomt2024,2
s581620,causal,41,0.75,0.87695,-0.0092,ciciomt2024,2
s581620,causal,41,1.0,0.75938,0.10837,ciciomt2024,2
s581620,non_causal,6,0.0,0.86775,0.0,ciciomt2024,2
s581620,non_causal,6,0.25,0.86775,0.0,ciciomt2024,2
s581620,non_causal,6,0.5,0.86775,0.0,ciciomt2024,2
s581620,non_causal,6,0.75,0.86775,0.0,ciciomt2024,2
s581620,non_causal,6,1.0,0.86775,0.0,ciciomt2024,2
s581620,non_causal,18,0.0,0.86775,0.0,ciciomt2024,2
s581620,non_causal,18,0.25,0.86775,0.0,ciciomt2024,2
s581620,non_causal,18,0.5,0.86775,0.0,ciciomt2024,2
s581620,non_causal,18,0.75,0.86775,0.0,ciciomt2024,2
s581620,non_causal,18,1.0,0.86775,0.0,ciciomt2024,2
s581620,non_causal,16,0.0,0.86775,0.0,ciciomt2024,2
s581620,non_causal,16,0.25,0.86775,0.0,ciciomt2024,2
s581620,non_causal,16,0.5,0.86775,0.0,ciciomt2024,2
s581620,non_causal,16,0.75,0.86775,0.0,ciciomt2024,2
s581620,non_causal,16,1.0,0.86775,0.0,ciciomt2024,2
s255008,causal,0,0.0,0.61649,0.0,ciciomt2024,2
s255008,causal,0,0.25,0.03666,0.57983,ciciomt2024,2
s255008,causal,0,0.5,0.03915,0.57734,ciciomt2024,2
s255008,causal,0,0.75,0.03915,0.57734,ciciomt2024,2
s255008,causal,0,1.0,0.03915,0.57734,ciciomt2024,2
s255008,causal,1,0.0,0.61649,0.0,ciciomt2024,2
s255008,causal,1,0.25,0.51829,0.0982,ciciomt2024,2
s255008,causal,1,0.5,0.08832,0.52817,ciciomt2024,2
s255008,causal,1,0.75,0.08832,0.52817,ciciomt2024,2
s255008,causal,1,1.0,0.08832,0.52817,ciciomt2024,2
s255008,causal,3,0.0,0.61649,0.0,ciciomt2024,2
s255008,causal,3,0.25,0.74548,-0.12899,ciciomt2024,2
s255008,causal,3,0.5,0.64304,-0.02655,ciciomt2024,2
s255008,causal,3,0.75,0.88362,-0.26713,ciciomt2024,2
s255008,causal,3,1.0,0.01259,0.6039,ciciomt2024,2
s255008,causal,8,0.0,0.61649,0.0,ciciomt2024,2
s255008,causal,8,0.25,0.57338,0.04311,ciciomt2024,2
s255008,causal,8,0.5,0.57338,0.04311,ciciomt2024,2
s255008,causal,8,0.75,0.45254,0.16395,ciciomt2024,2
s255008,causal,8,1.0,0.42426,0.19223,ciciomt2024,2
s255008,causal,15,0.0,0.61649,0.0,ciciomt2024,2
s255008,causal,15,0.25,0.3228,0.29369,ciciomt2024,2
s255008,causal,15,0.5,0.32279,0.29369,ciciomt2024,2
s255008,causal,15,0.75,0.32279,0.29369,ciciomt2024,2
s255008,causal,15,1.0,0.32279,0.2937,ciciomt2024,2
s255008,causal,32,0.0,0.61649,0.0,ciciomt2024,2
s255008,causal,32,0.25,0.52712,0.08937,ciciomt2024,2
s255008,causal,32,0.5,0.52712,0.08937,ciciomt2024,2
s255008,causal,32,0.75,0.54579,0.0707,ciciomt2024,2
s255008,causal,32,1.0,0.54579,0.0707,ciciomt2024,2
s255008,causal,33,0.0,0.61649,0.0,ciciomt2024,2
s255008,causal,33,0.25,0.44537,0.17111,ciciomt2024,2
s255008,causal,33,0.5,0.4477,0.16879,ciciomt2024,2
s255008,causal,33,0.75,0.4477,0.16879,ciciomt2024,2
s255008,causal,33,1.0,0.4477,0.16879,ciciomt2024,2
s255008,causal,34,0.0,0.61649,0.0,ciciomt2024,2
s255008,causal,34,0.25,0.62625,-0.00976,ciciomt2024,2
s255008,causal,34,0.5,0.56338,0.05311,ciciomt2024,2
s255008,causal,34,0.75,0.56338,0.05311,ciciomt2024,2
s255008,causal,34,1.0,0.56338,0.05311,ciciomt2024,2
s255008,causal,35,0.0,0.61649,0.0,ciciomt2024,2
s255008,causal,35,0.25,0.4942,0.12229,ciciomt2024,2
s255008,causal,35,0.5,0.4942,0.12229,ciciomt2024,2
s255008,causal,35,0.75,0.50326,0.11323,ciciomt2024,2
s255008,causal,35,1.0,0.52088,0.09561,ciciomt2024,2
s255008,causal,38,0.0,0.61649,0.0,ciciomt2024,2
s255008,causal,38,0.25,0.55623,0.06025,ciciomt2024,2
s255008,causal,38,0.5,0.55611,0.06037,ciciomt2024,2
s255008,causal,38,0.75,0.55606,0.06043,ciciomt2024,2
s255008,causal,38,1.0,0.55606,0.06043,ciciomt2024,2
s255008,causal,41,0.0,0.61649,0.0,ciciomt2024,2
s255008,causal,41,0.25,0.54729,0.0692,ciciomt2024,2
s255008,causal,41,0.5,0.56969,0.0468,ciciomt2024,2
s255008,causal,41,0.75,0.51426,0.10223,ciciomt2024,2
s255008,causal,41,1.0,0.29642,0.32007,ciciomt2024,2
s255008,non_causal,21,0.0,0.61649,0.0,ciciomt2024,2
s255008,non_causal,21,0.25,0.61649,0.0,ciciomt2024,2
s255008,non_causal,21,0.5,0.61649,0.0,ciciomt2024,2
s255008,non_causal,21,0.75,0.61649,0.0,ciciomt2024,2
s255008,non_causal,21,1.0,0.61649,0.0,ciciomt2024,2
s255008,non_causal,11,0.0,0.61649,0.0,ciciomt2024,2
s255008,non_causal,11,0.25,0.61649,0.0,ciciomt2024,2
s255008,non_causal,11,0.5,0.61649,0.0,ciciomt2024,2
s255008,non_causal,11,0.75,0.61649,0.0,ciciomt2024,2
s255008,non_causal,11,1.0,0.61649,0.0,ciciomt2024,2
s255008,non_causal,4,0.0,0.61649,0.0,ciciomt2024,2
s255008,non_causal,4,0.25,0.61649,0.0,ciciomt2024,2
s255008,non_causal,4,0.5,0.61649,0.0,ciciomt2024,2
s255008,non_causal,4,0.75,0.61649,0.0,ciciomt2024,2
s255008,non_causal,4,1.0,0.61649,0.0,ciciomt2024,2
s740509,causal,0,0.0,0.76792,0.0,ciciomt2024,2
s740509,causal,0,0.25,0.0194,0.74852,ciciomt2024,2
s740509,causal,0,0.5,0.02278,0.74514,ciciomt2024,2
s740509,causal,0,0.75,0.02278,0.74514,ciciomt2024,2
s740509,causal,0,1.0,0.02278,0.74514,ciciomt2024,2
s740509,causal,1,0.0,0.76792,0.0,ciciomt2024,2
s740509,causal,1,0.25,0.7925,-0.02458,ciciomt2024,2
s740509,causal,1,0.5,0.30849,0.45943,ciciomt2024,2
s740509,causal,1,0.75,0.30849,0.45943,ciciomt2024,2
s740509,causal,1,1.0,0.30849,0.45943,ciciomt2024,2
s740509,causal,3,0.0,0.76792,0.0,ciciomt2024,2
s740509,causal,3,0.25,0.93421,-0.16629,ciciomt2024,2
s740509,causal,3,0.5,0.86014,-0.09222,ciciomt2024,2
s740509,causal,3,0.75,0.03779,0.73013,ciciomt2024,2
s740509,causal,3,1.0,0.00508,0.76284,ciciomt2024,2
s740509,causal,8,0.0,0.76792,0.0,ciciomt2024,2
s740509,causal,8,0.25,0.71743,0.05049,ciciomt2024,2
s740509,causal,8,0.5,0.71743,0.05049,ciciomt2024,2
s740509,causal,8,0.75,0.61182,0.1561,ciciomt2024,2
s740509,causal,8,1.0,0.5849,0.18302,ciciomt2024,2
s740509,causal,15,0.0,0.76792,0.0,ciciomt2024,2
s740509,causal,15,0.25,0.40459,0.36333,ciciomt2024,2
s740509,causal,15,0.5,0.40459,0.36333,ciciomt2024,2
s740509,causal,15,0.75,0.40459,0.36333,ciciomt2024,2
s740509,causal,15,1.0,0.40459,0.36333,ciciomt2024,2
s740509,causal,32,0.0,0.76792,0.0,ciciomt2024,2
s740509,causal,32,0.25,0.6808,0.08712,ciciomt2024,2
s740509,causal,32,0.5,0.6808,0.08712,ciciomt2024,2
s740509,causal,32,0.75,0.69688,0.07104,ciciomt2024,2
s740509,causal,32,1.0,0.69688,0.07104,ciciomt2024,2
s740509,causal,33,0.0,0.76792,0.0,ciciomt2024,2
s740509,causal,33,0.25,0.66652,0.1014,ciciomt2024,2
s740509,causal,33,0.5,0.6686,0.09932,ciciomt2024,2
s740509,causal,33,0.75,0.6686,0.09932,ciciomt2024,2
s740509,causal,33,1.0,0.6686,0.09932,ciciomt2024,2
s740509,causal,35,0.0,0.76792,0.0,ciciomt2024,2
s740509,causal,35,0.25,0.66532,0.1026,ciciomt2024,2
s740509,causal,35,0.5,0.66532,0.1026,ciciomt2024,2
s740509,causal,35,0.75,0.67334,0.09458,ciciomt2024,2
s740509,causal,35,1.0,0.68866,0.07926,ciciomt2024,2
s740509,causal,38,0.0,0.76792,0.0,ciciomt2024,2
s740509,causal,38,0.25,0.69297,0.07495,ciciomt2024,2
s740509,causal,38,0.5,0.69285,0.07507,ciciomt2024,2
s740509,causal,38,0.75,0.69279,0.07513,ciciomt2024,2
s740509,causal,38,1.0,0.69279,0.07513,ciciomt2024,2
s740509,causal,41,0.0,0.76792,0.0,ciciomt2024,2
s740509,causal,41,0.25,0.76642,0.0015,ciciomt2024,2
s740509,causal,41,0.5,0.79861,-0.03069,ciciomt2024,2
s740509,causal,41,0.75,0.80634,-0.03842,ciciomt2024,2
s740509,causal,41,1.0,0.58691,0.18101,ciciomt2024,2
s740509,non_causal,5,0.0,0.76792,0.0,ciciomt2024,2
s740509,non_causal,5,0.25,0.76792,0.0,ciciomt2024,2
s740509,non_causal,5,0.5,0.76792,0.0,ciciomt2024,2
s740509,non_causal,5,0.75,0.76792,0.0,ciciomt2024,2
s740509,non_causal,5,1.0,0.76792,0.0,ciciomt2024,2
s740509,non_causal,11,0.0,0.76792,0.0,ciciomt2024,2
s740509,non_causal,11,0.25,0.76792,0.0,ciciomt2024,2
s740509,non_causal,11,0.5,0.76792,0.0,ciciomt2024,2
s740509,non_causal,11,0.75,0.76792,0.0,ciciomt2024,2
s740509,non_causal,11,1.0,0.76792,0.0,ciciomt2024,2
s740509,non_causal,7,0.0,0.76792,0.0,ciciomt2024,2
s740509,non_causal,7,0.25,0.76792,0.0,ciciomt2024,2
s740509,non_causal,7,0.5,0.76792,0.0,ciciomt2024,2
s740509,non_causal,7,0.75,0.76792,0.0,ciciomt2024,2
s740509,non_causal,7,1.0,0.76792,0.0,ciciomt2024,2
s197890,causal,0,0.0,0.59418,0.0,ciciomt2024,2
s197890,causal,0,0.25,0.0099,0.58428,ciciomt2024,2
s197890,causal,0,0.5,0.01059,0.58359,ciciomt2024,2
s197890,causal,0,0.75,0.01059,0.58359,ciciomt2024,2
s197890,causal,0,1.0,0.01059,0.58359,ciciomt2024,2
s197890,causal,1,0.0,0.59418,0.0,ciciomt2024,2
s197890,causal,1,0.25,0.61728,-0.0231,ciciomt2024,2
s197890,causal,1,0.5,0.12953,0.46465,ciciomt2024,2
s197890,causal,1,0.75,0.12953,0.46465,ciciomt2024,2
s197890,causal,1,1.0,0.12953,0.46465,ciciomt2024,2
s197890,causal,3,0.0,0.59418,0.0,ciciomt2024,2
s197890,causal,3,0.25,0.94493,-0.35075,ciciomt2024,2
s197890,causal,3,0.5,0.93397,-0.33979,ciciomt2024,2
s197890,causal,3,0.75,0.0265,0.56768,ciciomt2024,2
s197890,causal,3,1.0,0.0035,0.59068,ciciomt2024,2
s197890,causal,8,0.0,0.59418,0.0,ciciomt2024,2
s197890,causal,8,0.25,0.55468,0.0395,ciciomt2024,2
s197890,causal,8,0.5,0.55468,0.0395,ciciomt2024,2
s197890,causal,8,0.75,0.43375,0.16043,ciciomt2024,2
s197890,causal,8,1.0,0.40578,0.1884,ciciomt2024,2
s197890,causal,15,0.0,0.59418,0.0,ciciomt2024,2
s197890,causal,15,0.25,0.28776,0.30642,ciciomt2024,2
s197890,causal,15,0.5,0.28776,0.30642,ciciomt2024,2
s197890,causal,15,0.75,0.28776,0.30642,ciciomt2024,2
s197890,causal,15,1.0,0.28776,0.30642,ciciomt2024,2
s197890,causal,32,0.0,0.59418,0.0,ciciomt2024,2
s197890,causal,32,0.25,0.46942,0.12476,ciciomt2024,2
s197890,causal,32,0.5,0.46942,0.12476,ciciomt2024,2
s197890,causal,32,0.75,0.48816,0.10602,ciciomt2024,2
s197890,causal,32,1.0,0.48816,0.10602,ciciomt2024,2
s197890,causal,33,0.0,0.59418,0.0,ciciomt2024,2
s197890,causal,33,0.25,0.45508,0.1391,ciciomt2024,2
s197890,causal,33,0.5,0.45741,0.13677,ciciomt2024,2
s197890,causal,33,0.75,0.45741,0.13677,ciciomt2024,2
s197890,causal,33,1.0,0.45741,0.13677,ciciomt2024,2
s197890,causal,34,0.0,0.59418,0.0,ciciomt2024,2
s197890,causal,34,0.25,0.59977,-0.00559,ciciomt2024,2
s197890,causal,34,0.5,0.53574,0.05844,ciciomt2024,2
s197890,causal,34,0.75,0.53574,0.05844,ciciomt2024,2
s197890,causal,34,1.0,0.53574,0.05844,ciciomt2024,2
s197890,causal,35,0.0,0.59418,0.0,ciciomt2024,2
s197890,causal,35,0.25,0.50957,0.08461,ciciomt2024,2
s197890,causal,35,0.5,0.50957,0.08461,ciciomt2024,2
s197890,causal,35,0.75,0.51862,0.07556,ciciomt2024,2
s197890,causal,35,1.0,0.53619,0.05799,ciciomt2024,2
s197890,causal,38,0.0,0.59418,0.0,ciciomt2024,2
s197890,causal,38,0.25,0.51225,0.08193,ciciomt2024,2
s197890,causal,38,0.5,0.51215,0.08203,ciciomt2024,2
s197890,causal,38,0.75,0.51211,0.08207,ciciomt2024,2
s197890,causal,38,1.0,0.51211,0.08207,ciciomt2024,2
s197890,causal,41,0.0,0.59418,0.0,ciciomt2024,2
s197890,causal,41,0.25,0.54659,0.04759,ciciomt2024,2
s197890,causal,41,0.5,0.65147,-0.05729,ciciomt2024,2
s197890,causal,41,0.75,0.66249,-0.06831,ciciomt2024,2
s197890,causal,41,1.0,0.4012,0.19298,ciciomt2024,2
s197890,non_causal,28,0.0,0.59418,0.0,ciciomt2024,2
s197890,non_causal,28,0.25,0.59418,0.0,ciciomt2024,2
s197890,non_causal,28,0.5,0.59418,0.0,ciciomt2024,2
s197890,non_causal,28,0.75,0.59418,0.0,ciciomt2024,2
s197890,non_causal,28,1.0,0.59418,0.0,ciciomt2024,2
s197890,non_causal,14,0.0,0.59418,0.0,ciciomt2024,2
s197890,non_causal,14,0.25,0.59418,0.0,ciciomt2024,2
s197890,non_causal,14,0.5,0.59418,0.0,ciciomt2024,2
s197890,non_causal,14,0.75,0.59418,0.0,ciciomt2024,2
s197890,non_causal,14,1.0,0.59418,0.0,ciciomt2024,2
s197890,non_causal,24,0.0,0.59418,0.0,ciciomt2024,2
s197890,non_causal,24,0.25,0.61291,-0.01873,ciciomt2024,2
s197890,non_causal,24,0.5,0.47961,0.11456,ciciomt2024,2
s197890,non_causal,24,0.75,0.9758,-0.38162,ciciomt2024,2
s197890,non_causal,24,1.0,0.98415,-0.38997,ciciomt2024,2
s580029,causal,0,0.0,0.69644,0.0,ciciomt2024,2
s580029,causal,0,0.25,0.08216,0.61428,ciciomt2024,2
s580029,causal,0,0.5,0.08747,0.60897,ciciomt2024,2
s580029,causal,0,0.75,0.08747,0.60897,ciciomt2024,2
s580029,causal,0,1.0,0.08747,0.60897,ciciomt2024,2
s580029,causal,1,0.0,0.69644,0.0,ciciomt2024,2
s580029,causal,1,0.25,0.68397,0.01247,ciciomt2024,2
s580029,causal,1,0.5,0.18426,0.51218,ciciomt2024,2
s580029,causal,1,0.75,0.18426,0.51218,ciciomt2024,2
s580029,causal,1,1.0,0.18426,0.51218,ciciomt2024,2
s580029,causal,3,0.0,0.69644,0.0,ciciomt2024,2
s580029,causal,3,0.25,0.32069,0.37575,ciciomt2024,2
s580029,causal,3,0.5,0.93172,-0.23528,ciciomt2024,2
s580029,causal,3,0.75,0.76472,-0.06828,ciciomt2024,2
s580029,causal,3,1.0,0.00439,0.69205,ciciomt2024,2
s580029,causal,8,0.0,0.69644,0.0,ciciomt2024,2
s580029,causal,8,0.25,0.65732,0.03912,ciciomt2024,2
s580029,causal,8,0.5,0.65732,0.03912,ciciomt2024,2
s580029,causal,8,0.75,0.54124,0.1552,ciciomt2024,2
s580029,causal,8,1.0,0.51262,0.18382,ciciomt2024,2
s580029,causal,15,0.0,0.69644,0.0,ciciomt2024,2
s580029,causal,15,0.25,0.41936,0.27708,ciciomt2024,2
s580029,causal,15,0.5,0.41936,0.27708,ciciomt2024,2
s580029,causal,15,0.75,0.41936,0.27708,ciciomt2024,2
s580029,causal,15,1.0,0.41936,0.27708,ciciomt2024,2
s580029,causal,32,0.0,0.69644,0.0,ciciomt2024,2
s580029,causal,32,0.25,0.61402,0.08242,ciciomt2024,2
s580029,causal,32,0.5,0.61402,0.08242,ciciomt2024,2
s580029,causal,32,0.75,0.63165,0.06479,ciciomt2024,2
s580029,causal,32,1.0,0.63165,0.06479,ciciomt2024,2
s580029,causal,33,0.0,0.69644,0.0,ciciomt2024,2
s580029,causal,33,0.25,0.54053,0.15591,ciciomt2024,2
s580029,causal,33,0.5,0.54286,0.15358,ciciomt2024,2
s580029,causal,33,0.75,0.54286,0.15358,ciciomt2024,2
s580029,causal,33,1.0,0.54286,0.15358,ciciomt2024,2
s580029,causal,35,0.0,0.69644,0.0,ciciomt2024,2
s580029,causal,35,0.25,0.58315,0.11329,ciciomt2024,2
s580029,causal,35,0.5,0.58315,0.11329,ciciomt2024,2
s580029,causal,35,0.75,0.59193,0.10451,ciciomt2024,2
s580029,causal,35,1.0,0.60884,0.0876,ciciomt2024,2
s580029,causal,38,0.0,0.69644,0.0,ciciomt2024,2
s580029,causal,38,0.25,0.64139,0.05505,ciciomt2024,2
s580029,causal,38,0.5,0.64127,0.05517,ciciomt2024,2
s580029,causal,38,0.75,0.64122,0.05522,ciciomt2024,2
s580029,causal,38,1.0,0.64122,0.05522,ciciomt2024,2
s580029,causal,41,0.0,0.69644,0.0,ciciomt2024,2
s580029,causal,41,0.25,0.64775,0.04869,ciciomt2024,2
s580029,causal,41,0.5,0.67484,0.0216,ciciomt2024,2
s580029,causal,41,0.75,0.65923,0.03721,ciciomt2024,2
s580029,causal,41,1.0,0.39773,0.29871,ciciomt2024,2
s580029,non_causal,26,0.0,0.69644,0.0,ciciomt2024,2
s580029,non_causal,26,0.25,0.69644,0.0,ciciomt2024,2
s580029,non_causal,26,0.5,0.69644,0.0,ciciomt2024,2
s580029,non_causal,26,0.75,0.69639,5e-05,ciciomt2024,2
s580029,non_causal,26,1.0,0.69639,5e-05,ciciomt2024,2
s580029,non_causal,12,0.0,0.69644,0.0,ciciomt2024,2
s580029,non_causal,12,0.25,0.69644,0.0,ciciomt2024,2
s580029,non_causal,12,0.5,0.69644,0.0,ciciomt2024,2
s580029,non_causal,12,0.75,0.69644,0.0,ciciomt2024,2
s580029,non_causal,12,1.0,0.69644,0.0,ciciomt2024,2
s580029,non_causal,19,0.0,0.69644,0.0,ciciomt2024,2
s580029,non_causal,19,0.25,0.69644,0.0,ciciomt2024,2
s580029,non_causal,19,0.5,0.69644,0.0,ciciomt2024,2
s580029,non_causal,19,0.75,0.69644,0.0,ciciomt2024,2
s580029,non_causal,19,1.0,0.69644,0.0,ciciomt2024,2
s589908,causal,0,0.0,0.78304,0.0,ciciomt2024,2
s589908,causal,0,0.25,0.07491,0.70814,ciciomt2024,2
s589908,causal,0,0.5,0.07979,0.70326,ciciomt2024,2
s589908,causal,0,0.75,0.07979,0.70326,ciciomt2024,2
s589908,causal,0,1.0,0.07979,0.70326,ciciomt2024,2
s589908,causal,1,0.0,0.78304,0.0,ciciomt2024,2
s589908,causal,1,0.25,0.70727,0.07578,ciciomt2024,2
s589908,causal,1,0.5,0.17643,0.60662,ciciomt2024,2
s589908,causal,1,0.75,0.17643,0.60662,ciciomt2024,2
s589908,causal,1,1.0,0.17643,0.60662,ciciomt2024,2
s589908,causal,3,0.0,0.78304,0.0,ciciomt2024,2
s589908,causal,3,0.25,0.78645,-0.00341,ciciomt2024,2
s589908,causal,3,0.5,0.37057,0.41248,ciciomt2024,2
s589908,causal,3,0.75,0.92316,-0.14012,ciciomt2024,2
s589908,causal,3,1.0,0.02323,0.75982,ciciomt2024,2
s589908,causal,8,0.0,0.78304,0.0,ciciomt2024,2
s589908,causal,8,0.25,0.7511,0.03195,ciciomt2024,2
s589908,causal,8,0.5,0.7511,0.03195,ciciomt2024,2
s589908,causal,8,0.75,0.64991,0.13314,ciciomt2024,2
s589908,causal,8,1.0,0.62335,0.1597,ciciomt2024,2
s589908,causal,15,0.0,0.78304,0.0,ciciomt2024,2
s589908,causal,15,0.25,0.53191,0.25113,ciciomt2024,2
s589908,causal,15,0.5,0.53191,0.25113,ciciomt2024,2
s589908,causal,15,0.75,0.53191,0.25113,ciciomt2024,2
s589908,causal,15,1.0,0.53191,0.25114,ciciomt2024,2
s589908,causal,32,0.0,0.78304,0.0,ciciomt2024,2
s589908,causal,32,0.25,0.7144,0.06864,ciciomt2024,2
s589908,causal,32,0.5,0.7144,0.06864,ciciomt2024,2
s589908,causal,32,0.75,0.72946,0.05358,ciciomt2024,2
s589908,causal,32,1.0,0.72946,0.05358,ciciomt2024,2
s589908,causal,33,0.0,0.78304,0.0,ciciomt2024,2
s589908,causal,33,0.25,0.64924,0.13381,ciciomt2024,2
s589908,causal,33,0.5,0.65138,0.13167,ciciomt2024,2
s589908,causal,33,0.75,0.65137,0.13167,ciciomt2024,2
s589908,causal,33,1.0,0.65137,0.13167,ciciomt2024,2
s589908,causal,35,0.0,0.78304,0.0,ciciomt2024,2
s589908,causal,35,0.25,0.67705,0.106,ciciomt2024,2
s589908,causal,35,0.5,0.67705,0.106,ciciomt2024,2
s589908,causal,35,0.75,0.68491,0.09813,ciciomt2024,2
s589908,causal,35,1.0,0.69993,0.08311,ciciomt2024,2
s589908,causal,41,0.0,0.78304,0.0,ciciomt2024,2
s589908,causal,41,0.25,0.73796,0.04508,ciciomt2024,2
s589908,causal,41,0.5,0.7551,0.02794,ciciomt2024,2
s589908,causal,41,0.75,0.71144,0.0716,ciciomt2024,2
s589908,causal,41,1.0,0.49514,0.2879,ciciomt2024,2
s589908,non_causal,12,0.0,0.78304,0.0,ciciomt2024,2
s589908,non_causal,12,0.25,0.78304,0.0,ciciomt2024,2
s589908,non_causal,12,0.5,0.78304,0.0,ciciomt2024,2
s589908,non_causal,12,0.75,0.78304,0.0,ciciomt2024,2
s589908,non_causal,12,1.0,0.78304,0.0,ciciomt2024,2
s589908,non_causal,17,0.0,0.78304,0.0,ciciomt2024,2
s589908,non_causal,17,0.25,0.78304,0.0,ciciomt2024,2
s589908,non_causal,17,0.5,0.82653,-0.04349,ciciomt2024,2
s589908,non_causal,17,0.75,0.80814,-0.02509,ciciomt2024,2
s589908,non_causal,17,1.0,0.80814,-0.02509,ciciomt2024,2
s589908,non_causal,14,0.0,0.78304,0.0,ciciomt2024,2
s589908,non_causal,14,0.25,0.78304,0.0,ciciomt2024,2
s589908,non_causal,14,0.5,0.78304,0.0,ciciomt2024,2
s589908,non_causal,14,0.75,0.78304,0.0,ciciomt2024,2
s589908,non_causal,14,1.0,0.78304,0.0,ciciomt2024,2
s659145,causal,0,0.0,0.62266,0.0,ciciomt2024,2
s659145,causal,0,0.25,0.01463,0.60803,ciciomt2024,2
s659145,causal,0,0.5,0.01719,0.60546,ciciomt2024,2
s659145,causal,0,0.75,0.01719,0.60546,ciciomt2024,2
s659145,causal,0,1.0,0.01719,0.60546,ciciomt2024,2
s659145,causal,1,0.0,0.62266,0.0,ciciomt2024,2
s659145,causal,1,0.25,0.58311,0.03955,ciciomt2024,2
s659145,causal,1,0.5,0.16673,0.45593,ciciomt2024,2
s659145,causal,1,0.75,0.16673,0.45593,ciciomt2024,2
s659145,causal,1,1.0,0.16673,0.45593,ciciomt2024,2
s659145,causal,3,0.0,0.62266,0.0,ciciomt2024,2
s659145,causal,3,0.25,0.88817,-0.26551,ciciomt2024,2
s659145,causal,3,0.5,0.78869,-0.16603,ciciomt2024,2
s659145,causal,3,0.75,0.04655,0.57611,ciciomt2024,2
s659145,causal,3,1.0,0.00708,0.61558,ciciomt2024,2
s659145,causal,8,0.0,0.62266,0.0,ciciomt2024,2
s659145,causal,8,0.25,0.56384,0.05881,ciciomt2024,2
s659145,causal,8,0.5,0.56384,0.05881,ciciomt2024,2
s659145,causal,8,0.75,0.44289,0.17976,ciciomt2024,2
s659145,causal,8,1.0,0.41476,0.20789,ciciomt2024,2
s659145,causal,15,0.0,0.62266,0.0,ciciomt2024,2
s659145,causal,15,0.25,0.21749,0.40517,ciciomt2024,2
s659145,causal,15,0.5,0.21749,0.40517,ciciomt2024,2
s659145,causal,15,0.75,0.21749,0.40517,ciciomt2024,2
s659145,causal,15,1.0,0.21749,0.40517,ciciomt2024,2
s659145,causal,32,0.0,0.62266,0.0,ciciomt2024,2
s659145,causal,32,0.25,0.54024,0.08242,ciciomt2024,2
s659145,causal,32,0.5,0.54024,0.08242,ciciomt2024,2
s659145,causal,32,0.75,0.55883,0.06383,ciciomt2024,2
s659145,causal,32,1.0,0.55883,0.06383,ciciomt2024,2
s659145,causal,33,0.0,0.62266,0.0,ciciomt2024,2
s659145,causal,33,0.25,0.52155,0.10111,ciciomt2024,2
s659145,causal,33,0.5,0.5239,0.09876,ciciomt2024,2
s659145,causal,33,0.75,0.52389,0.09876,ciciomt2024,2
s659145,causal,33,1.0,0.52389,0.09876,ciciomt2024,2
s659145,causal,35,0.0,0.62266,0.0,ciciomt2024,2
s659145,causal,35,0.25,0.50661,0.11605,ciciomt2024,2
s659145,causal,35,0.5,0.50661,0.11605,ciciomt2024,2
s659145,causal,35,0.75,0.51566,0.10699,ciciomt2024,2
s659145,causal,35,1.0,0.53325,0.08941,ciciomt2024,2
s659145,causal,38,0.0,0.62266,0.0,ciciomt2024,2
s659145,causal,38,0.25,0.56287,0.05979,ciciomt2024,2
s659145,causal,38,0.5,0.56276,0.05989,ciciomt2024,2
s659145,causal,38,0.75,0.56272,0.05994,ciciomt2024,2
s659145,causal,38,1.0,0.56272,0.05994,ciciomt2024,2
s659145,causal,41,0.0,0.62266,0.0,ciciomt2024,2
s659145,causal,41,0.25,0.62917,-0.00652,ciciomt2024,2
s659145,causal,41,0.5,0.65357,-0.03092,ciciomt2024,2
s659145,causal,41,0.75,0.61483,0.00783,ciciomt2024,2
s659145,causal,41,1.0,0.35272,0.26994,ciciomt2024,2
s659145,non_causal,2,0.0,0.62266,0.0,ciciomt2024,2
s659145,non_causal,2,0.25,0.82027,-0.19761,ciciomt2024,2
s659145,non_causal,2,0.5,0.82027,-0.19761,ciciomt2024,2
s659145,non_causal,2,0.75,0.82027,-0.19761,ciciomt2024,2
s659145,non_causal,2,1.0,0.82027,-0.19761,ciciomt2024,2
s659145,non_causal,40,0.0,0.62266,0.0,ciciomt2024,2
s659145,non_causal,40,0.25,0.65049,-0.02784,ciciomt2024,2
s659145,non_causal,40,0.5,0.65049,-0.02784,ciciomt2024,2
s659145,non_causal,40,0.75,0.65049,-0.02784,ciciomt2024,2
s659145,non_causal,40,1.0,0.65566,-0.03301,ciciomt2024,2
s659145,non_causal,31,0.0,0.62266,0.0,ciciomt2024,2
s659145,non_causal,31,0.25,0.62248,0.00018,ciciomt2024,2
s659145,non_causal,31,0.5,0.62248,0.00018,ciciomt2024,2
s659145,non_causal,31,0.75,0.62248,0.00018,ciciomt2024,2
s659145,non_causal,31,1.0,0.62248,0.00018,ciciomt2024,2
s644640,causal,0,0.0,0.87208,0.0,ciciomt2024,2
s644640,causal,0,0.25,0.04347,0.82861,ciciomt2024,2
s644640,causal,0,0.5,0.05084,0.82124,ciciomt2024,2
s644640,causal,0,0.75,0.05084,0.82124,ciciomt2024,2
s644640,causal,0,1.0,0.05084,0.82124,ciciomt2024,2
s644640,causal,1,0.0,0.87208,0.0,ciciomt2024,2
s644640,causal,1,0.25,0.8721,-2e-05,ciciomt2024,2
s644640,causal,1,0.5,0.40536,0.46672,ciciomt2024,2
s644640,causal,1,0.75,0.40536,0.46672,ciciomt2024,2
s644640,causal,1,1.0,0.40536,0.46672,ciciomt2024,2
s644640,causal,3,0.0,0.87208,0.0,ciciomt2024,2
s644640,causal,3,0.25,0.93375,-0.06167,ciciomt2024,2
s644640,causal,3,0.5,0.76472,0.10736,ciciomt2024,2
s644640,causal,3,0.75,0.01388,0.8582,ciciomt2024,2
s644640,causal,3,1.0,0.00439,0.86769,ciciomt2024,2
s644640,causal,8,0.0,0.87208,0.0,ciciomt2024,2
s644640,causal,8,0.25,0.76258,0.1095,ciciomt2024,2
s644640,causal,8,0.5,0.76258,0.1095,ciciomt2024,2
s644640,causal,8,0.75,0.66676,0.20532,ciciomt2024,2
s644640,causal,8,1.0,0.64141,0.23067,ciciomt2024,2
s644640,causal,15,0.0,0.87208,0.0,ciciomt2024,2
s644640,causal,15,0.25,0.31524,0.55684,ciciomt2024,2
s644640,causal,15,0.5,0.31524,0.55684,ciciomt2024,2
s644640,causal,15,0.75,0.31524,0.55684,ciciomt2024,2
s644640,causal,15,1.0,0.31523,0.55684,ciciomt2024,2
s644640,causal,33,0.0,0.87208,0.0,ciciomt2024,2
s644640,causal,33,0.25,0.80089,0.07119,ciciomt2024,2
s644640,causal,33,0.5,0.80238,0.0697,ciciomt2024,2
s644640,causal,33,0.75,0.80238,0.0697,ciciomt2024,2
s644640,causal,33,1.0,0.80238,0.0697,ciciomt2024,2
s644640,causal,41,0.0,0.87208,0.0,ciciomt2024,2
s644640,causal,41,0.25,0.87334,-0.00126,ciciomt2024,2
s644640,causal,41,0.5,0.87402,-0.00194,ciciomt2024,2
s644640,causal,41,0.75,0.86532,0.00676,ciciomt2024,2
s644640,causal,41,1.0,0.74685,0.12523,ciciomt2024,2
s644640,non_causal,19,0.0,0.87208,0.0,ciciomt2024,2
s644640,non_causal,19,0.25,0.87208,0.0,ciciomt2024,2
s644640,non_causal,19,0.5,0.87208,0.0,ciciomt2024,2
s644640,non_causal,19,0.75,0.87208,0.0,ciciomt2024,2
s644640,non_causal,19,1.0,0.87208,0.0,ciciomt2024,2
s644640,non_causal,36,0.0,0.87208,0.0,ciciomt2024,2
s644640,non_causal,36,0.25,0.89283,-0.02075,ciciomt2024,2
s644640,non_causal,36,0.5,0.9044,-0.03232,ciciomt2024,2
s644640,non_causal,36,0.75,0.90439,-0.03231,ciciomt2024,2
s644640,non_causal,36,1.0,0.87961,-0.00753,ciciomt2024,2
s644640,non_causal,31,0.0,0.87208,0.0,ciciomt2024,2
s644640,non_causal,31,0.25,0.87539,-0.00331,ciciomt2024,2
s644640,non_causal,31,0.5,0.8754,-0.00332,ciciomt2024,2
s644640,non_causal,31,0.75,0.87539,-0.00331,ciciomt2024,2
s644640,non_causal,31,1.0,0.87539,-0.00331,ciciomt2024,2
s211312,causal,0,0.0,0.5181,0.0,ciciomt2024,2
s211312,causal,0,0.25,0.01134,0.50676,ciciomt2024,2
s211312,causal,0,0.5,0.01214,0.50596,ciciomt2024,2
s211312,causal,0,0.75,0.01214,0.50596,ciciomt2024,2
s211312,causal,0,1.0,0.01214,0.50596,ciciomt2024,2
s211312,causal,1,0.0,0.5181,0.0,ciciomt2024,2
s211312,causal,1,0.25,0.54219,-0.02409,ciciomt2024,2
s211312,causal,1,0.5,0.1097,0.4084,ciciomt2024,2
s211312,causal,1,0.75,0.1097,0.4084,ciciomt2024,2
s211312,causal,1,1.0,0.1097,0.4084,ciciomt2024,2
s211312,causal,3,0.0,0.5181,0.0,ciciomt2024,2
s211312,causal,3,0.25,0.86923,-0.35113,ciciomt2024,2
s211312,causal,3,0.5,0.9368,-0.4187,ciciomt2024,2
s211312,causal,3,0.75,0.0265,0.4916,ciciomt2024,2
s211312,causal,3,1.0,0.0035,0.5146,ciciomt2024,2
s211312,causal,8,0.0,0.5181,0.0,ciciomt2024,2
s211312,causal,8,0.25,0.46818,0.04992,ciciomt2024,2
s211312,causal,8,0.5,0.46818,0.04992,ciciomt2024,2
s211312,causal,8,0.75,0.35122,0.16688,ciciomt2024,2
s211312,causal,8,1.0,0.32551,0.19259,ciciomt2024,2
s211312,causal,15,0.0,0.5181,0.0,ciciomt2024,2
s211312,causal,15,0.25,0.25534,0.26276,ciciomt2024,2
s211312,causal,15,0.5,0.25534,0.26276,ciciomt2024,2
s211312,causal,15,0.75,0.25534,0.26276,ciciomt2024,2
s211312,causal,15,1.0,0.25533,0.26277,ciciomt2024,2
s211312,causal,32,0.0,0.5181,0.0,ciciomt2024,2
s211312,causal,32,0.25,0.39384,0.12426,ciciomt2024,2
s211312,causal,32,0.5,0.39384,0.12426,ciciomt2024,2
s211312,causal,32,0.75,0.41191,0.10619,ciciomt2024,2
s211312,causal,32,1.0,0.41191,0.10619,ciciomt2024,2
s211312,causal,33,0.0,0.5181,0.0,ciciomt2024,2
s211312,causal,33,0.25,0.38011,0.13799,ciciomt2024,2
s211312,causal,33,0.5,0.38233,0.13577,ciciomt2024,2
s211312,causal,33,0.75,0.38233,0.13577,ciciomt2024,2
s211312,causal,33,1.0,0.38233,0.13577,ciciomt2024,2
s211312,causal,34,0.0,0.5181,0.0,ciciomt2024,2
s211312,causal,34,0.25,0.5239,-0.0058,ciciomt2024,2
s211312,causal,34,0.5,0.45868,0.05942,ciciomt2024,2
s211312,causal,34,0.75,0.45868,0.05942,ciciomt2024,2
s211312,causal,34,1.0,0.45868,0.05942,ciciomt2024,2
s211312,causal,35,0.0,0.5181,0.0,ciciomt2024,2
s211312,causal,35,0.25,0.37773,0.14037,ciciomt2024,2
s211312,causal,35,0.5,0.37773,0.14037,ciciomt2024,2
s211312,causal,35,0.75,0.38629,0.13181,ciciomt2024,2
s211312,causal,35,1.0,0.40313,0.11497,ciciomt2024,2
s211312,causal,38,0.0,0.5181,0.0,ciciomt2024,2
s211312,causal,38,0.25,0.43551,0.08259,ciciomt2024,2
s211312,causal,38,0.5,0.43543,0.08267,ciciomt2024,2
s211312,causal,38,0.75,0.4354,0.0827,ciciomt2024,2
s211312,causal,38,1.0,0.4354,0.0827,ciciomt2024,2
s211312,causal,41,0.0,0.5181,0.0,ciciomt2024,2
s211312,causal,41,0.25,0.46027,0.05783,ciciomt2024,2
s211312,causal,41,0.5,0.54991,-0.03182,ciciomt2024,2
s211312,causal,41,0.75,0.56201,-0.04391,ciciomt2024,2
s211312,causal,41,1.0,0.3046,0.2135,ciciomt2024,2
s211312,non_causal,6,0.0,0.5181,0.0,ciciomt2024,2
s211312,non_causal,6,0.25,0.5181,0.0,ciciomt2024,2
s211312,non_causal,6,0.5,0.5181,0.0,ciciomt2024,2
s211312,non_causal,6,0.75,0.5181,0.0,ciciomt2024,2
s211312,non_causal,6,1.0,0.5181,0.0,ciciomt2024,2
s211312,non_causal,17,0.0,0.5181,0.0,ciciomt2024,2
s211312,non_causal,17,0.25,0.52746,-0.00936,ciciomt2024,2
s211312,non_causal,17,0.5,0.59577,-0.07767,ciciomt2024,2
s211312,non_causal,17,0.75,0.56572,-0.04762,ciciomt2024,2
s211312,non_causal,17,1.0,0.56572,-0.04762,ciciomt2024,2
s211312,non_causal,28,0.0,0.5181,0.0,ciciomt2024,2
s211312,non_causal,28,0.25,0.5181,0.0,ciciomt2024,2
s211312,non_causal,28,0.5,0.5181,0.0,ciciomt2024,2
s211312,non_causal,28,0.75,0.5181,0.0,ciciomt2024,2
s211312,non_causal,28,1.0,0.5181,0.0,ciciomt2024,2
s746071,causal,0,0.0,0.60726,0.0,ciciomt2024,2
s746071,causal,0,0.25,0.08216,0.5251,ciciomt2024,2
s746071,causal,0,0.5,0.08747,0.51979,ciciomt2024,2
s746071,causal,0,0.75,0.08747,0.51979,ciciomt2024,2
s746071,causal,0,1.0,0.08747,0.51979,ciciomt2024,2
s746071,causal,1,0.0,0.60726,0.0,ciciomt2024,2
s746071,causal,1,0.25,0.64576,-0.0385,ciciomt2024,2
s746071,causal,1,0.5,0.16572,0.44153,ciciomt2024,2
s746071,causal,1,0.75,0.16572,0.44153,ciciomt2024,2
s746071,causal,1,1.0,0.16572,0.44153,ciciomt2024,2
s746071,causal,3,0.0,0.60726,0.0,ciciomt2024,2
s746071,causal,3,0.25,0.54123,0.06603,ciciomt2024,2
s746071,causal,3,0.5,0.91342,-0.30616,ciciomt2024,2
s746071,causal,3,0.75,0.47585,0.13141,ciciomt2024,2
s746071,causal,3,1.0,0.00942,0.59784,ciciomt2024,2
s746071,causal,8,0.0,0.60726,0.0,ciciomt2024,2
s746071,causal,8,0.25,0.56247,0.04479,ciciomt2024,2
s746071,causal,8,0.5,0.56247,0.04479,ciciomt2024,2
s746071,causal,8,0.75,0.44152,0.16573,ciciomt2024,2
s746071,causal,8,1.0,0.41342,0.19384,ciciomt2024,2
s746071,causal,15,0.0,0.60726,0.0,ciciomt2024,2
s746071,causal,15,0.25,0.32284,0.28442,ciciomt2024,2
s746071,causal,15,0.5,0.32284,0.28442,ciciomt2024,2
s746071,causal,15,0.75,0.32284,0.28442,ciciomt2024,2
s746071,causal,15,1.0,0.32284,0.28442,ciciomt2024,2
s746071,causal,32,0.0,0.60726,0.0,ciciomt2024,2
s746071,causal,32,0.25,0.50239,0.10487,ciciomt2024,2
s746071,causal,32,0.5,0.50239,0.10487,ciciomt2024,2
s746071,causal,32,0.75,0.52115,0.08611,ciciomt2024,2
s746071,causal,32,1.0,0.52115,0.08611,ciciomt2024,2
s746071,causal,33,0.0,0.60726,0.0,ciciomt2024,2
s746071,causal,33,0.25,0.44803,0.15922,ciciomt2024,2
s746071,causal,33,0.5,0.48152,0.12574,ciciomt2024,2
s746071,causal,33,0.75,0.48152,0.12574,ciciomt2024,2
s746071,causal,33,1.0,0.48152,0.12574,ciciomt2024,2
s746071,causal,35,0.0,0.60726,0.0,ciciomt2024,2
s746071,causal,35,0.25,0.51733,0.08993,ciciomt2024,2
s746071,causal,35,0.5,0.51733,0.08993,ciciomt2024,2
s746071,causal,35,0.75,0.52637,0.08089,ciciomt2024,2
s746071,causal,35,1.0,0.54391,0.06335,ciciomt2024,2
s746071,causal,38,0.0,0.60726,0.0,ciciomt2024,2
s746071,causal,38,0.25,0.54321,0.06405,ciciomt2024,2
s746071,causal,38,0.5,0.54312,0.06414,ciciomt2024,2
s746071,causal,38,0.75,0.54307,0.06419,ciciomt2024,2
s746071,causal,38,1.0,0.54307,0.06419,ciciomt2024,2
s746071,causal,41,0.0,0.60726,0.0,ciciomt2024,2
s746071,causal,41,0.25,0.57823,0.02903,ciciomt2024,2
s746071,causal,41,0.5,0.63392,-0.02666,ciciomt2024,2
s746071,causal,41,0.75,0.64595,-0.03869,ciciomt2024,2
s746071,causal,41,1.0,0.38378,0.22348,ciciomt2024,2
s746071,non_causal,42,0.0,0.60726,0.0,ciciomt2024,2
s746071,non_causal,42,0.25,0.60726,0.0,ciciomt2024,2
s746071,non_causal,42,0.5,0.60726,0.0,ciciomt2024,2
s746071,non_causal,42,0.75,0.60726,0.0,ciciomt2024,2
s746071,non_causal,42,1.0,0.60726,0.0,ciciomt2024,2
s746071,non_causal,6,0.0,0.60726,0.0,ciciomt2024,2
s746071,non_causal,6,0.25,0.60726,0.0,ciciomt2024,2
s746071,non_causal,6,0.5,0.60726,0.0,ciciomt2024,2
s746071,non_causal,6,0.75,0.60726,0.0,ciciomt2024,2
s746071,non_causal,6,1.0,0.60726,0.0,ciciomt2024,2
s746071,non_causal,18,0.0,0.60726,0.0,ciciomt2024,2
s746071,non_causal,18,0.25,0.60726,0.0,ciciomt2024,2
s746071,non_causal,18,0.5,0.60726,0.0,ciciomt2024,2
s746071,non_causal,18,0.75,0.60726,0.0,ciciomt2024,2
s746071,non_causal,18,1.0,0.60726,0.0,ciciomt2024,2
s212492,causal,0,0.0,0.74754,0.0,ciciomt2024,2
s212492,causal,0,0.25,0.0153,0.73224,ciciomt2024,2
s212492,causal,0,0.5,0.01798,0.72956,ciciomt2024,2
s212492,causal,0,0.75,0.01798,0.72956,ciciomt2024,2
s212492,causal,0,1.0,0.01798,0.72956,ciciomt2024,2
s212492,causal,1,0.0,0.74754,0.0,ciciomt2024,2
s212492,causal,1,0.25,0.76872,-0.02118,ciciomt2024,2
s212492,causal,1,0.5,0.28285,0.46469,ciciomt2024,2
s212492,causal,1,0.75,0.28285,0.46469,ciciomt2024,2
s212492,causal,1,1.0,0.28285,0.46469,ciciomt2024,2
s212492,causal,3,0.0,0.74754,0.0,ciciomt2024,2
s212492,causal,3,0.25,0.91342,-0.16588,ciciomt2024,2
s212492,causal,3,0.5,0.81792,-0.07038,ciciomt2024,2
s212492,causal,3,0.75,0.33904,0.40851,ciciomt2024,2
s212492,causal,3,1.0,0.00942,0.73812,ciciomt2024,2
s212492,causal,8,0.0,0.74754,0.0,ciciomt2024,2
s212492,causal,8,0.25,0.69761,0.04993,ciciomt2024,2
s212492,causal,8,0.5,0.69761,0.04994,ciciomt2024,2
s212492,causal,8,0.75,0.58883,0.15871,ciciomt2024,2
s212492,causal,8,1.0,0.56145,0.18609,ciciomt2024,2
s212492,causal,15,0.0,0.74754,0.0,ciciomt2024,2
s212492,causal,15,0.25,0.34597,0.40157,ciciomt2024,2
s212492,causal,15,0.5,0.34597,0.40157,ciciomt2024,2
s212492,causal,15,0.75,0.34597,0.40157,ciciomt2024,2
s212492,causal,15,1.0,0.34597,0.40157,ciciomt2024,2
s212492,causal,32,0.0,0.74754,0.0,ciciomt2024,2
s212492,causal,32,0.25,0.67262,0.07492,ciciomt2024,2
s212492,causal,32,0.5,0.67262,0.07492,ciciomt2024,2
s212492,causal,32,0.75,0.68894,0.05861,ciciomt2024,2
s212492,causal,32,1.0,0.68894,0.05861,ciciomt2024,2
s212492,causal,33,0.0,0.74754,0.0,ciciomt2024,2
s212492,causal,33,0.25,0.61399,0.13355,ciciomt2024,2
s212492,causal,33,0.5,0.64538,0.10217,ciciomt2024,2
s212492,causal,33,0.75,0.64537,0.10217,ciciomt2024,2
s212492,causal,33,1.0,0.64537,0.10217,ciciomt2024,2
s212492,causal,35,0.0,0.74754,0.0,ciciomt2024,2
s212492,causal,35,0.25,0.63075,0.11679,ciciomt2024,2
s212492,causal,35,0.5,0.63075,0.11679,ciciomt2024,2
s212492,causal,35,0.75,0.63915,0.10839,ciciomt2024,2
s212492,causal,35,1.0,0.65525,0.09229,ciciomt2024,2
s212492,causal,38,0.0,0.74754,0.0,ciciomt2024,2
s212492,causal,38,0.25,0.68411,0.06343,ciciomt2024,2
s212492,causal,38,0.5,0.68399,0.06356,ciciomt2024,2
s212492,causal,38,0.75,0.68393,0.06361,ciciomt2024,2
s212492,causal,38,1.0,0.68393,0.06361,ciciomt2024,2
s212492,causal,41,0.0,0.74754,0.0,ciciomt2024,2
s212492,causal,41,0.25,0.75549,-0.00795,ciciomt2024,2
s212492,causal,41,0.5,0.76706,-0.01952,ciciomt2024,2
s212492,causal,41,0.75,0.77623,-0.02869,ciciomt2024,2
s212492,causal,41,1.0,0.5421,0.20544,ciciomt2024,2
s212492,non_causal,30,0.0,0.74754,0.0,ciciomt2024,2
s212492,non_causal,30,0.25,0.74754,0.0,ciciomt2024,2
s212492,non_causal,30,0.5,0.74754,0.0,ciciomt2024,2
s212492,non_causal,30,0.75,0.74754,0.0,ciciomt2024,2
s212492,non_causal,30,1.0,0.74754,0.0,ciciomt2024,2
s212492,non_causal,22,0.0,0.74754,0.0,ciciomt2024,2
s212492,non_causal,22,0.25,0.74754,0.0,ciciomt2024,2
s212492,non_causal,22,0.5,0.74754,0.0,ciciomt2024,2
s212492,non_causal,22,0.75,0.74754,0.0,ciciomt2024,2
s212492,non_causal,22,1.0,0.74754,0.0,ciciomt2024,2
s212492,non_causal,42,0.0,0.74754,0.0,ciciomt2024,2
s212492,non_causal,42,0.25,0.74754,0.0,ciciomt2024,2
s212492,non_causal,42,0.5,0.74754,0.0,ciciomt2024,2
s212492,non_causal,42,0.75,0.74754,0.0,ciciomt2024,2
s212492,non_causal,42,1.0,0.74754,0.0,ciciomt2024,2
s239884,causal,0,0.0,0.84943,0.0,ciciomt2024,2
s239884,causal,0,0.25,0.0462,0.80323,ciciomt2024,2
s239884,causal,0,0.5,0.054,0.79543,ciciomt2024,2
s239884,causal,0,0.75,0.054,0.79543,ciciomt2024,2
s239884,causal,0,1.0,0.054,0.79543,ciciomt2024,2
s239884,causal,1,0.0,0.84943,0.0,ciciomt2024,2
s239884,causal,1,0.25,0.85491,-0.00548,ciciomt2024,2
s239884,causal,1,0.5,0.37621,0.47322,ciciomt2024,2
s239884,causal,1,0.75,0.37621,0.47322,ciciomt2024,2
s239884,causal,1,1.0,0.37621,0.47322,ciciomt2024,2
s239884,causal,3,0.0,0.84943,0.0,ciciomt2024,2
s239884,causal,3,0.25,0.85371,-0.00428,ciciomt2024,2
s239884,causal,3,0.5,0.70425,0.14518,ciciomt2024,2
s239884,causal,3,0.75,0.02939,0.82004,ciciomt2024,2
s239884,causal,3,1.0,0.00941,0.84003,ciciomt2024,2
s239884,causal,8,0.0,0.84943,0.0,ciciomt2024,2
s239884,causal,8,0.25,0.67589,0.17354,ciciomt2024,2
s239884,causal,8,0.5,0.67589,0.17354,ciciomt2024,2
s239884,causal,8,0.75,0.56503,0.2844,ciciomt2024,2
s239884,causal,8,1.0,0.53731,0.31212,ciciomt2024,2
s239884,causal,15,0.0,0.84943,0.0,ciciomt2024,2
s239884,causal,15,0.25,0.29845,0.55098,ciciomt2024,2
s239884,causal,15,0.5,0.29845,0.55098,ciciomt2024,2
s239884,causal,15,0.75,0.29845,0.55098,ciciomt2024,2
s239884,causal,15,1.0,0.29845,0.55098,ciciomt2024,2
s239884,causal,33,0.0,0.84943,0.0,ciciomt2024,2
s239884,causal,33,0.25,0.72196,0.12747,ciciomt2024,2
s239884,causal,33,0.5,0.74817,0.10126,ciciomt2024,2
s239884,causal,33,0.75,0.74817,0.10127,ciciomt2024,2
s239884,causal,33,1.0,0.74817,0.10127,ciciomt2024,2
s239884,causal,41,0.0,0.84943,0.0,ciciomt2024,2
s239884,causal,41,0.25,0.83431,0.01512,ciciomt2024,2
s239884,causal,41,0.5,0.83772,0.01171,ciciomt2024,2
s239884,causal,41,0.75,0.84467,0.00476,ciciomt2024,2
s239884,causal,41,1.0,0.71319,0.13624,ciciomt2024,2
s239884,non_causal,2,0.0,0.84943,0.0,ciciomt2024,2
s239884,non_causal,2,0.25,0.95372,-0.10429,ciciomt2024,2
s239884,non_causal,2,0.5,0.95372,-0.10429,ciciomt2024,2
s239884,non_causal,2,0.75,0.95372,-0.10429,ciciomt2024,2
s239884,non_causal,2,1.0,0.95372,-0.10429,ciciomt2024,2
s239884,non_causal,28,0.0,0.84943,0.0,ciciomt2024,2
s239884,non_causal,28,0.25,0.84943,0.0,ciciomt2024,2
s239884,non_causal,28,0.5,0.84943,0.0,ciciomt2024,2
s239884,non_causal,28,0.75,0.84943,0.0,ciciomt2024,2
s239884,non_causal,28,1.0,0.84943,0.0,ciciomt2024,2
s239884,non_causal,6,0.0,0.84943,0.0,ciciomt2024,2
s239884,non_causal,6,0.25,0.84943,0.0,ciciomt2024,2
s239884,non_causal,6,0.5,0.84943,0.0,ciciomt2024,2
s239884,non_causal,6,0.75,0.84943,0.0,ciciomt2024,2
s239884,non_causal,6,1.0,0.84943,0.0,ciciomt2024,2
s619536,causal,0,0.0,0.56798,0.0,ciciomt2024,2
s619536,causal,0,0.25,0.0099,0.55808,ciciomt2024,2
s619536,causal,0,0.5,0.01059,0.55738,ciciomt2024,2
s619536,causal,0,0.75,0.01059,0.55738,ciciomt2024,2
s619536,causal,0,1.0,0.01059,0.55738,ciciomt2024,2
s619536,causal,1,0.0,0.56798,0.0,ciciomt2024,2
s619536,causal,1,0.25,0.58118,-0.01321,ciciomt2024,2
s619536,causal,1,0.5,0.11858,0.44939,ciciomt2024,2
s619536,causal,1,0.75,0.11858,0.44939,ciciomt2024,2
s619536,causal,1,1.0,0.11858,0.44939,ciciomt2024,2
s619536,causal,3,0.0,0.56798,0.0,ciciomt2024,2
s619536,causal,3,0.25,0.79842,-0.23044,ciciomt2024,2
s619536,causal,3,0.5,0.78063,-0.21266,ciciomt2024,2
s619536,causal,3,0.75,0.29881,0.26916,ciciomt2024,2
s619536,causal,3,1.0,0.00792,0.56006,ciciomt2024,2
s619536,causal,8,0.0,0.56798,0.0,ciciomt2024,2
s619536,causal,8,0.25,0.53175,0.03622,ciciomt2024,2
s619536,causal,8,0.5,0.53175,0.03622,ciciomt2024,2
s619536,causal,8,0.75,0.41121,0.15677,ciciomt2024,2
s619536,causal,8,1.0,0.3837,0.18427,ciciomt2024,2
s619536,causal,15,0.0,0.56798,0.0,ciciomt2024,2
s619536,causal,15,0.25,0.23989,0.32809,ciciomt2024,2
s619536,causal,15,0.5,0.23989,0.32809,ciciomt2024,2
s619536,causal,15,0.75,0.23989,0.32809,ciciomt2024,2
s619536,causal,15,1.0,0.23989,0.32809,ciciomt2024,2
s619536,causal,32,0.0,0.56798,0.0,ciciomt2024,2
s619536,causal,32,0.25,0.49052,0.07746,ciciomt2024,2
s619536,causal,32,0.5,0.49052,0.07746,ciciomt2024,2
s619536,causal,32,0.75,0.50929,0.05869,ciciomt2024,2
s619536,causal,32,1.0,0.50929,0.05869,ciciomt2024,2
s619536,causal,33,0.0,0.56798,0.0,ciciomt2024,2
s619536,causal,33,0.25,0.4051,0.16288,ciciomt2024,2
s619536,causal,33,0.5,0.43792,0.13005,ciciomt2024,2
s619536,causal,33,0.75,0.43792,0.13006,ciciomt2024,2
s619536,causal,33,1.0,0.43792,0.13006,ciciomt2024,2
s619536,causal,34,0.0,0.56798,0.0,ciciomt2024,2
s619536,causal,34,0.25,0.55509,0.01288,ciciomt2024,2
s619536,causal,34,0.5,0.50878,0.0592,ciciomt2024,2
s619536,causal,34,0.75,0.50878,0.0592,ciciomt2024,2
s619536,causal,34,1.0,0.50878,0.0592,ciciomt2024,2
s619536,causal,38,0.0,0.56798,0.0,ciciomt2024,2
s619536,causal,38,0.25,0.50275,0.06523,ciciomt2024,2
s619536,causal,38,0.5,0.50265,0.06533,ciciomt2024,2
s619536,causal,38,0.75,0.5026,0.06538,ciciomt2024,2
s619536,causal,38,1.0,0.5026,0.06538,ciciomt2024,2
s619536,causal,41,0.0,0.56798,0.0,ciciomt2024,2
s619536,causal,41,0.25,0.50723,0.06074,ciciomt2024,2
s619536,causal,41,0.5,0.60548,-0.03751,ciciomt2024,2
s619536,causal,41,0.75,0.61787,-0.0499,ciciomt2024,2
s619536,causal,41,1.0,0.35566,0.21232,ciciomt2024,2
s619536,non_causal,21,0.0,0.56798,0.0,ciciomt2024,2
s619536,non_causal,21,0.25,0.56798,0.0,ciciomt2024,2
s619536,non_causal,21,0.5,0.56798,0.0,ciciomt2024,2
s619536,non_causal,21,0.75,0.56798,0.0,ciciomt2024,2
s619536,non_causal,21,1.0,0.56798,0.0,ciciomt2024,2
s619536,non_causal,35,0.0,0.56798,0.0,ciciomt2024,2
s619536,non_causal,35,0.25,0.49952,0.06846,ciciomt2024,2
s619536,non_causal,35,0.5,0.49952,0.06846,ciciomt2024,2
s619536,non_causal,35,0.75,0.50858,0.0594,ciciomt2024,2
s619536,non_causal,35,1.0,0.52618,0.04179,ciciomt2024,2
s619536,non_causal,12,0.0,0.56798,0.0,ciciomt2024,2
s619536,non_causal,12,0.25,0.56798,0.0,ciciomt2024,2
s619536,non_causal,12,0.5,0.56798,0.0,ciciomt2024,2
s619536,non_causal,12,0.75,0.56798,0.0,ciciomt2024,2
s619536,non_causal,12,1.0,0.56798,0.0,ciciomt2024,2
s574182,causal,0,0.0,0.56725,0.0,ciciomt2024,3
s574182,causal,0,0.25,0.37051,0.19674,ciciomt2024,3
s574182,causal,0,0.5,0.37656,0.19069,ciciomt2024,3
s574182,causal,0,0.75,0.37655,0.1907,ciciomt2024,3
s574182,causal,0,1.0,0.37655,0.1907,ciciomt2024,3
s574182,causal,1,0.0,0.56725,0.0,ciciomt2024,3
s574182,causal,1,0.25,0.48162,0.08563,ciciomt2024,3
s574182,causal,1,0.5,0.48162,0.08563,ciciomt2024,3
s574182,causal,1,0.75,0.48162,0.08563,ciciomt2024,3
s574182,causal,1,1.0,0.48162,0.08563,ciciomt2024,3
s574182,causal,3,0.0,0.56725,0.0,ciciomt2024,3
s574182,causal,3,0.25,0.73773,-0.17048,ciciomt2024,3
s574182,causal,3,0.5,0.92083,-0.35358,ciciomt2024,3
s574182,causal,3,0.75,0.30937,0.25788,ciciomt2024,3
s574182,causal,3,1.0,0.03342,0.53383,ciciomt2024,3
s574182,causal,8,0.0,0.56725,0.0,ciciomt2024,3
s574182,causal,8,0.25,0.45765,0.1096,ciciomt2024,3
s574182,causal,8,0.5,0.45764,0.10961,ciciomt2024,3
s574182,causal,8,0.75,0.4566,0.11064,ciciomt2024,3
s574182,causal,8,1.0,0.45655,0.1107,ciciomt2024,3
s574182,causal,15,0.0,0.56725,0.0,ciciomt2024,3
s574182,causal,15,0.25,0.16811,0.39914,ciciomt2024,3
s574182,causal,15,0.5,0.16811,0.39914,ciciomt2024,3
s574182,causal,15,0.75,0.16811,0.39914,ciciomt2024,3
s574182,causal,15,1.0,0.16811,0.39914,ciciomt2024,3
s574182,causal,31,0.0,0.56725,0.0,ciciomt2024,3
s574182,causal,31,0.25,0.48391,0.08334,ciciomt2024,3
s574182,causal,31,0.5,0.48391,0.08334,ciciomt2024,3
s574182,causal,31,0.75,0.48743,0.07982,ciciomt2024,3
s574182,causal,31,1.0,0.46616,0.10109,ciciomt2024,3
s574182,causal,34,0.0,0.56725,0.0,ciciomt2024,3
s574182,causal,34,0.25,0.52912,0.03813,ciciomt2024,3
s574182,causal,34,0.5,0.50919,0.05806,ciciomt2024,3
s574182,causal,34,0.75,0.3939,0.17334,ciciomt2024,3
s574182,causal,34,1.0,0.3939,0.17334,ciciomt2024,3
s574182,causal,36,0.0,0.56725,0.0,ciciomt2024,3
s574182,causal,36,0.25,0.29153,0.27572,ciciomt2024,3
s574182,causal,36,0.5,0.27916,0.28809,ciciomt2024,3
s574182,causal,36,0.75,0.27916,0.28809,ciciomt2024,3
s574182,causal,36,1.0,0.27916,0.28809,ciciomt2024,3
s574182,causal,38,0.0,0.56725,0.0,ciciomt2024,3
s574182,causal,38,0.25,0.52568,0.04157,ciciomt2024,3
s574182,causal,38,0.5,0.57963,-0.01238,ciciomt2024,3
s574182,causal,38,0.75,0.41294,0.15431,ciciomt2024,3
s574182,causal,38,1.0,0.31368,0.25357,ciciomt2024,3
s574182,causal,40,0.0,0.56725,0.0,ciciomt2024,3
s574182,causal,40,0.25,0.19233,0.37492,ciciomt2024,3
s574182,causal,40,0.5,0.19233,0.37492,ciciomt2024,3
s574182,causal,40,0.75,0.19233,0.37492,ciciomt2024,3
s574182,causal,40,1.0,0.19266,0.37459,ciciomt2024,3
s574182,non_causal,37,0.0,0.56725,0.0,ciciomt2024,3
s574182,non_causal,37,0.25,0.56725,0.0,ciciomt2024,3
s574182,non_causal,37,0.5,0.56725,0.0,ciciomt2024,3
s574182,non_causal,37,0.75,0.56725,0.0,ciciomt2024,3
s574182,non_causal,37,1.0,0.56725,0.0,ciciomt2024,3
s574182,non_causal,25,0.0,0.56725,0.0,ciciomt2024,3
s574182,non_causal,25,0.25,0.56725,0.0,ciciomt2024,3
s574182,non_causal,25,0.5,0.56725,0.0,ciciomt2024,3
s574182,non_causal,25,0.75,0.56725,0.0,ciciomt2024,3
s574182,non_causal,25,1.0,0.56725,0.0,ciciomt2024,3
s574182,non_causal,28,0.0,0.56725,0.0,ciciomt2024,3
s574182,non_causal,28,0.25,0.56725,0.0,ciciomt2024,3
s574182,non_causal,28,0.5,0.56725,0.0,ciciomt2024,3
s574182,non_causal,28,0.75,0.56725,0.0,ciciomt2024,3
s574182,non_causal,28,1.0,0.56725,0.0,ciciomt2024,3
s605791,causal,0,0.0,0.66257,0.0,ciciomt2024,3
s605791,causal,0,0.25,0.43455,0.22803,ciciomt2024,3
s605791,causal,0,0.5,0.44089,0.22168,ciciomt2024,3
s605791,causal,0,0.75,0.44088,0.22169,ciciomt2024,3
s605791,causal,0,1.0,0.44088,0.22169,ciciomt2024,3
s605791,causal,1,0.0,0.66257,0.0,ciciomt2024,3
s605791,causal,1,0.25,0.6047,0.05787,ciciomt2024,3
s605791,causal,1,0.5,0.6047,0.05787,ciciomt2024,3
s605791,causal,1,0.75,0.6047,0.05787,ciciomt2024,3
s605791,causal,1,1.0,0.60469,0.05788,ciciomt2024,3
s605791,causal,3,0.0,0.66257,0.0,ciciomt2024,3
s605791,causal,3,0.25,0.30385,0.35873,ciciomt2024,3
s605791,causal,3,0.5,0.66398,-0.00141,ciciomt2024,3
s605791,causal,3,0.75,0.1521,0.51047,ciciomt2024,3
s605791,causal,3,1.0,0.0274,0.63518,ciciomt2024,3
s605791,causal,8,0.0,0.66257,0.0,ciciomt2024,3
s605791,causal,8,0.25,0.54364,0.11893,ciciomt2024,3
s605791,causal,8,0.5,0.54363,0.11894,ciciomt2024,3
s605791,causal,8,0.75,0.54219,0.12038,ciciomt2024,3
s605791,causal,8,1.0,0.54212,0.12045,ciciomt2024,3
s605791,causal,15,0.0,0.66257,0.0,ciciomt2024,3
s605791,causal,15,0.25,0.37144,0.29113,ciciomt2024,3
s605791,causal,15,0.5,0.37144,0.29113,ciciomt2024,3
s605791,causal,15,0.75,0.37144,0.29113,ciciomt2024,3
s605791,causal,15,1.0,0.37144,0.29113,ciciomt2024,3
s605791,causal,31,0.0,0.66257,0.0,ciciomt2024,3
s605791,causal,31,0.25,0.58407,0.07851,ciciomt2024,3
s605791,causal,31,0.5,0.58406,0.07851,ciciomt2024,3
s605791,causal,31,0.75,0.58748,0.0751,ciciomt2024,3
s605791,causal,31,1.0,0.56668,0.09589,ciciomt2024,3
s605791,causal,34,0.0,0.66257,0.0,ciciomt2024,3
s605791,causal,34,0.25,0.62729,0.03528,ciciomt2024,3
s605791,causal,34,0.5,0.60845,0.05412,ciciomt2024,3
s605791,causal,34,0.75,0.49861,0.16396,ciciomt2024,3
s605791,causal,34,1.0,0.49861,0.16396,ciciomt2024,3
s605791,causal,36,0.0,0.66257,0.0,ciciomt2024,3
s605791,causal,36,0.25,0.41352,0.24905,ciciomt2024,3
s605791,causal,36,0.5,0.39889,0.26368,ciciomt2024,3
s605791,causal,36,0.75,0.39889,0.26368,ciciomt2024,3
s605791,causal,36,1.0,0.39889,0.26368,ciciomt2024,3
s605791,causal,38,0.0,0.66257,0.0,ciciomt2024,3
s605791,causal,38,0.25,0.6239,0.03867,ciciomt2024,3
s605791,causal,38,0.5,0.67362,-0.01104,ciciomt2024,3
s605791,causal,38,0.75,0.51292,0.14965,ciciomt2024,3
s605791,causal,38,1.0,0.40626,0.25631,ciciomt2024,3
s605791,causal,40,0.0,0.66257,0.0,ciciomt2024,3
s605791,causal,40,0.25,0.23772,0.42486,ciciomt2024,3
s605791,causal,40,0.5,0.23772,0.42486,ciciomt2024,3
s605791,causal,40,0.75,0.23772,0.42486,ciciomt2024,3
s605791,causal,40,1.0,0.23811,0.42447,ciciomt2024,3
s605791,causal,41,0.0,0.66257,0.0,ciciomt2024,3
s605791,causal,41,0.25,0.45582,0.20675,ciciomt2024,3
s605791,causal,41,0.5,0.33591,0.32666,ciciomt2024,3
s605791,causal,41,0.75,0.62261,0.03996,ciciomt2024,3
s605791,causal,41,1.0,0.58475,0.07783,ciciomt2024,3
s605791,non_causal,7,0.0,0.66257,0.0,ciciomt2024,3
s605791,non_causal,7,0.25,0.66257,0.0,ciciomt2024,3
s605791,non_causal,7,0.5,0.66257,0.0,ciciomt2024,3
s605791,non_causal,7,0.75,0.66257,0.0,ciciomt2024,3
s605791,non_causal,7,1.0,0.66257,0.0,ciciomt2024,3
s605791,non_causal,5,0.0,0.66257,0.0,ciciomt2024,3
s605791,non_causal,5,0.25,0.66257,0.0,ciciomt2024,3
s605791,non_causal,5,0.5,0.66257,0.0,ciciomt2024,3
s605791,non_causal,5,0.75,0.66257,0.0,ciciomt2024,3
s605791,non_causal,5,1.0,0.66257,0.0,ciciomt2024,3
s605791,non_causal,2,0.0,0.66257,0.0,ciciomt2024,3
s605791,non_causal,2,0.25,0.81815,-0.15558,ciciomt2024,3
s605791,non_causal,2,0.5,0.81815,-0.15557,ciciomt2024,3
s605791,non_causal,2,0.75,0.81815,-0.15557,ciciomt2024,3
s605791,non_causal,2,1.0,0.81815,-0.15557,ciciomt2024,3
s316492,causal,0,0.0,0.73395,0.0,ciciomt2024,3
s316492,causal,0,0.25,0.34897,0.38498,ciciomt2024,3
s316492,causal,0,0.5,0.35486,0.37909,ciciomt2024,3
s316492,causal,0,0.75,0.35485,0.3791,ciciomt2024,3
s316492,causal,0,1.0,0.35485,0.3791,ciciomt2024,3
s316492,causal,1,0.0,0.73395,0.0,ciciomt2024,3
s316492,causal,1,0.25,0.57375,0.1602,ciciomt2024,3
s316492,causal,1,0.5,0.57375,0.1602,ciciomt2024,3
s316492,causal,1,0.75,0.57375,0.1602,ciciomt2024,3
s316492,causal,1,1.0,0.57374,0.16021,ciciomt2024,3
s316492,causal,2,0.0,0.73395,0.0,ciciomt2024,3
s316492,causal,2,0.25,0.28898,0.44497,ciciomt2024,3
s316492,causal,2,0.5,0.3015,0.43245,ciciomt2024,3
s316492,causal,2,0.75,0.3015,0.43245,ciciomt2024,3
s316492,causal,2,1.0,0.3015,0.43245,ciciomt2024,3
s316492,causal,3,0.0,0.73395,0.0,ciciomt2024,3
s316492,causal,3,0.25,0.55282,0.18113,ciciomt2024,3
s316492,causal,3,0.5,0.22549,0.50846,ciciomt2024,3
s316492,causal,3,0.75,0.24428,0.48967,ciciomt2024,3
s316492,causal,3,1.0,0.11226,0.62169,ciciomt2024,3
s316492,causal,8,0.0,0.73395,0.0,ciciomt2024,3
s316492,causal,8,0.25,0.54681,0.18714,ciciomt2024,3
s316492,causal,8,0.5,0.5468,0.18715,ciciomt2024,3
s316492,causal,8,0.75,0.54555,0.1884,ciciomt2024,3
s316492,causal,8,1.0,0.5455,0.18845,ciciomt2024,3
s316492,causal,9,0.0,0.73395,0.0,ciciomt2024,3
s316492,causal,9,0.25,0.67127,0.06268,ciciomt2024,3
s316492,causal,9,0.5,0.67126,0.06269,ciciomt2024,3
s316492,causal,9,0.75,0.67118,0.06277,ciciomt2024,3
s316492,causal,9,1.0,0.67081,0.06314,ciciomt2024,3
s316492,causal,15,0.0,0.73395,0.0,ciciomt2024,3
s316492,causal,15,0.25,0.3939,0.34005,ciciomt2024,3
s316492,causal,15,0.5,0.3939,0.34005,ciciomt2024,3
s316492,causal,15,0.75,0.3939,0.34005,ciciomt2024,3
s316492,causal,15,1.0,0.3939,0.34005,ciciomt2024,3
s316492,causal,31,0.0,0.73395,0.0,ciciomt2024,3
s316492,causal,31,0.25,0.6739,0.06005,ciciomt2024,3
s316492,causal,31,0.5,0.6739,0.06005,ciciomt2024,3
s316492,causal,31,0.75,0.67698,0.05697,ciciomt2024,3
s316492,causal,31,1.0,0.65808,0.07587,ciciomt2024,3
s316492,causal,34,0.0,0.73395,0.0,ciciomt2024,3
s316492,causal,34,0.25,0.7039,0.03005,ciciomt2024,3
s316492,causal,34,0.5,0.7039,0.03005,ciciomt2024,3
s316492,causal,34,0.75,0.5983,0.13565,ciciomt2024,3
s316492,causal,34,1.0,0.5983,0.13565,ciciomt2024,3
s316492,causal,36,0.0,0.73395,0.0,ciciomt2024,3
s316492,causal,36,0.25,0.2991,0.43485,ciciomt2024,3
s316492,causal,36,0.5,0.28653,0.44742,ciciomt2024,3
s316492,causal,36,0.75,0.3097,0.42425,ciciomt2024,3
s316492,causal,36,1.0,0.3097,0.42425,ciciomt2024,3
s316492,non_causal,24,0.0,0.73395,0.0,ciciomt2024,3
s316492,non_causal,24,0.25,0.45635,0.2776,ciciomt2024,3
s316492,non_causal,24,0.5,0.05743,0.67652,ciciomt2024,3
s316492,non_causal,24,0.75,0.84602,-0.11207,ciciomt2024,3
s316492,non_causal,24,1.0,0.84591,-0.11196,ciciomt2024,3
s316492,non_causal,33,0.0,0.73395,0.0,ciciomt2024,3
s316492,non_causal,33,0.25,0.70987,0.02408,ciciomt2024,3
s316492,non_causal,33,0.5,0.70349,0.03046,ciciomt2024,3
s316492,non_causal,33,0.75,0.78695,-0.053,ciciomt2024,3
s316492,non_causal,33,1.0,0.78695,-0.053,ciciomt2024,3
s316492,non_causal,32,0.0,0.73395,0.0,ciciomt2024,3
s316492,non_causal,32,0.25,0.72412,0.00982,ciciomt2024,3
s316492,non_causal,32,0.5,0.72391,0.01004,ciciomt2024,3
s316492,non_causal,32,0.75,0.72391,0.01004,ciciomt2024,3
s316492,non_causal,32,1.0,0.72391,0.01004,ciciomt2024,3
s196106,causal,0,0.0,0.53278,0.0,ciciomt2024,3
s196106,causal,0,0.25,0.28291,0.24987,ciciomt2024,3
s196106,causal,0,0.5,0.28818,0.24459,ciciomt2024,3
s196106,causal,0,0.75,0.28818,0.2446,ciciomt2024,3
s196106,causal,0,1.0,0.28818,0.2446,ciciomt2024,3
s196106,causal,1,0.0,0.53278,0.0,ciciomt2024,3
s196106,causal,1,0.25,0.46107,0.0717,ciciomt2024,3
s196106,causal,1,0.5,0.46107,0.0717,ciciomt2024,3
s196106,causal,1,0.75,0.46107,0.0717,ciciomt2024,3
s196106,causal,1,1.0,0.46107,0.07171,ciciomt2024,3
s196106,causal,3,0.0,0.53278,0.0,ciciomt2024,3
s196106,causal,3,0.25,0.74396,-0.21118,ciciomt2024,3
s196106,causal,3,0.5,0.87206,-0.33929,ciciomt2024,3
s196106,causal,3,0.75,0.24652,0.28625,ciciomt2024,3
s196106,causal,3,1.0,0.03012,0.50265,ciciomt2024,3
s196106,causal,8,0.0,0.53278,0.0,ciciomt2024,3
s196106,causal,8,0.25,0.42333,0.10945,ciciomt2024,3
s196106,causal,8,0.5,0.42332,0.10946,ciciomt2024,3
s196106,causal,8,0.75,0.42233,0.11044,ciciomt2024,3
s196106,causal,8,1.0,0.42228,0.11049,ciciomt2024,3
s196106,causal,15,0.0,0.53278,0.0,ciciomt2024,3
s196106,causal,15,0.25,0.25547,0.27731,ciciomt2024,3
s196106,causal,15,0.5,0.25547,0.27731,ciciomt2024,3
s196106,causal,15,0.75,0.25547,0.27731,ciciomt2024,3
s196106,causal,15,1.0,0.25547,0.27731,ciciomt2024,3
s196106,causal,31,0.0,0.53278,0.0,ciciomt2024,3
s196106,causal,31,0.25,0.44925,0.08352,ciciomt2024,3
s196106,causal,31,0.5,0.44925,0.08353,ciciomt2024,3
s196106,causal,31,0.75,0.45273,0.08004,ciciomt2024,3
s196106,causal,31,1.0,0.4317,0.10107,ciciomt2024,3
s196106,causal,34,0.0,0.53278,0.0,ciciomt2024,3
s196106,causal,34,0.25,0.52037,0.0124,ciciomt2024,3
s196106,causal,34,0.5,0.50042,0.03235,ciciomt2024,3
s196106,causal,34,0.75,0.39061,0.14217,ciciomt2024,3
s196106,causal,34,1.0,0.39061,0.14217,ciciomt2024,3
s196106,causal,36,0.0,0.53278,0.0,ciciomt2024,3
s196106,causal,36,0.25,0.31234,0.22043,ciciomt2024,3
s196106,causal,36,0.5,0.29946,0.23331,ciciomt2024,3
s196106,causal,36,0.75,0.29946,0.23331,ciciomt2024,3
s196106,causal,36,1.0,0.29946,0.23331,ciciomt2024,3
s196106,causal,38,0.0,0.53278,0.0,ciciomt2024,3
s196106,causal,38,0.25,0.51107,0.0217,ciciomt2024,3
s196106,causal,38,0.5,0.56531,-0.03254,ciciomt2024,3
s196106,causal,38,0.75,0.39883,0.13395,ciciomt2024,3
s196106,causal,38,1.0,0.30123,0.23155,ciciomt2024,3
s196106,causal,40,0.0,0.53278,0.0,ciciomt2024,3
s196106,causal,40,0.25,0.20165,0.33112,ciciomt2024,3
s196106,causal,40,0.5,0.20165,0.33112,ciciomt2024,3
s196106,causal,40,0.75,0.20165,0.33112,ciciomt2024,3
s196106,causal,40,1.0,0.202,0.33078,ciciomt2024,3
s196106,causal,41,0.0,0.53278,0.0,ciciomt2024,3
s196106,causal,41,0.25,0.32724,0.20553,ciciomt2024,3
s196106,causal,41,0.5,0.22703,0.30575,ciciomt2024,3
s196106,causal,41,0.75,0.49398,0.03879,ciciomt2024,3
s196106,causal,41,1.0,0.45464,0.07814,ciciomt2024,3
s196106,non_causal,14,0.0,0.53278,0.0,ciciomt2024,3
s196106,non_causal,14,0.25,0.53278,0.0,ciciomt2024,3
s196106,non_causal,14,0.5,0.53278,0.0,ciciomt2024,3
s196106,non_causal,14,0.75,0.53278,0.0,ciciomt2024,3
s196106,non_causal,14,1.0,0.53278,0.0,ciciomt2024,3
s196106,non_causal,2,0.0,0.53278,0.0,ciciomt2024,3
s196106,non_causal,2,0.25,0.76204,-0.22926,ciciomt2024,3
s196106,non_causal,2,0.5,0.76203,-0.22926,ciciomt2024,3
s196106,non_causal,2,0.75,0.76203,-0.22926,ciciomt2024,3
s196106,non_causal,2,1.0,0.76203,-0.22926,ciciomt2024,3
s196106,non_causal,23,0.0,0.53278,0.0,ciciomt2024,3
s196106,non_causal,23,0.25,0.50957,0.02321,ciciomt2024,3
s196106,non_causal,23,0.5,0.50954,0.02323,ciciomt2024,3
s196106,non_causal,23,0.75,0.50954,0.02323,ciciomt2024,3
s196106,non_causal,23,1.0,0.50346,0.02932,ciciomt2024,3
s722840,causal,0,0.0,0.73773,0.0,ciciomt2024,3
s722840,causal,0,0.25,0.10364,0.63409,ciciomt2024,3
s722840,causal,0,0.5,0.10607,0.63166,ciciomt2024,3
s722840,causal,0,0.75,0.10606,0.63166,ciciomt2024,3
s722840,causal,0,1.0,0.10606,0.63166,ciciomt2024,3
s722840,causal,1,0.0,0.73773,0.0,ciciomt2024,3
s722840,causal,1,0.25,0.46784,0.26988,ciciomt2024,3
s722840,causal,1,0.5,0.46784,0.26988,ciciomt2024,3
s722840,causal,1,0.75,0.46784,0.26988,ciciomt2024,3
s722840,causal,1,1.0,0.46784,0.26989,ciciomt2024,3
s722840,causal,2,0.0,0.73773,0.0,ciciomt2024,3
s722840,causal,2,0.25,0.57042,0.1673,ciciomt2024,3
s722840,causal,2,0.5,0.57042,0.1673,ciciomt2024,3
s722840,causal,2,0.75,0.57042,0.1673,ciciomt2024,3
s722840,causal,2,1.0,0.57042,0.1673,ciciomt2024,3
s722840,causal,3,0.0,0.73773,0.0,ciciomt2024,3
s722840,causal,3,0.25,0.35601,0.38172,ciciomt2024,3
s722840,causal,3,0.5,0.01471,0.72302,ciciomt2024,3
s722840,causal,3,0.75,0.02664,0.71109,ciciomt2024,3
s722840,causal,3,1.0,0.05817,0.67956,ciciomt2024,3
s722840,causal,8,0.0,0.73773,0.0,ciciomt2024,3
s722840,causal,8,0.25,0.56419,0.17353,ciciomt2024,3
s722840,causal,8,0.5,0.56418,0.17354,ciciomt2024,3
s722840,causal,8,0.75,0.56369,0.17404,ciciomt2024,3
s722840,causal,8,1.0,0.56364,0.17408,ciciomt2024,3
s722840,causal,15,0.0,0.73773,0.0,ciciomt2024,3
s722840,causal,15,0.25,0.29499,0.44274,ciciomt2024,3
s722840,causal,15,0.5,0.29499,0.44274,ciciomt2024,3
s722840,causal,15,0.75,0.29499,0.44274,ciciomt2024,3
s722840,causal,15,1.0,0.29499,0.44274,ciciomt2024,3
s722840,causal,31,0.0,0.73773,0.0,ciciomt2024,3
s722840,causal,31,0.25,0.62677,0.11095,ciciomt2024,3
s722840,causal,31,0.5,0.62677,0.11096,ciciomt2024,3
s722840,causal,31,0.75,0.63006,0.10767,ciciomt2024,3
s722840,causal,31,1.0,0.60998,0.12775,ciciomt2024,3
s722840,causal,34,0.0,0.73773,0.0,ciciomt2024,3
s722840,causal,34,0.25,0.72254,0.01518,ciciomt2024,3
s722840,causal,34,0.5,0.72254,0.01518,ciciomt2024,3
s722840,causal,34,0.75,0.61999,0.11774,ciciomt2024,3
s722840,causal,34,1.0,0.60893,0.12879,ciciomt2024,3
s722840,non_causal,11,0.0,0.73773,0.0,ciciomt2024,3
s722840,non_causal,11,0.25,0.73773,0.0,ciciomt2024,3
s722840,non_causal,11,0.5,0.73773,0.0,ciciomt2024,3
s722840,non_causal,11,0.75,0.73773,0.0,ciciomt2024,3
s722840,non_causal,11,1.0,0.73773,0.0,ciciomt2024,3
s722840,non_causal,42,0.0,0.73773,0.0,ciciomt2024,3
s722840,non_causal,42,0.25,0.73773,0.0,ciciomt2024,3
s722840,non_causal,42,0.5,0.73773,0.0,ciciomt2024,3
s722840,non_causal,42,0.75,0.73773,0.0,ciciomt2024,3
s722840,non_causal,42,1.0,0.73773,0.0,ciciomt2024,3
s722840,non_causal,6,0.0,0.73773,0.0,ciciomt2024,3
s722840,non_causal,6,0.25,0.73773,0.0,ciciomt2024,3
s722840,non_causal,6,0.5,0.73773,0.0,ciciomt2024,3
s722840,non_causal,6,0.75,0.73773,0.0,ciciomt2024,3
s722840,non_causal,6,1.0,0.73773,0.0,ciciomt2024,3
s684453,causal,0,0.0,0.56392,0.0,ciciomt2024,3
s684453,causal,0,0.25,0.06493,0.49899,ciciomt2024,3
s684453,causal,0,0.5,0.06652,0.49739,ciciomt2024,3
s684453,causal,0,0.75,0.06652,0.49739,ciciomt2024,3
s684453,causal,0,1.0,0.06652,0.49739,ciciomt2024,3
s684453,causal,1,0.0,0.56392,0.0,ciciomt2024,3
s684453,causal,1,0.25,0.47458,0.08933,ciciomt2024,3
s684453,causal,1,0.5,0.47458,0.08933,ciciomt2024,3
s684453,causal,1,0.75,0.47458,0.08933,ciciomt2024,3
s684453,causal,1,1.0,0.47458,0.08934,ciciomt2024,3
s684453,causal,3,0.0,0.56392,0.0,ciciomt2024,3
s684453,causal,3,0.25,0.88358,-0.31966,ciciomt2024,3
s684453,causal,3,0.5,0.94856,-0.38465,ciciomt2024,3
s684453,causal,3,0.75,0.25708,0.30683,ciciomt2024,3
s684453,causal,3,1.0,0.03588,0.52804,ciciomt2024,3
s684453,causal,8,0.0,0.56392,0.0,ciciomt2024,3
s684453,causal,8,0.25,0.47427,0.08965,ciciomt2024,3
s684453,causal,8,0.5,0.47426,0.08966,ciciomt2024,3
s684453,causal,8,0.75,0.47318,0.09074,ciciomt2024,3
s684453,causal,8,1.0,0.47312,0.0908,ciciomt2024,3
s684453,causal,15,0.0,0.56392,0.0,ciciomt2024,3
s684453,causal,15,0.25,0.13767,0.42625,ciciomt2024,3
s684453,causal,15,0.5,0.13767,0.42625,ciciomt2024,3
s684453,causal,15,0.75,0.13767,0.42625,ciciomt2024,3
s684453,causal,15,1.0,0.13767,0.42625,ciciomt2024,3
s684453,causal,31,0.0,0.56392,0.0,ciciomt2024,3
s684453,causal,31,0.25,0.48053,0.08339,ciciomt2024,3
s684453,causal,31,0.5,0.48053,0.08339,ciciomt2024,3
s684453,causal,31,0.75,0.48404,0.07988,ciciomt2024,3
s684453,causal,31,1.0,0.46279,0.10113,ciciomt2024,3
s684453,causal,34,0.0,0.56392,0.0,ciciomt2024,3
s684453,causal,34,0.25,0.55165,0.01227,ciciomt2024,3
s684453,causal,34,0.5,0.53183,0.03209,ciciomt2024,3
s684453,causal,34,0.75,0.41575,0.14816,ciciomt2024,3
s684453,causal,34,1.0,0.41575,0.14816,ciciomt2024,3
s684453,causal,36,0.0,0.56392,0.0,ciciomt2024,3
s684453,causal,36,0.25,0.34672,0.2172,ciciomt2024,3
s684453,causal,36,0.5,0.3331,0.23082,ciciomt2024,3
s684453,causal,36,0.75,0.3331,0.23082,ciciomt2024,3
s684453,causal,36,1.0,0.3331,0.23082,ciciomt2024,3
s684453,causal,38,0.0,0.56392,0.0,ciciomt2024,3
s684453,causal,38,0.25,0.54241,0.02151,ciciomt2024,3
s684453,causal,38,0.5,0.59592,-0.032,ciciomt2024,3
s684453,causal,38,0.75,0.42933,0.13459,ciciomt2024,3
s684453,causal,38,1.0,0.32834,0.23558,ciciomt2024,3
s684453,causal,40,0.0,0.56392,0.0,ciciomt2024,3
s684453,causal,40,0.25,0.17497,0.38894,ciciomt2024,3
s684453,causal,40,0.5,0.17497,0.38894,ciciomt2024,3
s684453,causal,40,0.75,0.17497,0.38894,ciciomt2024,3
s684453,causal,40,1.0,0.17528,0.38863,ciciomt2024,3
s684453,non_causal,29,0.0,0.56392,0.0,ciciomt2024,3
s684453,non_causal,29,0.25,0.56392,0.0,ciciomt2024,3
s684453,non_causal,29,0.5,0.56392,0.0,ciciomt2024,3
s684453,non_causal,29,0.75,0.56392,0.0,ciciomt2024,3
s684453,non_causal,29,1.0,0.56392,0.0,ciciomt2024,3
s684453,non_causal,42,0.0,0.56392,0.0,ciciomt2024,3
s684453,non_causal,42,0.25,0.56392,0.0,ciciomt2024,3
s684453,non_causal,42,0.5,0.56392,0.0,ciciomt2024,3
s684453,non_causal,42,0.75,0.56392,0.0,ciciomt2024,3
s684453,non_causal,42,1.0,0.56392,0.0,ciciomt2024,3
s684453,non_causal,21,0.0,0.56392,0.0,ciciomt2024,3
s684453,non_causal,21,0.25,0.56392,0.0,ciciomt2024,3
s684453,non_causal,21,0.5,0.56392,0.0,ciciomt2024,3
s684453,non_causal,21,0.75,0.56392,0.0,ciciomt2024,3
s684453,non_causal,21,1.0,0.56392,0.0,ciciomt2024,3
s730147,causal,0,0.0,0.59964,0.0,ciciomt2024,3
s730147,causal,0,0.25,0.28291,0.31673,ciciomt2024,3
s730147,causal,0,0.5,0.28818,0.31146,ciciomt2024,3
s730147,causal,0,0.75,0.28818,0.31146,ciciomt2024,3
s730147,causal,0,1.0,0.28818,0.31146,ciciomt2024,3
s730147,causal,1,0.0,0.59964,0.0,ciciomt2024,3
s730147,causal,1,0.25,0.50176,0.09788,ciciomt2024,3
s730147,causal,1,0.5,0.50176,0.09788,ciciomt2024,3
s730147,causal,1,0.75,0.50176,0.09788,ciciomt2024,3
s730147,causal,1,1.0,0.50176,0.09788,ciciomt2024,3
s730147,causal,3,0.0,0.59964,0.0,ciciomt2024,3
s730147,causal,3,0.25,0.84242,-0.24278,ciciomt2024,3
s730147,causal,3,0.5,0.95437,-0.35473,ciciomt2024,3
s730147,causal,3,0.75,0.27478,0.32485,ciciomt2024,3
s730147,causal,3,1.0,0.03572,0.56392,ciciomt2024,3
s730147,causal,8,0.0,0.59964,0.0,ciciomt2024,3
s730147,causal,8,0.25,0.49087,0.10877,ciciomt2024,3
s730147,causal,8,0.5,0.49086,0.10877,ciciomt2024,3
s730147,causal,8,0.75,0.48975,0.10989,ciciomt2024,3
s730147,causal,8,1.0,0.48969,0.10995,ciciomt2024,3
s730147,causal,15,0.0,0.59964,0.0,ciciomt2024,3
s730147,causal,15,0.25,0.15412,0.44551,ciciomt2024,3
s730147,causal,15,0.5,0.15413,0.44551,ciciomt2024,3
s730147,causal,15,0.75,0.15413,0.44551,ciciomt2024,3
s730147,causal,15,1.0,0.15413,0.44551,ciciomt2024,3
s730147,causal,31,0.0,0.59964,0.0,ciciomt2024,3
s730147,causal,31,0.25,0.51722,0.08242,ciciomt2024,3
s730147,causal,31,0.5,0.51721,0.08243,ciciomt2024,3
s730147,causal,31,0.75,0.52073,0.07891,ciciomt2024,3
s730147,causal,31,1.0,0.49943,0.10021,ciciomt2024,3
s730147,causal,34,0.0,0.59964,0.0,ciciomt2024,3
s730147,causal,34,0.25,0.58763,0.01201,ciciomt2024,3
s730147,causal,34,0.5,0.56815,0.03149,ciciomt2024,3
s730147,causal,34,0.75,0.45181,0.14783,ciciomt2024,3
s730147,causal,34,1.0,0.45181,0.14783,ciciomt2024,3
s730147,causal,36,0.0,0.59964,0.0,ciciomt2024,3
s730147,causal,36,0.25,0.42066,0.17898,ciciomt2024,3
s730147,causal,36,0.5,0.40594,0.1937,ciciomt2024,3
s730147,causal,36,0.75,0.40594,0.1937,ciciomt2024,3
s730147,causal,36,1.0,0.40594,0.1937,ciciomt2024,3
s730147,causal,38,0.0,0.59964,0.0,ciciomt2024,3
s730147,causal,38,0.25,0.59611,0.00353,ciciomt2024,3
s730147,causal,38,0.5,0.64743,-0.04779,ciciomt2024,3
s730147,causal,38,0.75,0.48369,0.11595,ciciomt2024,3
s730147,causal,38,1.0,0.37839,0.22125,ciciomt2024,3
s730147,causal,40,0.0,0.59964,0.0,ciciomt2024,3
s730147,causal,40,0.25,0.18133,0.41831,ciciomt2024,3
s730147,causal,40,0.5,0.18133,0.41831,ciciomt2024,3
s730147,causal,40,0.75,0.18133,0.41831,ciciomt2024,3
s730147,causal,40,1.0,0.18165,0.41799,ciciomt2024,3
s730147,non_causal,33,0.0,0.59964,0.0,ciciomt2024,3
s730147,non_causal,33,0.25,0.58405,0.01559,ciciomt2024,3
s730147,non_causal,33,0.5,0.57655,0.02308,ciciomt2024,3
s730147,non_causal,33,0.75,0.82181,-0.22217,ciciomt2024,3
s730147,non_causal,33,1.0,0.82181,-0.22217,ciciomt2024,3
s730147,non_causal,11,0.0,0.59964,0.0,ciciomt2024,3
s730147,non_causal,11,0.25,0.59964,0.0,ciciomt2024,3
s730147,non_causal,11,0.5,0.59964,0.0,ciciomt2024,3
s730147,non_causal,11,0.75,0.59964,0.0,ciciomt2024,3
s730147,non_causal,11,1.0,0.59964,0.0,ciciomt2024,3
s730147,non_causal,24,0.0,0.59964,0.0,ciciomt2024,3
s730147,non_causal,24,0.25,0.53158,0.06806,ciciomt2024,3
s730147,non_causal,24,0.5,0.1031,0.49654,ciciomt2024,3
s730147,non_causal,24,0.75,0.91485,-0.31521,ciciomt2024,3
s730147,non_causal,24,1.0,0.9148,-0.31516,ciciomt2024,3
s259289,causal,0,0.0,0.54171,0.0,ciciomt2024,3
s259289,causal,0,0.25,0.23007,0.31164,ciciomt2024,3
s259289,causal,0,0.5,0.23468,0.30702,ciciomt2024,3
s259289,causal,0,0.75,0.23468,0.30703,ciciomt2024,3
s259289,causal,0,1.0,0.23468,0.30703,ciciomt2024,3
s259289,causal,1,0.0,0.54171,0.0,ciciomt2024,3
s259289,causal,1,0.25,0.3538,0.18791,ciciomt2024,3
s259289,causal,1,0.5,0.3538,0.18791,ciciomt2024,3
s259289,causal,1,0.75,0.3538,0.18791,ciciomt2024,3
s259289,causal,1,1.0,0.3538,0.18791,ciciomt2024,3
s259289,causal,3,0.0,0.54171,0.0,ciciomt2024,3
s259289,causal,3,0.25,0.60532,-0.06362,ciciomt2024,3
s259289,causal,3,0.5,0.7569,-0.21519,ciciomt2024,3
s259289,causal,3,0.75,0.36051,0.18119,ciciomt2024,3
s259289,causal,3,1.0,0.09883,0.44288,ciciomt2024,3
s259289,causal,8,0.0,0.54171,0.0,ciciomt2024,3
s259289,causal,8,0.25,0.39985,0.14186,ciciomt2024,3
s259289,causal,8,0.5,0.39984,0.14187,ciciomt2024,3
s259289,causal,8,0.75,0.39939,0.14232,ciciomt2024,3
s259289,causal,8,1.0,0.39935,0.14236,ciciomt2024,3
s259289,causal,15,0.0,0.54171,0.0,ciciomt2024,3
s259289,causal,15,0.25,0.12734,0.41437,ciciomt2024,3
s259289,causal,15,0.5,0.12734,0.41437,ciciomt2024,3
s259289,causal,15,0.75,0.12734,0.41437,ciciomt2024,3
s259289,causal,15,1.0,0.12734,0.41437,ciciomt2024,3
s259289,causal,31,0.0,0.54171,0.0,ciciomt2024,3
s259289,causal,31,0.25,0.39318,0.14853,ciciomt2024,3
s259289,causal,31,0.5,0.39318,0.14853,ciciomt2024,3
s259289,causal,31,0.75,0.39654,0.14517,ciciomt2024,3
s259289,causal,31,1.0,0.37632,0.16539,ciciomt2024,3
s259289,causal,34,0.0,0.54171,0.0,ciciomt2024,3
s259289,causal,34,0.25,0.52934,0.01237,ciciomt2024,3
s259289,causal,34,0.5,0.50941,0.0323,ciciomt2024,3
s259289,causal,34,0.75,0.39411,0.1476,ciciomt2024,3
s259289,causal,34,1.0,0.39411,0.1476,ciciomt2024,3
s259289,causal,36,0.0,0.54171,0.0,ciciomt2024,3
s259289,causal,36,0.25,0.45317,0.08854,ciciomt2024,3
s259289,causal,36,0.5,0.43818,0.10353,ciciomt2024,3
s259289,causal,36,0.75,0.43818,0.10353,ciciomt2024,3
s259289,causal,36,1.0,0.43818,0.10353,ciciomt2024,3
s259289,causal,38,0.0,0.54171,0.0,ciciomt2024,3
s259289,causal,38,0.25,0.53816,0.00355,ciciomt2024,3
s259289,causal,38,0.5,0.5918,-0.05009,ciciomt2024,3
s259289,causal,38,0.75,0.42514,0.11657,ciciomt2024,3
s259289,causal,38,1.0,0.32457,0.21714,ciciomt2024,3
s259289,causal,40,0.0,0.54171,0.0,ciciomt2024,3
s259289,causal,40,0.25,0.20404,0.33767,ciciomt2024,3
s259289,causal,40,0.5,0.20404,0.33767,ciciomt2024,3
s259289,causal,40,0.75,0.20404,0.33767,ciciomt2024,3
s259289,causal,40,1.0,0.20439,0.33732,ciciomt2024,3
s259289,non_causal,28,0.0,0.54171,0.0,ciciomt2024,3
s259289,non_causal,28,0.25,0.54171,0.0,ciciomt2024,3
s259289,non_causal,28,0.5,0.54171,0.0,ciciomt2024,3
s259289,non_causal,28,0.75,0.54171,0.0,ciciomt2024,3
s259289,non_causal,28,1.0,0.54171,0.0,ciciomt2024,3
s259289,non_causal,33,0.0,0.54171,0.0,ciciomt2024,3
s259289,non_causal,33,0.25,0.53049,0.01122,ciciomt2024,3
s259289,non_causal,33,0.5,0.52282,0.01889,ciciomt2024,3
s259289,non_causal,33,0.75,0.78777,-0.24606,ciciomt2024,3
s259289,non_causal,33,1.0,0.78777,-0.24606,ciciomt2024,3
s259289,non_causal,30,0.0,0.54171,0.0,ciciomt2024,3
s259289,non_causal,30,0.25,0.54171,0.0,ciciomt2024,3
s259289,non_causal,30,0.5,0.54171,0.0,ciciomt2024,3
s259289,non_causal,30,0.75,0.54171,0.0,ciciomt2024,3
s259289,non_causal,30,1.0,0.54171,0.0,ciciomt2024,3
s725340,causal,0,0.0,0.93533,0.0,ciciomt2024,3
s725340,causal,0,0.25,0.11906,0.81627,ciciomt2024,3
s725340,causal,0,0.5,0.1218,0.81352,ciciomt2024,3
s725340,causal,0,0.75,0.1218,0.81353,ciciomt2024,3
s725340,causal,0,1.0,0.1218,0.81353,ciciomt2024,3
s725340,causal,3,0.0,0.93533,0.0,ciciomt2024,3
s725340,causal,3,0.25,0.95474,-0.01941,ciciomt2024,3
s725340,causal,3,0.5,0.75548,0.17985,ciciomt2024,3
s725340,causal,3,0.75,0.01605,0.91927,ciciomt2024,3
s725340,causal,3,1.0,0.06106,0.87426,ciciomt2024,3
s725340,causal,8,0.0,0.93533,0.0,ciciomt2024,3
s725340,causal,8,0.25,0.86858,0.06675,ciciomt2024,3
s725340,causal,8,0.5,0.86857,0.06676,ciciomt2024,3
s725340,causal,8,0.75,0.86726,0.06807,ciciomt2024,3
s725340,causal,8,1.0,0.8672,0.06813,ciciomt2024,3
s725340,causal,15,0.0,0.93533,0.0,ciciomt2024,3
s725340,causal,15,0.25,0.57543,0.3599,ciciomt2024,3
s725340,causal,15,0.5,0.57543,0.3599,ciciomt2024,3
s725340,causal,15,0.75,0.57543,0.3599,ciciomt2024,3
s725340,causal,15,1.0,0.57543,0.3599,ciciomt2024,3
s725340,causal,36,0.0,0.93533,0.0,ciciomt2024,3
s725340,causal,36,0.25,0.8906,0.04473,ciciomt2024,3
s725340,causal,36,0.5,0.88455,0.05077,ciciomt2024,3
s725340,causal,36,0.75,0.88455,0.05077,ciciomt2024,3
s725340,causal,36,1.0,0.88455,0.05077,ciciomt2024,3
s725340,causal,40,0.0,0.93533,0.0,ciciomt2024,3
s725340,causal,40,0.25,0.81566,0.11966,ciciomt2024,3
s725340,causal,40,0.5,0.81566,0.11966,ciciomt2024,3
s725340,causal,40,0.75,0.81566,0.11966,ciciomt2024,3
s725340,causal,40,1.0,0.82076,0.11456,ciciomt2024,3
s725340,non_causal,23,0.0,0.93533,0.0,ciciomt2024,3
s725340,non_causal,23,0.25,0.93827,-0.00295,ciciomt2024,3
s725340,non_causal,23,0.5,0.93824,-0.00292,ciciomt2024,3
s725340,non_causal,23,0.75,0.93824,-0.00292,ciciomt2024,3
s725340,non_causal,23,1.0,0.92981,0.00551,ciciomt2024,3
s725340,non_causal,33,0.0,0.93533,0.0,ciciomt2024,3
s725340,non_causal,33,0.25,0.92828,0.00705,ciciomt2024,3
s725340,non_causal,33,0.5,0.9262,0.00913,ciciomt2024,3
s725340,non_causal,33,0.75,0.96193,-0.02661,ciciomt2024,3
s725340,non_causal,33,1.0,0.96193,-0.02661,ciciomt2024,3
s725340,non_causal,12,0.0,0.93533,0.0,ciciomt2024,3
s725340,non_causal,12,0.25,0.93533,0.0,ciciomt2024,3
s725340,non_causal,12,0.5,0.93533,0.0,ciciomt2024,3
s725340,non_causal,12,0.75,0.93533,0.0,ciciomt2024,3
s725340,non_causal,12,1.0,0.93533,0.0,ciciomt2024,3
s608872,causal,0,0.0,0.9374,0.0,ciciomt2024,3
s608872,causal,0,0.25,0.11759,0.8198,ciciomt2024,3
s608872,causal,0,0.5,0.12031,0.81709,ciciomt2024,3
s608872,causal,0,0.75,0.12031,0.81709,ciciomt2024,3
s608872,causal,0,1.0,0.12031,0.81709,ciciomt2024,3
s608872,causal,3,0.0,0.9374,0.0,ciciomt2024,3
s608872,causal,3,0.25,0.95294,-0.01554,ciciomt2024,3
s608872,causal,3,0.5,0.75209,0.18531,ciciomt2024,3
s608872,causal,3,0.75,0.01584,0.92155,ciciomt2024,3
s608872,causal,3,1.0,0.06106,0.87633,ciciomt2024,3
s608872,causal,8,0.0,0.9374,0.0,ciciomt2024,3
s608872,causal,8,0.25,0.87249,0.0649,ciciomt2024,3
s608872,causal,8,0.5,0.87248,0.06491,ciciomt2024,3
s608872,causal,8,0.75,0.87119,0.06621,ciciomt2024,3
s608872,causal,8,1.0,0.87112,0.06628,ciciomt2024,3
s608872,causal,15,0.0,0.9374,0.0,ciciomt2024,3
s608872,causal,15,0.25,0.59832,0.33907,ciciomt2024,3
s608872,causal,15,0.5,0.59833,0.33907,ciciomt2024,3
s608872,causal,15,0.75,0.59833,0.33907,ciciomt2024,3
s608872,causal,15,1.0,0.59833,0.33907,ciciomt2024,3
s608872,causal,36,0.0,0.9374,0.0,ciciomt2024,3
s608872,causal,36,0.25,0.88632,0.05108,ciciomt2024,3
s608872,causal,36,0.5,0.88007,0.05733,ciciomt2024,3
s608872,causal,36,0.75,0.88007,0.05733,ciciomt2024,3
s608872,causal,36,1.0,0.88007,0.05733,ciciomt2024,3
s608872,causal,38,0.0,0.9374,0.0,ciciomt2024,3
s608872,causal,38,0.25,0.94048,-0.00308,ciciomt2024,3
s608872,causal,38,0.5,0.9545,-0.0171,ciciomt2024,3
s608872,causal,38,0.75,0.92778,0.00962,ciciomt2024,3
s608872,causal,38,1.0,0.88705,0.05034,ciciomt2024,3
s608872,causal,40,0.0,0.9374,0.0,ciciomt2024,3
s608872,causal,40,0.25,0.81324,0.12415,ciciomt2024,3
s608872,causal,40,0.5,0.81324,0.12415,ciciomt2024,3
s608872,causal,40,0.75,0.81324,0.12415,ciciomt2024,3
s608872,causal,40,1.0,0.81839,0.119,ciciomt2024,3
s608872,non_causal,11,0.0,0.9374,0.0,ciciomt2024,3
s608872,non_causal,11,0.25,0.9374,0.0,ciciomt2024,3
s608872,non_causal,11,0.5,0.9374,0.0,ciciomt2024,3
s608872,non_causal,11,0.75,0.9374,0.0,ciciomt2024,3
s608872,non_causal,11,1.0,0.9374,0.0,ciciomt2024,3
s608872,non_causal,26,0.0,0.9374,0.0,ciciomt2024,3
s608872,non_causal,26,0.25,0.9374,0.0,ciciomt2024,3
s608872,non_causal,26,0.5,0.94715,-0.00975,ciciomt2024,3
s608872,non_causal,26,0.75,0.94715,-0.00975,ciciomt2024,3
s608872,non_causal,26,1.0,0.94714,-0.00974,ciciomt2024,3
s608872,non_causal,37,0.0,0.9374,0.0,ciciomt2024,3
s608872,non_causal,37,0.25,0.9374,0.0,ciciomt2024,3
s608872,non_causal,37,0.5,0.9374,0.0,ciciomt2024,3
s608872,non_causal,37,0.75,0.9374,0.0,ciciomt2024,3
s608872,non_causal,37,1.0,0.9374,0.0,ciciomt2024,3
s701576,causal,0,0.0,0.80321,0.0,ciciomt2024,3
s701576,causal,0,0.25,0.08693,0.71628,ciciomt2024,3
s701576,causal,0,0.5,0.08901,0.7142,ciciomt2024,3
s701576,causal,0,0.75,0.08901,0.7142,ciciomt2024,3
s701576,causal,0,1.0,0.08901,0.7142,ciciomt2024,3
s701576,causal,1,0.0,0.80321,0.0,ciciomt2024,3
s701576,causal,1,0.25,0.62425,0.17895,ciciomt2024,3
s701576,causal,1,0.5,0.62425,0.17895,ciciomt2024,3
s701576,causal,1,0.75,0.62425,0.17895,ciciomt2024,3
s701576,causal,1,1.0,0.62425,0.17896,ciciomt2024,3
s701576,causal,3,0.0,0.80321,0.0,ciciomt2024,3
s701576,causal,3,0.25,0.8899,-0.0867,ciciomt2024,3
s701576,causal,3,0.5,0.50552,0.29768,ciciomt2024,3
s701576,causal,3,0.75,0.0146,0.78861,ciciomt2024,3
s701576,causal,3,1.0,0.10645,0.69676,ciciomt2024,3
s701576,causal,8,0.0,0.80321,0.0,ciciomt2024,3
s701576,causal,8,0.25,0.65573,0.14748,ciciomt2024,3
s701576,causal,8,0.5,0.65572,0.14749,ciciomt2024,3
s701576,causal,8,0.75,0.65505,0.14816,ciciomt2024,3
s701576,causal,8,1.0,0.65499,0.14822,ciciomt2024,3
s701576,causal,15,0.0,0.80321,0.0,ciciomt2024,3
s701576,causal,15,0.25,0.34515,0.45805,ciciomt2024,3
s701576,causal,15,0.5,0.34516,0.45805,ciciomt2024,3
s701576,causal,15,0.75,0.34516,0.45805,ciciomt2024,3
s701576,causal,15,1.0,0.34516,0.45805,ciciomt2024,3
s701576,causal,31,0.0,0.80321,0.0,ciciomt2024,3
s701576,causal,31,0.25,0.70896,0.09424,ciciomt2024,3
s701576,causal,31,0.5,0.70896,0.09425,ciciomt2024,3
s701576,causal,31,0.75,0.71185,0.09135,ciciomt2024,3
s701576,causal,31,1.0,0.69407,0.10914,ciciomt2024,3
s701576,causal,32,0.0,0.80321,0.0,ciciomt2024,3
s701576,causal,32,0.25,0.74563,0.05758,ciciomt2024,3
s701576,causal,32,0.5,0.74523,0.05797,ciciomt2024,3
s701576,causal,32,0.75,0.74523,0.05797,ciciomt2024,3
s701576,causal,32,1.0,0.74523,0.05797,ciciomt2024,3
s701576,causal,34,0.0,0.80321,0.0,ciciomt2024,3
s701576,causal,34,0.25,0.79519,0.00802,ciciomt2024,3
s701576,causal,34,0.5,0.79519,0.00802,ciciomt2024,3
s701576,causal,34,0.75,0.70867,0.09454,ciciomt2024,3
s701576,causal,34,1.0,0.69895,0.10426,ciciomt2024,3
s701576,causal,36,0.0,0.80321,0.0,ciciomt2024,3
s701576,causal,36,0.25,0.7617,0.04151,ciciomt2024,3
s701576,causal,36,0.5,0.75051,0.05269,ciciomt2024,3
s701576,causal,36,0.75,0.75051,0.05269,ciciomt2024,3
s701576,causal,36,1.0,0.75051,0.05269,ciciomt2024,3
s701576,causal,38,0.0,0.80321,0.0,ciciomt2024,3
s701576,causal,38,0.25,0.82534,-0.02213,ciciomt2024,3
s701576,causal,38,0.5,0.85032,-0.04711,ciciomt2024,3
s701576,causal,38,0.75,0.77673,0.02648,ciciomt2024,3
s701576,causal,38,1.0,0.68009,0.12312,ciciomt2024,3
s701576,causal,40,0.0,0.80321,0.0,ciciomt2024,3
s701576,causal,40,0.25,0.55795,0.24526,ciciomt2024,3
s701576,causal,40,0.5,0.55795,0.24526,ciciomt2024,3
s701576,causal,40,0.75,0.55795,0.24526,ciciomt2024,3
s701576,causal,40,1.0,0.56638,0.23683,ciciomt2024,3
s701576,non_causal,33,0.0,0.80321,0.0,ciciomt2024,3
s701576,non_causal,33,0.25,0.78238,0.02082,ciciomt2024,3
s701576,non_causal,33,0.5,0.7771,0.02611,ciciomt2024,3
s701576,non_causal,33,0.75,0.87533,-0.07213,ciciomt2024,3
s701576,non_causal,33,1.0,0.87533,-0.07213,ciciomt2024,3
s701576,non_causal,16,0.0,0.80321,0.0,ciciomt2024,3
s701576,non_causal,16,0.25,0.80321,0.0,ciciomt2024,3
s701576,non_causal,16,0.5,0.80321,0.0,ciciomt2024,3
s701576,non_causal,16,0.75,0.80321,0.0,ciciomt2024,3
s701576,non_causal,16,1.0,0.80321,0.0,ciciomt2024,3
s701576,non_causal,29,0.0,0.80321,0.0,ciciomt2024,3
s701576,non_causal,29,0.25,0.80321,0.0,ciciomt2024,3
s701576,non_causal,29,0.5,0.80321,0.0,ciciomt2024,3
s701576,non_causal,29,0.75,0.80321,0.0,ciciomt2024,3
s701576,non_causal,29,1.0,0.80321,0.0,ciciomt2024,3
s265954,causal,0,0.0,0.93634,0.0,ciciomt2024,3
s265954,causal,0,0.25,0.14674,0.7896,ciciomt2024,3
s265954,causal,0,0.5,0.15001,0.78633,ciciomt2024,3
s265954,causal,0,0.75,0.15001,0.78633,ciciomt2024,3
s265954,causal,0,1.0,0.15001,0.78633,ciciomt2024,3
s265954,causal,3,0.0,0.93634,0.0,ciciomt2024,3
s265954,causal,3,0.25,0.95437,-0.01803,ciciomt2024,3
s265954,causal,3,0.5,0.75392,0.18242,ciciomt2024,3
s265954,causal,3,0.75,0.00913,0.92721,ciciomt2024,3
s265954,causal,3,1.0,0.03572,0.90062,ciciomt2024,3
s265954,causal,8,0.0,0.93634,0.0,ciciomt2024,3
s265954,causal,8,0.25,0.8705,0.06584,ciciomt2024,3
s265954,causal,8,0.5,0.87049,0.06585,ciciomt2024,3
s265954,causal,8,0.75,0.86918,0.06716,ciciomt2024,3
s265954,causal,8,1.0,0.86912,0.06722,ciciomt2024,3
s265954,causal,15,0.0,0.93634,0.0,ciciomt2024,3
s265954,causal,15,0.25,0.57957,0.35677,ciciomt2024,3
s265954,causal,15,0.5,0.57958,0.35677,ciciomt2024,3
s265954,causal,15,0.75,0.57958,0.35677,ciciomt2024,3
s265954,causal,15,1.0,0.57958,0.35677,ciciomt2024,3
s265954,causal,40,0.0,0.93634,0.0,ciciomt2024,3
s265954,causal,40,0.25,0.81487,0.12147,ciciomt2024,3
s265954,causal,40,0.5,0.81487,0.12147,ciciomt2024,3
s265954,causal,40,0.75,0.81487,0.12147,ciciomt2024,3
s265954,causal,40,1.0,0.81999,0.11636,ciciomt2024,3
s265954,non_causal,24,0.0,0.93634,0.0,ciciomt2024,3
s265954,non_causal,24,0.25,0.83668,0.09966,ciciomt2024,3
s265954,non_causal,24,0.5,0.28149,0.65486,ciciomt2024,3
s265954,non_causal,24,0.75,0.9299,0.00644,ciciomt2024,3
s265954,non_causal,24,1.0,0.92985,0.0065,ciciomt2024,3
s265954,non_causal,1,0.0,0.93634,0.0,ciciomt2024,3
s265954,non_causal,1,0.25,0.89397,0.04238,ciciomt2024,3
s265954,non_causal,1,0.5,0.89397,0.04238,ciciomt2024,3
s265954,non_causal,1,0.75,0.89397,0.04238,ciciomt2024,3
s265954,non_causal,1,1.0,0.89396,0.04238,ciciomt2024,3
s265954,non_causal,13,0.0,0.93634,0.0,ciciomt2024,3
s265954,non_causal,13,0.25,0.94698,-0.01064,ciciomt2024,3
s265954,non_causal,13,0.5,0.94694,-0.01059,ciciomt2024,3
s265954,non_causal,13,0.75,0.94663,-0.01029,ciciomt2024,3
s265954,non_causal,13,1.0,0.96014,-0.0238,ciciomt2024,3
s278047,causal,0,0.0,0.57638,0.0,ciciomt2024,3
s278047,causal,0,0.25,0.39621,0.18017,ciciomt2024,3
s278047,causal,0,0.5,0.4024,0.17398,ciciomt2024,3
s278047,causal,0,0.75,0.40239,0.17399,ciciomt2024,3
s278047,causal,0,1.0,0.40239,0.17399,ciciomt2024,3
s278047,causal,1,0.0,0.57638,0.0,ciciomt2024,3
s278047,causal,1,0.25,0.44706,0.12932,ciciomt2024,3
s278047,causal,1,0.5,0.44706,0.12932,ciciomt2024,3
s278047,causal,1,0.75,0.44706,0.12932,ciciomt2024,3
s278047,causal,1,1.0,0.44705,0.12932,ciciomt2024,3
s278047,causal,3,0.0,0.57638,0.0,ciciomt2024,3
s278047,causal,3,0.25,0.8122,-0.23583,ciciomt2024,3
s278047,causal,3,0.5,0.95236,-0.37599,ciciomt2024,3
s278047,causal,3,0.75,0.37055,0.20583,ciciomt2024,3
s278047,causal,3,1.0,0.06034,0.51604,ciciomt2024,3
s278047,causal,8,0.0,0.57638,0.0,ciciomt2024,3
s278047,causal,8,0.25,0.45222,0.12416,ciciomt2024,3
s278047,causal,8,0.5,0.45221,0.12416,ciciomt2024,3
s278047,causal,8,0.75,0.45128,0.1251,ciciomt2024,3
s278047,causal,8,1.0,0.45123,0.12515,ciciomt2024,3
s278047,causal,15,0.0,0.57638,0.0,ciciomt2024,3
s278047,causal,15,0.25,0.13661,0.43977,ciciomt2024,3
s278047,causal,15,0.5,0.13661,0.43977,ciciomt2024,3
s278047,causal,15,0.75,0.13661,0.43977,ciciomt2024,3
s278047,causal,15,1.0,0.13661,0.43977,ciciomt2024,3
s278047,causal,31,0.0,0.57638,0.0,ciciomt2024,3
s278047,causal,31,0.25,0.4272,0.14918,ciciomt2024,3
s278047,causal,31,0.5,0.42719,0.14919,ciciomt2024,3
s278047,causal,31,0.75,0.43064,0.14574,ciciomt2024,3
s278047,causal,31,1.0,0.40987,0.16651,ciciomt2024,3
s278047,causal,34,0.0,0.57638,0.0,ciciomt2024,3
s278047,causal,34,0.25,0.56418,0.01219,ciciomt2024,3
s278047,causal,34,0.5,0.54446,0.03192,ciciomt2024,3
s278047,causal,34,0.75,0.42815,0.14823,ciciomt2024,3
s278047,causal,34,1.0,0.42815,0.14823,ciciomt2024,3
s278047,causal,36,0.0,0.57638,0.0,ciciomt2024,3
s278047,causal,36,0.25,0.45085,0.12552,ciciomt2024,3
s278047,causal,36,0.5,0.43588,0.1405,ciciomt2024,3
s278047,causal,36,0.75,0.43588,0.1405,ciciomt2024,3
s278047,causal,36,1.0,0.43588,0.1405,ciciomt2024,3
s278047,causal,38,0.0,0.57638,0.0,ciciomt2024,3
s278047,causal,38,0.25,0.57285,0.00353,ciciomt2024,3
s278047,causal,38,0.5,0.62526,-0.04888,ciciomt2024,3
s278047,causal,38,0.75,0.4598,0.11658,ciciomt2024,3
s278047,causal,38,1.0,0.35611,0.22026,ciciomt2024,3
s278047,causal,40,0.0,0.57638,0.0,ciciomt2024,3
s278047,causal,40,0.25,0.16276,0.41362,ciciomt2024,3
s278047,causal,40,0.5,0.16276,0.41362,ciciomt2024,3
s278047,causal,40,0.75,0.16276,0.41362,ciciomt2024,3
s278047,causal,40,1.0,0.16305,0.41333,ciciomt2024,3
s278047,non_causal,10,0.0,0.57638,0.0,ciciomt2024,3
s278047,non_causal,10,0.25,0.57638,0.0,ciciomt2024,3
s278047,non_causal,10,0.5,0.57638,0.0,ciciomt2024,3
s278047,non_causal,10,0.75,0.57638,0.0,ciciomt2024,3
s278047,non_causal,10,1.0,0.57638,0.0,ciciomt2024,3
s278047,non_causal,25,0.0,0.57638,0.0,ciciomt2024,3
s278047,non_causal,25,0.25,0.57638,0.0,ciciomt2024,3
s278047,non_causal,25,0.5,0.57638,0.0,ciciomt2024,3
s278047,non_causal,25,0.75,0.57638,0.0,ciciomt2024,3
s278047,non_causal,25,1.0,0.57638,0.0,ciciomt2024,3
s278047,non_causal,22,0.0,0.57638,0.0,ciciomt2024,3
s278047,non_causal,22,0.25,0.57638,0.0,ciciomt2024,3
s278047,non_causal,22,0.5,0.57638,0.0,ciciomt2024,3
s278047,non_causal,22,0.75,0.57638,0.0,ciciomt2024,3
s278047,non_causal,22,1.0,0.57638,0.0,ciciomt2024,3
s659803,causal,0,0.0,0.9125,0.0,ciciomt2024,3
s659803,causal,0,0.25,0.08693,0.82557,ciciomt2024,3
s659803,causal,0,0.5,0.08901,0.82349,ciciomt2024,3
s659803,causal,0,0.75,0.08901,0.8235,ciciomt2024,3
s659803,causal,0,1.0,0.08901,0.8235,ciciomt2024,3
s659803,causal,1,0.0,0.9125,0.0,ciciomt2024,3
s659803,causal,1,0.25,0.82874,0.08377,ciciomt2024,3
s659803,causal,1,0.5,0.82874,0.08377,ciciomt2024,3
s659803,causal,1,0.75,0.82874,0.08377,ciciomt2024,3
s659803,causal,1,1.0,0.82873,0.08377,ciciomt2024,3
s659803,causal,3,0.0,0.9125,0.0,ciciomt2024,3
s659803,causal,3,0.25,0.95361,-0.0411,ciciomt2024,3
s659803,causal,3,0.5,0.75487,0.15763,ciciomt2024,3
s659803,causal,3,0.75,0.01297,0.89953,ciciomt2024,3
s659803,causal,3,1.0,0.06193,0.85057,ciciomt2024,3
s659803,causal,8,0.0,0.9125,0.0,ciciomt2024,3
s659803,causal,8,0.25,0.82555,0.08695,ciciomt2024,3
s659803,causal,8,0.5,0.82554,0.08696,ciciomt2024,3
s659803,causal,8,0.75,0.82426,0.08825,ciciomt2024,3
s659803,causal,8,1.0,0.82419,0.08831,ciciomt2024,3
s659803,causal,15,0.0,0.9125,0.0,ciciomt2024,3
s659803,causal,15,0.25,0.49511,0.41739,ciciomt2024,3
s659803,causal,15,0.5,0.49512,0.41739,ciciomt2024,3
s659803,causal,15,0.75,0.49512,0.41739,ciciomt2024,3
s659803,causal,15,1.0,0.49512,0.41739,ciciomt2024,3
s659803,causal,31,0.0,0.9125,0.0,ciciomt2024,3
s659803,causal,31,0.25,0.86148,0.05102,ciciomt2024,3
s659803,causal,31,0.5,0.86147,0.05103,ciciomt2024,3
s659803,causal,31,0.75,0.86315,0.04936,ciciomt2024,3
s659803,causal,31,1.0,0.85279,0.05971,ciciomt2024,3
s659803,causal,34,0.0,0.9125,0.0,ciciomt2024,3
s659803,causal,34,0.25,0.90839,0.00411,ciciomt2024,3
s659803,causal,34,0.5,0.90839,0.00411,ciciomt2024,3
s659803,causal,34,0.75,0.86139,0.05111,ciciomt2024,3
s659803,causal,34,1.0,0.85574,0.05677,ciciomt2024,3
s659803,causal,36,0.0,0.9125,0.0,ciciomt2024,3
s659803,causal,36,0.25,0.85585,0.05665,ciciomt2024,3
s659803,causal,36,0.5,0.84821,0.06429,ciciomt2024,3
s659803,causal,36,0.75,0.84821,0.06429,ciciomt2024,3
s659803,causal,36,1.0,0.84821,0.06429,ciciomt2024,3
s659803,causal,38,0.0,0.9125,0.0,ciciomt2024,3
s659803,causal,38,0.25,0.92413,-0.01162,ciciomt2024,3
s659803,causal,38,0.5,0.93607,-0.02357,ciciomt2024,3
s659803,causal,38,0.75,0.89967,0.01284,ciciomt2024,3
s659803,causal,38,1.0,0.8457,0.0668,ciciomt2024,3
s659803,causal,40,0.0,0.9125,0.0,ciciomt2024,3
s659803,causal,40,0.25,0.81956,0.09294,ciciomt2024,3
s659803,causal,40,0.5,0.81956,0.09294,ciciomt2024,3
s659803,causal,40,0.75,0.81956,0.09294,ciciomt2024,3
s659803,causal,40,1.0,0.82458,0.08793,ciciomt2024,3
s659803,non_causal,6,0.0,0.9125,0.0,ciciomt2024,3
s659803,non_causal,6,0.25,0.9125,0.0,ciciomt2024,3
s659803,non_causal,6,0.5,0.9125,0.0,ciciomt2024,3
s659803,non_causal,6,0.75,0.9125,0.0,ciciomt2024,3
s659803,non_causal,6,1.0,0.9125,0.0,ciciomt2024,3
s659803,non_causal,33,0.0,0.9125,0.0,ciciomt2024,3
s659803,non_causal,33,0.25,0.90637,0.00613,ciciomt2024,3
s659803,non_causal,33,0.5,0.90373,0.00877,ciciomt2024,3
s659803,non_causal,33,0.75,0.94976,-0.03725,ciciomt2024,3
s659803,non_causal,33,1.0,0.94976,-0.03725,ciciomt2024,3
s659803,non_causal,21,0.0,0.9125,0.0,ciciomt2024,3
s659803,non_causal,21,0.25,0.9125,0.0,ciciomt2024,3
s659803,non_causal,21,0.5,0.9125,0.0,ciciomt2024,3
s659803,non_causal,21,0.75,0.9125,0.0,ciciomt2024,3
s659803,non_causal,21,1.0,0.9125,0.0,ciciomt2024,3
s179036,causal,0,0.0,0.60999,0.0,ciciomt2024,3
s179036,causal,0,0.25,0.06063,0.54936,ciciomt2024,3
s179036,causal,0,0.5,0.06212,0.54787,ciciomt2024,3
s179036,causal,0,0.75,0.06212,0.54787,ciciomt2024,3
s179036,causal,0,1.0,0.06212,0.54787,ciciomt2024,3
s179036,causal,1,0.0,0.60999,0.0,ciciomt2024,3
s179036,causal,1,0.25,0.48199,0.128,ciciomt2024,3
s179036,causal,1,0.5,0.48199,0.128,ciciomt2024,3
s179036,causal,1,0.75,0.48199,0.128,ciciomt2024,3
s179036,causal,1,1.0,0.48199,0.128,ciciomt2024,3
s179036,causal,3,0.0,0.60999,0.0,ciciomt2024,3
s179036,causal,3,0.25,0.93571,-0.32572,ciciomt2024,3
s179036,causal,3,0.5,0.89648,-0.28649,ciciomt2024,3
s179036,causal,3,0.75,0.00907,0.60092,ciciomt2024,3
s179036,causal,3,1.0,0.0355,0.57449,ciciomt2024,3
s179036,causal,8,0.0,0.60999,0.0,ciciomt2024,3
s179036,causal,8,0.25,0.50689,0.1031,ciciomt2024,3
s179036,causal,8,0.5,0.50688,0.10311,ciciomt2024,3
s179036,causal,8,0.75,0.50575,0.10424,ciciomt2024,3
s179036,causal,8,1.0,0.5057,0.10429,ciciomt2024,3
s179036,causal,15,0.0,0.60999,0.0,ciciomt2024,3
s179036,causal,15,0.25,0.12348,0.48652,ciciomt2024,3
s179036,causal,15,0.5,0.12348,0.48651,ciciomt2024,3
s179036,causal,15,0.75,0.12348,0.48651,ciciomt2024,3
s179036,causal,15,1.0,0.12348,0.48651,ciciomt2024,3
s179036,causal,31,0.0,0.60999,0.0,ciciomt2024,3
s179036,causal,31,0.25,0.5182,0.09179,ciciomt2024,3
s179036,causal,31,0.5,0.51819,0.0918,ciciomt2024,3
s179036,causal,31,0.75,0.52171,0.08828,ciciomt2024,3
s179036,causal,31,1.0,0.50041,0.10959,ciciomt2024,3
s179036,causal,34,0.0,0.60999,0.0,ciciomt2024,3
s179036,causal,34,0.25,0.59808,0.01191,ciciomt2024,3
s179036,causal,34,0.5,0.57875,0.03124,ciciomt2024,3
s179036,causal,34,0.75,0.46256,0.14743,ciciomt2024,3
s179036,causal,34,1.0,0.46256,0.14743,ciciomt2024,3
s179036,causal,36,0.0,0.60999,0.0,ciciomt2024,3
s179036,causal,36,0.25,0.43155,0.17844,ciciomt2024,3
s179036,causal,36,0.5,0.41674,0.19326,ciciomt2024,3
s179036,causal,36,0.75,0.41674,0.19326,ciciomt2024,3
s179036,causal,36,1.0,0.41674,0.19326,ciciomt2024,3
s179036,causal,38,0.0,0.60999,0.0,ciciomt2024,3
s179036,causal,38,0.25,0.6065,0.00349,ciciomt2024,3
s179036,causal,38,0.5,0.63328,-0.02329,ciciomt2024,3
s179036,causal,38,0.75,0.49451,0.11548,ciciomt2024,3
s179036,causal,38,1.0,0.38863,0.22136,ciciomt2024,3
s179036,causal,40,0.0,0.60999,0.0,ciciomt2024,3
s179036,causal,40,0.25,0.19228,0.41771,ciciomt2024,3
s179036,causal,40,0.5,0.19228,0.41771,ciciomt2024,3
s179036,causal,40,0.75,0.19228,0.41771,ciciomt2024,3
s179036,causal,40,1.0,0.19262,0.41737,ciciomt2024,3
s179036,non_causal,24,0.0,0.60999,0.0,ciciomt2024,3
s179036,non_causal,24,0.25,0.54234,0.06765,ciciomt2024,3
s179036,non_causal,24,0.5,0.10056,0.50943,ciciomt2024,3
s179036,non_causal,24,0.75,0.91371,-0.30372,ciciomt2024,3
s179036,non_causal,24,1.0,0.91367,-0.30368,ciciomt2024,3
s179036,non_causal,6,0.0,0.60999,0.0,ciciomt2024,3
s179036,non_causal,6,0.25,0.60999,0.0,ciciomt2024,3
s179036,non_causal,6,0.5,0.60999,0.0,ciciomt2024,3
s179036,non_causal,6,0.75,0.60999,0.0,ciciomt2024,3
s179036,non_causal,6,1.0,0.60999,0.0,ciciomt2024,3
s179036,non_causal,32,0.0,0.60999,0.0,ciciomt2024,3
s179036,non_causal,32,0.25,0.62646,-0.01647,ciciomt2024,3
s179036,non_causal,32,0.5,0.62632,-0.01633,ciciomt2024,3
s179036,non_causal,32,0.75,0.62632,-0.01633,ciciomt2024,3
s179036,non_causal,32,1.0,0.62632,-0.01633,ciciomt2024,3
s644624,causal,0,0.0,0.8577,0.0,ciciomt2024,3
s644624,causal,0,0.25,0.1871,0.6706,ciciomt2024,3
s644624,causal,0,0.5,0.19107,0.66663,ciciomt2024,3
s644624,causal,0,0.75,0.19107,0.66663,ciciomt2024,3
s644624,causal,0,1.0,0.19107,0.66663,ciciomt2024,3
s644624,causal,1,0.0,0.8577,0.0,ciciomt2024,3
s644624,causal,1,0.25,0.75844,0.09926,ciciomt2024,3
s644624,causal,1,0.5,0.75844,0.09926,ciciomt2024,3
s644624,causal,1,0.75,0.75844,0.09926,ciciomt2024,3
s644624,causal,1,1.0,0.75844,0.09926,ciciomt2024,3
s644624,causal,3,0.0,0.8577,0.0,ciciomt2024,3
s644624,causal,3,0.25,0.8577,0.0,ciciomt2024,3
s644624,causal,3,0.5,0.85814,-0.00044,ciciomt2024,3
s644624,causal,3,0.75,0.59673,0.26097,ciciomt2024,3
s644624,causal,3,1.0,0.0355,0.82219,ciciomt2024,3
s644624,causal,8,0.0,0.8577,0.0,ciciomt2024,3
s644624,causal,8,0.25,0.7852,0.0725,ciciomt2024,3
s644624,causal,8,0.5,0.78518,0.07252,ciciomt2024,3
s644624,causal,8,0.75,0.78357,0.07413,ciciomt2024,3
s644624,causal,8,1.0,0.78348,0.07422,ciciomt2024,3
s644624,causal,15,0.0,0.8577,0.0,ciciomt2024,3
s644624,causal,15,0.25,0.44339,0.41431,ciciomt2024,3
s644624,causal,15,0.5,0.44339,0.41431,ciciomt2024,3
s644624,causal,15,0.75,0.44339,0.41431,ciciomt2024,3
s644624,causal,15,1.0,0.44339,0.41431,ciciomt2024,3
s644624,causal,31,0.0,0.8577,0.0,ciciomt2024,3
s644624,causal,31,0.25,0.79055,0.06715,ciciomt2024,3
s644624,causal,31,0.5,0.79055,0.06715,ciciomt2024,3
s644624,causal,31,0.75,0.79287,0.06483,ciciomt2024,3
s644624,causal,31,1.0,0.77854,0.07916,ciciomt2024,3
s644624,causal,34,0.0,0.8577,0.0,ciciomt2024,3
s644624,causal,34,0.25,0.85146,0.00624,ciciomt2024,3
s644624,causal,34,0.5,0.84109,0.01661,ciciomt2024,3
s644624,causal,34,0.75,0.76834,0.08936,ciciomt2024,3
s644624,causal,34,1.0,0.76834,0.08936,ciciomt2024,3
s644624,causal,38,0.0,0.8577,0.0,ciciomt2024,3
s644624,causal,38,0.25,0.85558,0.00211,ciciomt2024,3
s644624,causal,38,0.5,0.88054,-0.02284,ciciomt2024,3
s644624,causal,38,0.75,0.79002,0.06768,ciciomt2024,3
s644624,causal,38,1.0,0.7097,0.148,ciciomt2024,3
s644624,causal,40,0.0,0.8577,0.0,ciciomt2024,3
s644624,causal,40,0.25,0.6282,0.22949,ciciomt2024,3
s644624,causal,40,0.5,0.6282,0.22949,ciciomt2024,3
s644624,causal,40,0.75,0.6282,0.22949,ciciomt2024,3
s644624,causal,40,1.0,0.6287,0.229,ciciomt2024,3
s644624,non_causal,11,0.0,0.8577,0.0,ciciomt2024,3
s644624,non_causal,11,0.25,0.8577,0.0,ciciomt2024,3
s644624,non_causal,11,0.5,0.8577,0.0,ciciomt2024,3
s644624,non_causal,11,0.75,0.8577,0.0,ciciomt2024,3
s644624,non_causal,11,1.0,0.8577,0.0,ciciomt2024,3
s644624,non_causal,13,0.0,0.8577,0.0,ciciomt2024,3
s644624,non_causal,13,0.25,0.87983,-0.02213,ciciomt2024,3
s644624,non_causal,13,0.5,0.87976,-0.02206,ciciomt2024,3
s644624,non_causal,13,0.75,0.87932,-0.02162,ciciomt2024,3
s644624,non_causal,13,1.0,0.90767,-0.04997,ciciomt2024,3
s644624,non_causal,20,0.0,0.8577,0.0,ciciomt2024,3
s644624,non_causal,20,0.25,0.8577,0.0,ciciomt2024,3
s644624,non_causal,20,0.5,0.8577,0.0,ciciomt2024,3
s644624,non_causal,20,0.75,0.8577,0.0,ciciomt2024,3
s644624,non_causal,20,1.0,0.8577,0.0,ciciomt2024,3
s259316,causal,0,0.0,0.65346,0.0,ciciomt2024,3
s259316,causal,0,0.25,0.07847,0.57499,ciciomt2024,3
s259316,causal,0,0.5,0.08037,0.5731,ciciomt2024,3
s259316,causal,0,0.75,0.08037,0.5731,ciciomt2024,3
s259316,causal,0,1.0,0.08037,0.5731,ciciomt2024,3
s259316,causal,1,0.0,0.65346,0.0,ciciomt2024,3
s259316,causal,1,0.25,0.55732,0.09614,ciciomt2024,3
s259316,causal,1,0.5,0.55732,0.09614,ciciomt2024,3
s259316,causal,1,0.75,0.55732,0.09614,ciciomt2024,3
s259316,causal,1,1.0,0.55731,0.09615,ciciomt2024,3
s259316,causal,3,0.0,0.65346,0.0,ciciomt2024,3
s259316,causal,3,0.25,0.87047,-0.21701,ciciomt2024,3
s259316,causal,3,0.5,0.95294,-0.29947,ciciomt2024,3
s259316,causal,3,0.75,0.37353,0.27993,ciciomt2024,3
s259316,causal,3,1.0,0.06106,0.5924,ciciomt2024,3
s259316,causal,8,0.0,0.65346,0.0,ciciomt2024,3
s259316,causal,8,0.25,0.53359,0.11987,ciciomt2024,3
s259316,causal,8,0.5,0.53358,0.11988,ciciomt2024,3
s259316,causal,8,0.75,0.53231,0.12116,ciciomt2024,3
s259316,causal,8,1.0,0.53224,0.12122,ciciomt2024,3
s259316,causal,15,0.0,0.65346,0.0,ciciomt2024,3
s259316,causal,15,0.25,0.17986,0.4736,ciciomt2024,3
s259316,causal,15,0.5,0.17987,0.4736,ciciomt2024,3
s259316,causal,15,0.75,0.17987,0.4736,ciciomt2024,3
s259316,causal,15,1.0,0.17987,0.4736,ciciomt2024,3
s259316,causal,31,0.0,0.65346,0.0,ciciomt2024,3
s259316,causal,31,0.25,0.5742,0.07926,ciciomt2024,3
s259316,causal,31,0.5,0.5742,0.07926,ciciomt2024,3
s259316,causal,31,0.75,0.57764,0.07583,ciciomt2024,3
s259316,causal,31,1.0,0.55672,0.09674,ciciomt2024,3
s259316,causal,34,0.0,0.65346,0.0,ciciomt2024,3
s259316,causal,34,0.25,0.64208,0.01138,ciciomt2024,3
s259316,causal,34,0.5,0.62354,0.02992,ciciomt2024,3
s259316,causal,34,0.75,0.50924,0.14422,ciciomt2024,3
s259316,causal,34,1.0,0.50924,0.14422,ciciomt2024,3
s259316,causal,36,0.0,0.65346,0.0,ciciomt2024,3
s259316,causal,36,0.25,0.46877,0.18469,ciciomt2024,3
s259316,causal,36,0.5,0.4537,0.19977,ciciomt2024,3
s259316,causal,36,0.75,0.4537,0.19977,ciciomt2024,3
s259316,causal,36,1.0,0.4537,0.19977,ciciomt2024,3
s259316,causal,38,0.0,0.65346,0.0,ciciomt2024,3
s259316,causal,38,0.25,0.65004,0.00343,ciciomt2024,3
s259316,causal,38,0.5,0.69797,-0.04451,ciciomt2024,3
s259316,causal,38,0.75,0.54109,0.11238,ciciomt2024,3
s259316,causal,38,1.0,0.43379,0.21967,ciciomt2024,3
s259316,causal,40,0.0,0.65346,0.0,ciciomt2024,3
s259316,causal,40,0.25,0.21809,0.43538,ciciomt2024,3
s259316,causal,40,0.5,0.21809,0.43538,ciciomt2024,3
s259316,causal,40,0.75,0.21809,0.43538,ciciomt2024,3
s259316,causal,40,1.0,0.21845,0.43501,ciciomt2024,3
s259316,non_causal,12,0.0,0.65346,0.0,ciciomt2024,3
s259316,non_causal,12,0.25,0.65346,0.0,ciciomt2024,3
s259316,non_causal,12,0.5,0.65346,0.0,ciciomt2024,3
s259316,non_causal,12,0.75,0.65346,0.0,ciciomt2024,3
s259316,non_causal,12,1.0,0.65346,0.0,ciciomt2024,3
s259316,non_causal,10,0.0,0.65346,0.0,ciciomt2024,3
s259316,non_causal,10,0.25,0.65346,0.0,ciciomt2024,3
s259316,non_causal,10,0.5,0.65346,0.0,ciciomt2024,3
s259316,non_causal,10,0.75,0.65346,0.0,ciciomt2024,3
s259316,non_causal,10,1.0,0.65346,0.0,ciciomt2024,3
s259316,non_causal,7,0.0,0.65346,0.0,ciciomt2024,3
s259316,non_causal,7,0.25,0.65346,0.0,ciciomt2024,3
s259316,non_causal,7,0.5,0.65346,0.0,ciciomt2024,3
s259316,non_causal,7,0.75,0.65346,0.0,ciciomt2024,3
s259316,non_causal,7,1.0,0.65346,0.0,ciciomt2024,3
s251896,causal,0,0.0,0.6302,0.0,ciciomt2024,3
s251896,causal,0,0.25,0.05539,0.57481,ciciomt2024,3
s251896,causal,0,0.5,0.05676,0.57343,ciciomt2024,3
s251896,causal,0,0.75,0.05676,0.57343,ciciomt2024,3
s251896,causal,0,1.0,0.05676,0.57343,ciciomt2024,3
s251896,causal,1,0.0,0.6302,0.0,ciciomt2024,3
s251896,causal,1,0.25,0.54169,0.08851,ciciomt2024,3
s251896,causal,1,0.5,0.54169,0.08851,ciciomt2024,3
s251896,causal,1,0.75,0.54169,0.08851,ciciomt2024,3
s251896,causal,1,1.0,0.54168,0.08851,ciciomt2024,3
s251896,causal,3,0.0,0.6302,0.0,ciciomt2024,3
s251896,causal,3,0.25,0.93225,-0.30205,ciciomt2024,3
s251896,causal,3,0.5,0.94733,-0.31713,ciciomt2024,3
s251896,causal,3,0.75,0.37353,0.25666,ciciomt2024,3
s251896,causal,3,1.0,0.06106,0.56913,ciciomt2024,3
s251896,causal,8,0.0,0.6302,0.0,ciciomt2024,3
s251896,causal,8,0.25,0.50834,0.12186,ciciomt2024,3
s251896,causal,8,0.5,0.50833,0.12187,ciciomt2024,3
s251896,causal,8,0.75,0.50715,0.12304,ciciomt2024,3
s251896,causal,8,1.0,0.50709,0.1231,ciciomt2024,3
s251896,causal,15,0.0,0.6302,0.0,ciciomt2024,3
s251896,causal,15,0.25,0.16541,0.46478,ciciomt2024,3
s251896,causal,15,0.5,0.16541,0.46478,ciciomt2024,3
s251896,causal,15,0.75,0.16541,0.46478,ciciomt2024,3
s251896,causal,15,1.0,0.16541,0.46478,ciciomt2024,3
s251896,causal,31,0.0,0.6302,0.0,ciciomt2024,3
s251896,causal,31,0.25,0.5493,0.08089,ciciomt2024,3
s251896,causal,31,0.5,0.5493,0.0809,ciciomt2024,3
s251896,causal,31,0.75,0.55278,0.07742,ciciomt2024,3
s251896,causal,31,1.0,0.53163,0.09857,ciciomt2024,3
s251896,causal,34,0.0,0.6302,0.0,ciciomt2024,3
s251896,causal,34,0.25,0.61851,0.01169,ciciomt2024,3
s251896,causal,34,0.5,0.5995,0.03069,ciciomt2024,3
s251896,causal,34,0.75,0.48394,0.14626,ciciomt2024,3
s251896,causal,34,1.0,0.48394,0.14626,ciciomt2024,3
s251896,causal,36,0.0,0.6302,0.0,ciciomt2024,3
s251896,causal,36,0.25,0.44367,0.18652,ciciomt2024,3
s251896,causal,36,0.5,0.42875,0.20144,ciciomt2024,3
s251896,causal,36,0.75,0.42875,0.20144,ciciomt2024,3
s251896,causal,36,1.0,0.42875,0.20144,ciciomt2024,3
s251896,causal,38,0.0,0.6302,0.0,ciciomt2024,3
s251896,causal,38,0.25,0.62672,0.00348,ciciomt2024,3
s251896,causal,38,0.5,0.6529,-0.02271,ciciomt2024,3
s251896,causal,38,0.75,0.5159,0.11429,ciciomt2024,3
s251896,causal,38,1.0,0.40915,0.22105,ciciomt2024,3
s251896,causal,40,0.0,0.6302,0.0,ciciomt2024,3
s251896,causal,40,0.25,0.21382,0.41638,ciciomt2024,3
s251896,causal,40,0.5,0.21382,0.41638,ciciomt2024,3
s251896,causal,40,0.75,0.21382,0.41638,ciciomt2024,3
s251896,causal,40,1.0,0.21418,0.41602,ciciomt2024,3
s251896,non_causal,37,0.0,0.6302,0.0,ciciomt2024,3
s251896,non_causal,37,0.25,0.6302,0.0,ciciomt2024,3
s251896,non_causal,37,0.5,0.6302,0.0,ciciomt2024,3
s251896,non_causal,37,0.75,0.6302,0.0,ciciomt2024,3
s251896,non_causal,37,1.0,0.6302,0.0,ciciomt2024,3
s251896,non_causal,21,0.0,0.6302,0.0,ciciomt2024,3
s251896,non_causal,21,0.25,0.6302,0.0,ciciomt2024,3
s251896,non_causal,21,0.5,0.6302,0.0,ciciomt2024,3
s251896,non_causal,21,0.75,0.6302,0.0,ciciomt2024,3
s251896,non_causal,21,1.0,0.6302,0.0,ciciomt2024,3
s251896,non_causal,4,0.0,0.6302,0.0,ciciomt2024,3
s251896,non_causal,4,0.25,0.6302,0.0,ciciomt2024,3
s251896,non_causal,4,0.5,0.6302,0.0,ciciomt2024,3
s251896,non_causal,4,0.75,0.6302,0.0,ciciomt2024,3
s251896,non_causal,4,1.0,0.6302,0.0,ciciomt2024,3
s768472,causal,0,0.0,0.57684,0.0,ciciomt2024,3
s768472,causal,0,0.25,0.28291,0.29394,ciciomt2024,3
s768472,causal,0,0.5,0.28818,0.28866,ciciomt2024,3
s768472,causal,0,0.75,0.28818,0.28866,ciciomt2024,3
s768472,causal,0,1.0,0.28818,0.28866,ciciomt2024,3
s768472,causal,1,0.0,0.57684,0.0,ciciomt2024,3
s768472,causal,1,0.25,0.40644,0.1704,ciciomt2024,3
s768472,causal,1,0.5,0.40644,0.1704,ciciomt2024,3
s768472,causal,1,0.75,0.40644,0.1704,ciciomt2024,3
s768472,causal,1,1.0,0.40644,0.1704,ciciomt2024,3
s768472,causal,3,0.0,0.57684,0.0,ciciomt2024,3
s768472,causal,3,0.25,0.77764,-0.2008,ciciomt2024,3
s768472,causal,3,0.5,0.88623,-0.30939,ciciomt2024,3
s768472,causal,3,0.75,0.1877,0.38915,ciciomt2024,3
s768472,causal,3,1.0,0.10538,0.47146,ciciomt2024,3
s768472,causal,8,0.0,0.57684,0.0,ciciomt2024,3
s768472,causal,8,0.25,0.43449,0.14235,ciciomt2024,3
s768472,causal,8,0.5,0.43448,0.14236,ciciomt2024,3
s768472,causal,8,0.75,0.43392,0.14292,ciciomt2024,3
s768472,causal,8,1.0,0.43387,0.14297,ciciomt2024,3
s768472,causal,15,0.0,0.57684,0.0,ciciomt2024,3
s768472,causal,15,0.25,0.14405,0.43279,ciciomt2024,3
s768472,causal,15,0.5,0.14405,0.43279,ciciomt2024,3
s768472,causal,15,0.75,0.14405,0.43279,ciciomt2024,3
s768472,causal,15,1.0,0.14405,0.43279,ciciomt2024,3
s768472,causal,17,0.0,0.57684,0.0,ciciomt2024,3
s768472,causal,17,0.25,0.61188,-0.03504,ciciomt2024,3
s768472,causal,17,0.5,0.47885,0.09799,ciciomt2024,3
s768472,causal,17,0.75,0.47885,0.09799,ciciomt2024,3
s768472,causal,17,1.0,0.51855,0.05829,ciciomt2024,3
s768472,causal,31,0.0,0.57684,0.0,ciciomt2024,3
s768472,causal,31,0.25,0.46033,0.11651,ciciomt2024,3
s768472,causal,31,0.5,0.46033,0.11652,ciciomt2024,3
s768472,causal,31,0.75,0.46382,0.11302,ciciomt2024,3
s768472,causal,31,1.0,0.4427,0.13414,ciciomt2024,3
s768472,causal,34,0.0,0.57684,0.0,ciciomt2024,3
s768472,causal,34,0.25,0.56465,0.0122,ciciomt2024,3
s768472,causal,34,0.5,0.54493,0.03192,ciciomt2024,3
s768472,causal,34,0.75,0.42862,0.14822,ciciomt2024,3
s768472,causal,34,1.0,0.42862,0.14822,ciciomt2024,3
s768472,causal,36,0.0,0.57684,0.0,ciciomt2024,3
s768472,causal,36,0.25,0.40929,0.16755,ciciomt2024,3
s768472,causal,36,0.5,0.39471,0.18213,ciciomt2024,3
s768472,causal,36,0.75,0.39471,0.18213,ciciomt2024,3
s768472,causal,36,1.0,0.39471,0.18213,ciciomt2024,3
s768472,causal,38,0.0,0.57684,0.0,ciciomt2024,3
s768472,causal,38,0.25,0.57328,0.00357,ciciomt2024,3
s768472,causal,38,0.5,0.62567,-0.04883,ciciomt2024,3
s768472,causal,38,0.75,0.46024,0.1166,ciciomt2024,3
s768472,causal,38,1.0,0.35652,0.22032,ciciomt2024,3
s768472,causal,40,0.0,0.57684,0.0,ciciomt2024,3
s768472,causal,40,0.25,0.20535,0.37149,ciciomt2024,3
s768472,causal,40,0.5,0.20535,0.37149,ciciomt2024,3
s768472,causal,40,0.75,0.20535,0.37149,ciciomt2024,3
s768472,causal,40,1.0,0.2057,0.37114,ciciomt2024,3
s768472,non_causal,25,0.0,0.57684,0.0,ciciomt2024,3
s768472,non_causal,25,0.25,0.57684,0.0,ciciomt2024,3
s768472,non_causal,25,0.5,0.57684,0.0,ciciomt2024,3
s768472,non_causal,25,0.75,0.57684,0.0,ciciomt2024,3
s768472,non_causal,25,1.0,0.57684,0.0,ciciomt2024,3
s768472,non_causal,11,0.0,0.57684,0.0,ciciomt2024,3
s768472,non_causal,11,0.25,0.57684,0.0,ciciomt2024,3
s768472,non_causal,11,0.5,0.57684,0.0,ciciomt2024,3
s768472,non_causal,11,0.75,0.57684,0.0,ciciomt2024,3
s768472,non_causal,11,1.0,0.57684,0.0,ciciomt2024,3
s768472,non_causal,26,0.0,0.57684,0.0,ciciomt2024,3
s768472,non_causal,26,0.25,0.57684,0.0,ciciomt2024,3
s768472,non_causal,26,0.5,0.74114,-0.1643,ciciomt2024,3
s768472,non_causal,26,0.75,0.74114,-0.1643,ciciomt2024,3
s768472,non_causal,26,1.0,0.74113,-0.16429,ciciomt2024,3
s600011,causal,0,0.0,0.95294,0.0,ciciomt2024,3
s600011,causal,0,0.25,0.11217,0.84077,ciciomt2024,3
s600011,causal,0,0.5,0.11477,0.83816,ciciomt2024,3
s600011,causal,0,0.75,0.11477,0.83817,ciciomt2024,3
s600011,causal,0,1.0,0.11477,0.83817,ciciomt2024,3
s600011,causal,3,0.0,0.95294,0.0,ciciomt2024,3
s600011,causal,3,0.25,0.89249,0.06045,ciciomt2024,3
s600011,causal,3,0.5,0.37353,0.5794,ciciomt2024,3
s600011,causal,3,0.75,0.01584,0.9371,ciciomt2024,3
s600011,causal,3,1.0,0.06106,0.89187,ciciomt2024,3
s600011,causal,8,0.0,0.95294,0.0,ciciomt2024,3
s600011,causal,8,0.25,0.90247,0.05046,ciciomt2024,3
s600011,causal,8,0.5,0.90246,0.05048,ciciomt2024,3
s600011,causal,8,0.75,0.90124,0.05169,ciciomt2024,3
s600011,causal,8,1.0,0.90118,0.05176,ciciomt2024,3
s600011,causal,15,0.0,0.95294,0.0,ciciomt2024,3
s600011,causal,15,0.25,0.75018,0.20276,ciciomt2024,3
s600011,causal,15,0.5,0.75019,0.20275,ciciomt2024,3
s600011,causal,15,0.75,0.75019,0.20275,ciciomt2024,3
s600011,causal,15,1.0,0.75019,0.20275,ciciomt2024,3
s600011,causal,40,0.0,0.95294,0.0,ciciomt2024,3
s600011,causal,40,0.25,0.88345,0.06949,ciciomt2024,3
s600011,causal,40,0.5,0.88345,0.06949,ciciomt2024,3
s600011,causal,40,0.75,0.88345,0.06949,ciciomt2024,3
s600011,causal,40,1.0,0.88693,0.06601,ciciomt2024,3
s600011,non_causal,21,0.0,0.95294,0.0,ciciomt2024,3
s600011,non_causal,21,0.25,0.95294,0.0,ciciomt2024,3
s600011,non_causal,21,0.5,0.95294,0.0,ciciomt2024,3
s600011,non_causal,21,0.75,0.95294,0.0,ciciomt2024,3
s600011,non_causal,21,1.0,0.95294,0.0,ciciomt2024,3
s600011,non_causal,2,0.0,0.95294,0.0,ciciomt2024,3
s600011,non_causal,2,0.25,0.95775,-0.00481,ciciomt2024,3
s600011,non_causal,2,0.5,0.95775,-0.00481,ciciomt2024,3
s600011,non_causal,2,0.75,0.95775,-0.00481,ciciomt2024,3
s600011,non_causal,2,1.0,0.95775,-0.00481,ciciomt2024,3
s600011,non_causal,39,0.0,0.95294,0.0,ciciomt2024,3
s600011,non_causal,39,0.25,0.97353,-0.02059,ciciomt2024,3
s600011,non_causal,39,0.5,0.97353,-0.02059,ciciomt2024,3
s600011,non_causal,39,0.75,0.97353,-0.02059,ciciomt2024,3
s600011,non_causal,39,1.0,0.97471,-0.02177,ciciomt2024,3
s644860,causal,0,0.0,0.89993,0.0,ciciomt2024,4
s644860,causal,0,0.25,0.26893,0.631,ciciomt2024,4
s644860,causal,0,0.5,0.15588,0.74405,ciciomt2024,4
s644860,causal,0,0.75,0.15588,0.74405,ciciomt2024,4
s644860,causal,0,1.0,0.15588,0.74405,ciciomt2024,4
s644860,causal,3,0.0,0.89993,0.0,ciciomt2024,4
s644860,causal,3,0.25,0.92824,-0.02831,ciciomt2024,4
s644860,causal,3,0.5,0.85441,0.04552,ciciomt2024,4
s644860,causal,3,0.75,0.05438,0.84555,ciciomt2024,4
s644860,causal,3,1.0,0.05106,0.84888,ciciomt2024,4
s644860,causal,13,0.0,0.89993,0.0,ciciomt2024,4
s644860,causal,13,0.25,0.80621,0.09372,ciciomt2024,4
s644860,causal,13,0.5,0.80621,0.09372,ciciomt2024,4
s644860,causal,13,0.75,0.80621,0.09372,ciciomt2024,4
s644860,causal,13,1.0,0.8059,0.09404,ciciomt2024,4
s644860,causal,15,0.0,0.89993,0.0,ciciomt2024,4
s644860,causal,15,0.25,0.24782,0.65211,ciciomt2024,4
s644860,causal,15,0.5,0.24715,0.65278,ciciomt2024,4
s644860,causal,15,0.75,0.24715,0.65278,ciciomt2024,4
s644860,causal,15,1.0,0.24715,0.65278,ciciomt2024,4
s644860,causal,24,0.0,0.89993,0.0,ciciomt2024,4
s644860,causal,24,0.25,0.82141,0.07853,ciciomt2024,4
s644860,causal,24,0.5,0.49007,0.40986,ciciomt2024,4
s644860,causal,24,0.75,0.514,0.38593,ciciomt2024,4
s644860,causal,24,1.0,0.63878,0.26116,ciciomt2024,4
s644860,causal,33,0.0,0.89993,0.0,ciciomt2024,4
s644860,causal,33,0.25,0.48949,0.41044,ciciomt2024,4
s644860,causal,33,0.5,0.49386,0.40608,ciciomt2024,4
s644860,causal,33,0.75,0.49618,0.40376,ciciomt2024,4
s644860,causal,33,1.0,0.52298,0.37696,ciciomt2024,4
s644860,causal,35,0.0,0.89993,0.0,ciciomt2024,4
s644860,causal,35,0.25,0.38042,0.51951,ciciomt2024,4
s644860,causal,35,0.5,0.32636,0.57358,ciciomt2024,4
s644860,causal,35,0.75,0.29508,0.60485,ciciomt2024,4
s644860,causal,35,1.0,0.29508,0.60485,ciciomt2024,4
s644860,causal,36,0.0,0.89993,0.0,ciciomt2024,4
s644860,causal,36,0.25,0.85717,0.04276,ciciomt2024,4
s644860,causal,36,0.5,0.68737,0.21256,ciciomt2024,4
s644860,causal,36,0.75,0.54762,0.35232,ciciomt2024,4
s644860,causal,36,1.0,0.43013,0.46981,ciciomt2024,4
s644860,non_causal,2,0.0,0.89993,0.0,ciciomt2024,4
s644860,non_causal,2,0.25,0.87549,0.02444,ciciomt2024,4
s644860,non_causal,2,0.5,0.95577,-0.05584,ciciomt2024,4
s644860,non_causal,2,0.75,0.97168,-0.07175,ciciomt2024,4
s644860,non_causal,2,1.0,0.97168,-0.07175,ciciomt2024,4
s644860,non_causal,14,0.0,0.89993,0.0,ciciomt2024,4
s644860,non_causal,14,0.25,0.89993,0.0,ciciomt2024,4
s644860,non_causal,14,0.5,0.89993,0.0,ciciomt2024,4
s644860,non_causal,14,0.75,0.89993,0.0,ciciomt2024,4
s644860,non_causal,14,1.0,0.89993,0.0,ciciomt2024,4
s644860,non_causal,10,0.0,0.89993,0.0,ciciomt2024,4
s644860,non_causal,10,0.25,0.89993,0.0,ciciomt2024,4
s644860,non_causal,10,0.5,0.89993,0.0,ciciomt2024,4
s644860,non_causal,10,0.75,0.89993,0.0,ciciomt2024,4
s644860,non_causal,10,1.0,0.89993,0.0,ciciomt2024,4
s598565,causal,0,0.0,0.93533,0.0,ciciomt2024,4
s598565,causal,0,0.25,0.13539,0.79994,ciciomt2024,4
s598565,causal,0,0.5,0.13538,0.79994,ciciomt2024,4
s598565,causal,0,0.75,0.13538,0.79994,ciciomt2024,4
s598565,causal,0,1.0,0.13538,0.79994,ciciomt2024,4
s598565,causal,3,0.0,0.93533,0.0,ciciomt2024,4
s598565,causal,3,0.25,0.98054,-0.04522,ciciomt2024,4
s598565,causal,3,0.5,0.8465,0.08883,ciciomt2024,4
s598565,causal,3,0.75,0.03333,0.902,ciciomt2024,4
s598565,causal,3,1.0,0.04183,0.89349,ciciomt2024,4
s598565,causal,13,0.0,0.93533,0.0,ciciomt2024,4
s598565,causal,13,0.25,0.86969,0.06563,ciciomt2024,4
s598565,causal,13,0.5,0.86969,0.06563,ciciomt2024,4
s598565,causal,13,0.75,0.86969,0.06563,ciciomt2024,4
s598565,causal,13,1.0,0.86931,0.06602,ciciomt2024,4
s598565,causal,15,0.0,0.93533,0.0,ciciomt2024,4
s598565,causal,15,0.25,0.31289,0.62244,ciciomt2024,4
s598565,causal,15,0.5,0.31146,0.62387,ciciomt2024,4
s598565,causal,15,0.75,0.31146,0.62387,ciciomt2024,4
s598565,causal,15,1.0,0.31146,0.62386,ciciomt2024,4
s598565,causal,24,0.0,0.93533,0.0,ciciomt2024,4
s598565,causal,24,0.25,0.87466,0.06067,ciciomt2024,4
s598565,causal,24,0.5,0.55922,0.3761,ciciomt2024,4
s598565,causal,24,0.75,0.45935,0.47597,ciciomt2024,4
s598565,causal,24,1.0,0.59233,0.343,ciciomt2024,4
s598565,causal,33,0.0,0.93533,0.0,ciciomt2024,4
s598565,causal,33,0.25,0.87105,0.06427,ciciomt2024,4
s598565,causal,33,0.5,0.873,0.06232,ciciomt2024,4
s598565,causal,33,0.75,0.87398,0.06135,ciciomt2024,4
s598565,causal,33,1.0,0.88532,0.05001,ciciomt2024,4
s598565,causal,35,0.0,0.93533,0.0,ciciomt2024,4
s598565,causal,35,0.25,0.56621,0.36912,ciciomt2024,4
s598565,causal,35,0.5,0.50737,0.42796,ciciomt2024,4
s598565,causal,35,0.75,0.47087,0.46445,ciciomt2024,4
s598565,causal,35,1.0,0.47087,0.46445,ciciomt2024,4
s598565,causal,36,0.0,0.93533,0.0,ciciomt2024,4
s598565,causal,36,0.25,0.90787,0.02746,ciciomt2024,4
s598565,causal,36,0.5,0.78865,0.14668,ciciomt2024,4
s598565,causal,36,0.75,0.68347,0.25186,ciciomt2024,4
s598565,causal,36,1.0,0.57384,0.36148,ciciomt2024,4
s598565,non_causal,22,0.0,0.93533,0.0,ciciomt2024,4
s598565,non_causal,22,0.25,0.93533,0.0,ciciomt2024,4
s598565,non_causal,22,0.5,0.93533,0.0,ciciomt2024,4
s598565,non_causal,22,0.75,0.93533,0.0,ciciomt2024,4
s598565,non_causal,22,1.0,0.93533,0.0,ciciomt2024,4
s598565,non_causal,12,0.0,0.93533,0.0,ciciomt2024,4
s598565,non_causal,12,0.25,0.93533,0.0,ciciomt2024,4
s598565,non_causal,12,0.5,0.93533,0.0,ciciomt2024,4
s598565,non_causal,12,0.75,0.93533,0.0,ciciomt2024,4
s598565,non_causal,12,1.0,0.93533,0.0,ciciomt2024,4
s598565,non_causal,11,0.0,0.93533,0.0,ciciomt2024,4
s598565,non_causal,11,0.25,0.93533,0.0,ciciomt2024,4
s598565,non_causal,11,0.5,0.93533,0.0,ciciomt2024,4
s598565,non_causal,11,0.75,0.93533,0.0,ciciomt2024,4
s598565,non_causal,11,1.0,0.93533,0.0,ciciomt2024,4
s581190,causal,0,0.0,0.97172,0.0,ciciomt2024,4
s581190,causal,0,0.25,0.38792,0.5838,ciciomt2024,4
s581190,causal,0,0.5,0.19855,0.77317,ciciomt2024,4
s581190,causal,0,0.75,0.19855,0.77317,ciciomt2024,4
s581190,causal,0,1.0,0.19855,0.77317,ciciomt2024,4
s581190,causal,3,0.0,0.97172,0.0,ciciomt2024,4
s581190,causal,3,0.25,0.95792,0.0138,ciciomt2024,4
s581190,causal,3,0.5,0.35798,0.61374,ciciomt2024,4
s581190,causal,3,0.75,0.09492,0.8768,ciciomt2024,4
s581190,causal,3,1.0,0.05451,0.91721,ciciomt2024,4
s581190,causal,13,0.0,0.97172,0.0,ciciomt2024,4
s581190,causal,13,0.25,0.91329,0.05843,ciciomt2024,4
s581190,causal,13,0.5,0.91329,0.05843,ciciomt2024,4
s581190,causal,13,0.75,0.91329,0.05843,ciciomt2024,4
s581190,causal,13,1.0,0.91285,0.05887,ciciomt2024,4
s581190,causal,15,0.0,0.97172,0.0,ciciomt2024,4
s581190,causal,15,0.25,0.49083,0.4809,ciciomt2024,4
s581190,causal,15,0.5,0.48871,0.48301,ciciomt2024,4
s581190,causal,15,0.75,0.48871,0.48301,ciciomt2024,4
s581190,causal,15,1.0,0.48872,0.483,ciciomt2024,4
s581190,causal,24,0.0,0.97172,0.0,ciciomt2024,4
s581190,causal,24,0.25,0.94311,0.02861,ciciomt2024,4
s581190,causal,24,0.5,0.7427,0.22902,ciciomt2024,4
s581190,causal,24,0.75,0.51976,0.45196,ciciomt2024,4
s581190,causal,24,1.0,0.64816,0.32356,ciciomt2024,4
s581190,causal,35,0.0,0.97172,0.0,ciciomt2024,4
s581190,causal,35,0.25,0.87657,0.09515,ciciomt2024,4
s581190,causal,35,0.5,0.84858,0.12314,ciciomt2024,4
s581190,causal,35,0.75,0.82885,0.14287,ciciomt2024,4
s581190,causal,35,1.0,0.82885,0.14287,ciciomt2024,4
s581190,causal,36,0.0,0.97172,0.0,ciciomt2024,4
s581190,causal,36,0.25,0.97149,0.00023,ciciomt2024,4
s581190,causal,36,0.5,0.93587,0.03585,ciciomt2024,4
s581190,causal,36,0.75,0.89375,0.07797,ciciomt2024,4
s581190,causal,36,1.0,0.84,0.13172,ciciomt2024,4
s581190,non_causal,19,0.0,0.97172,0.0,ciciomt2024,4
s581190,non_causal,19,0.25,0.97172,0.0,ciciomt2024,4
s581190,non_causal,19,0.5,0.97172,0.0,ciciomt2024,4
s581190,non_causal,19,0.75,0.97172,0.0,ciciomt2024,4
s581190,non_causal,19,1.0,0.97172,0.0,ciciomt2024,4
s581190,non_causal,18,0.0,0.97172,0.0,ciciomt2024,4
s581190,non_causal,18,0.25,0.97172,0.0,ciciomt2024,4
s581190,non_causal,18,0.5,0.97172,0.0,ciciomt2024,4
s581190,non_causal,18,0.75,0.97172,0.0,ciciomt2024,4
s581190,non_causal,18,1.0,0.97172,0.0,ciciomt2024,4
s581190,non_causal,37,0.0,0.97172,0.0,ciciomt2024,4
s581190,non_causal,37,0.25,0.97172,0.0,ciciomt2024,4
s581190,non_causal,37,0.5,0.97172,0.0,ciciomt2024,4
s581190,non_causal,37,0.75,0.97172,0.0,ciciomt2024,4
s581190,non_causal,37,1.0,0.97172,0.0,ciciomt2024,4
s754123,causal,0,0.0,0.96062,0.0,ciciomt2024,4
s754123,causal,0,0.25,0.54911,0.41151,ciciomt2024,4
s754123,causal,0,0.5,0.54909,0.41153,ciciomt2024,4
s754123,causal,0,0.75,0.54909,0.41153,ciciomt2024,4
s754123,causal,0,1.0,0.54909,0.41153,ciciomt2024,4
s754123,causal,3,0.0,0.96062,0.0,ciciomt2024,4
s754123,causal,3,0.25,0.96062,0.0,ciciomt2024,4
s754123,causal,3,0.5,0.96037,0.00025,ciciomt2024,4
s754123,causal,3,0.75,0.96007,0.00055,ciciomt2024,4
s754123,causal,3,1.0,0.06158,0.89904,ciciomt2024,4
s754123,causal,13,0.0,0.96062,0.0,ciciomt2024,4
s754123,causal,13,0.25,0.89647,0.06415,ciciomt2024,4
s754123,causal,13,0.5,0.89647,0.06415,ciciomt2024,4
s754123,causal,13,0.75,0.89647,0.06415,ciciomt2024,4
s754123,causal,13,1.0,0.89624,0.06438,ciciomt2024,4
s754123,causal,15,0.0,0.96062,0.0,ciciomt2024,4
s754123,causal,15,0.25,0.38158,0.57904,ciciomt2024,4
s754123,causal,15,0.5,0.37965,0.58097,ciciomt2024,4
s754123,causal,15,0.75,0.37965,0.58097,ciciomt2024,4
s754123,causal,15,1.0,0.37965,0.58097,ciciomt2024,4
s754123,causal,24,0.0,0.96062,0.0,ciciomt2024,4
s754123,causal,24,0.25,0.92578,0.03483,ciciomt2024,4
s754123,causal,24,0.5,0.68872,0.2719,ciciomt2024,4
s754123,causal,24,0.75,0.52411,0.43651,ciciomt2024,4
s754123,causal,24,1.0,0.64528,0.31534,ciciomt2024,4
s754123,causal,33,0.0,0.96062,0.0,ciciomt2024,4
s754123,causal,33,0.25,0.87001,0.0906,ciciomt2024,4
s754123,causal,33,0.5,0.87198,0.08864,ciciomt2024,4
s754123,causal,33,0.75,0.8668,0.09382,ciciomt2024,4
s754123,causal,33,1.0,0.87869,0.08193,ciciomt2024,4
s754123,causal,35,0.0,0.96062,0.0,ciciomt2024,4
s754123,causal,35,0.25,0.66253,0.29809,ciciomt2024,4
s754123,causal,35,0.5,0.6077,0.35292,ciciomt2024,4
s754123,causal,35,0.75,0.57239,0.38823,ciciomt2024,4
s754123,causal,35,1.0,0.57239,0.38823,ciciomt2024,4
s754123,causal,36,0.0,0.96062,0.0,ciciomt2024,4
s754123,causal,36,0.25,0.91033,0.05029,ciciomt2024,4
s754123,causal,36,0.5,0.8226,0.13802,ciciomt2024,4
s754123,causal,36,0.75,0.70319,0.25743,ciciomt2024,4
s754123,causal,36,1.0,0.59663,0.36399,ciciomt2024,4
s754123,non_causal,5,0.0,0.96062,0.0,ciciomt2024,4
s754123,non_causal,5,0.25,0.96062,0.0,ciciomt2024,4
s754123,non_causal,5,0.5,0.96062,0.0,ciciomt2024,4
s754123,non_causal,5,0.75,0.96062,0.0,ciciomt2024,4
s754123,non_causal,5,1.0,0.96062,0.0,ciciomt2024,4
s754123,non_causal,19,0.0,0.96062,0.0,ciciomt2024,4
s754123,non_causal,19,0.25,0.96062,0.0,ciciomt2024,4
s754123,non_causal,19,0.5,0.96062,0.0,ciciomt2024,4
s754123,non_causal,19,0.75,0.96062,0.0,ciciomt2024,4
s754123,non_causal,19,1.0,0.96062,0.0,ciciomt2024,4
s754123,non_causal,32,0.0,0.96062,0.0,ciciomt2024,4
s754123,non_causal,32,0.25,0.96845,-0.00783,ciciomt2024,4
s754123,non_causal,32,0.5,0.96845,-0.00783,ciciomt2024,4
s754123,non_causal,32,0.75,0.96845,-0.00783,ciciomt2024,4
s754123,non_causal,32,1.0,0.96844,-0.00782,ciciomt2024,4
s766274,causal,0,0.0,0.89891,0.0,ciciomt2024,4
s766274,causal,0,0.25,0.15402,0.74489,ciciomt2024,4
s766274,causal,0,0.5,0.15401,0.74489,ciciomt2024,4
s766274,causal,0,0.75,0.15401,0.74489,ciciomt2024,4
s766274,causal,0,1.0,0.15401,0.74489,ciciomt2024,4
s766274,causal,3,0.0,0.89891,0.0,ciciomt2024,4
s766274,causal,3,0.25,0.97479,-0.07589,ciciomt2024,4
s766274,causal,3,0.5,0.96047,-0.06156,ciciomt2024,4
s766274,causal,3,0.75,0.24509,0.65381,ciciomt2024,4
s766274,causal,3,1.0,0.04183,0.85707,ciciomt2024,4
s766274,causal,13,0.0,0.89891,0.0,ciciomt2024,4
s766274,causal,13,0.25,0.80419,0.09472,ciciomt2024,4
s766274,causal,13,0.5,0.80419,0.09472,ciciomt2024,4
s766274,causal,13,0.75,0.80419,0.09472,ciciomt2024,4
s766274,causal,13,1.0,0.80384,0.09507,ciciomt2024,4
s766274,causal,15,0.0,0.89891,0.0,ciciomt2024,4
s766274,causal,15,0.25,0.25067,0.64824,ciciomt2024,4
s766274,causal,15,0.5,0.24971,0.6492,ciciomt2024,4
s766274,causal,15,0.75,0.24971,0.6492,ciciomt2024,4
s766274,causal,15,1.0,0.24971,0.6492,ciciomt2024,4
s766274,causal,24,0.0,0.89891,0.0,ciciomt2024,4
s766274,causal,24,0.25,0.81973,0.07917,ciciomt2024,4
s766274,causal,24,0.5,0.48038,0.41852,ciciomt2024,4
s766274,causal,24,0.75,0.48913,0.40978,ciciomt2024,4
s766274,causal,24,1.0,0.61504,0.28386,ciciomt2024,4
s766274,causal,33,0.0,0.89891,0.0,ciciomt2024,4
s766274,causal,33,0.25,0.37623,0.52267,ciciomt2024,4
s766274,causal,33,0.5,0.38034,0.51856,ciciomt2024,4
s766274,causal,33,0.75,0.38254,0.51636,ciciomt2024,4
s766274,causal,33,1.0,0.40818,0.49072,ciciomt2024,4
s766274,causal,35,0.0,0.89891,0.0,ciciomt2024,4
s766274,causal,35,0.25,0.48702,0.41188,ciciomt2024,4
s766274,causal,35,0.5,0.42828,0.47063,ciciomt2024,4
s766274,causal,35,0.75,0.39294,0.50597,ciciomt2024,4
s766274,causal,35,1.0,0.39294,0.50597,ciciomt2024,4
s766274,causal,36,0.0,0.89891,0.0,ciciomt2024,4
s766274,causal,36,0.25,0.83007,0.06884,ciciomt2024,4
s766274,causal,36,0.5,0.69022,0.20869,ciciomt2024,4
s766274,causal,36,0.75,0.56316,0.33575,ciciomt2024,4
s766274,causal,36,1.0,0.44562,0.45328,ciciomt2024,4
s766274,causal,39,0.0,0.89891,0.0,ciciomt2024,4
s766274,causal,39,0.25,0.86243,0.03648,ciciomt2024,4
s766274,causal,39,0.5,0.86243,0.03648,ciciomt2024,4
s766274,causal,39,0.75,0.8518,0.04711,ciciomt2024,4
s766274,causal,39,1.0,0.8464,0.05251,ciciomt2024,4
s766274,non_causal,28,0.0,0.89891,0.0,ciciomt2024,4
s766274,non_causal,28,0.25,0.89891,0.0,ciciomt2024,4
s766274,non_causal,28,0.5,0.89891,0.0,ciciomt2024,4
s766274,non_causal,28,0.75,0.89891,0.0,ciciomt2024,4
s766274,non_causal,28,1.0,0.89891,0.0,ciciomt2024,4
s766274,non_causal,1,0.0,0.89891,0.0,ciciomt2024,4
s766274,non_causal,1,0.25,0.91813,-0.01922,ciciomt2024,4
s766274,non_causal,1,0.5,0.91813,-0.01922,ciciomt2024,4
s766274,non_causal,1,0.75,0.95732,-0.05842,ciciomt2024,4
s766274,non_causal,1,1.0,0.95732,-0.05842,ciciomt2024,4
s766274,non_causal,30,0.0,0.89891,0.0,ciciomt2024,4
s766274,non_causal,30,0.25,0.89891,0.0,ciciomt2024,4
s766274,non_causal,30,0.5,0.89891,0.0,ciciomt2024,4
s766274,non_causal,30,0.75,0.89891,0.0,ciciomt2024,4
s766274,non_causal,30,1.0,0.89891,0.0,ciciomt2024,4
s308803,causal,0,0.0,0.9537,0.0,ciciomt2024,4
s308803,causal,0,0.25,0.11629,0.83742,ciciomt2024,4
s308803,causal,0,0.5,0.11628,0.83742,ciciomt2024,4
s308803,causal,0,0.75,0.11628,0.83742,ciciomt2024,4
s308803,causal,0,1.0,0.11628,0.83742,ciciomt2024,4
s308803,causal,3,0.0,0.9537,0.0,ciciomt2024,4
s308803,causal,3,0.25,0.98315,-0.02945,ciciomt2024,4
s308803,causal,3,0.5,0.8648,0.0889,ciciomt2024,4
s308803,causal,3,0.75,0.16359,0.79012,ciciomt2024,4
s308803,causal,3,1.0,0.08899,0.86471,ciciomt2024,4
s308803,causal,13,0.0,0.9537,0.0,ciciomt2024,4
s308803,causal,13,0.25,0.90416,0.04955,ciciomt2024,4
s308803,causal,13,0.5,0.90416,0.04955,ciciomt2024,4
s308803,causal,13,0.75,0.90416,0.04955,ciciomt2024,4
s308803,causal,13,1.0,0.9037,0.05,ciciomt2024,4
s308803,causal,15,0.0,0.9537,0.0,ciciomt2024,4
s308803,causal,15,0.25,0.35486,0.59885,ciciomt2024,4
s308803,causal,15,0.5,0.35321,0.60049,ciciomt2024,4
s308803,causal,15,0.75,0.35321,0.60049,ciciomt2024,4
s308803,causal,15,1.0,0.35321,0.60049,ciciomt2024,4
s308803,causal,24,0.0,0.9537,0.0,ciciomt2024,4
s308803,causal,24,0.25,0.90859,0.04512,ciciomt2024,4
s308803,causal,24,0.5,0.63978,0.31392,ciciomt2024,4
s308803,causal,24,0.75,0.47959,0.47411,ciciomt2024,4
s308803,causal,24,1.0,0.61213,0.34157,ciciomt2024,4
s308803,causal,35,0.0,0.9537,0.0,ciciomt2024,4
s308803,causal,35,0.25,0.65877,0.29493,ciciomt2024,4
s308803,causal,35,0.5,0.6037,0.35001,ciciomt2024,4
s308803,causal,35,0.75,0.56827,0.38543,ciciomt2024,4
s308803,causal,35,1.0,0.56827,0.38543,ciciomt2024,4
s308803,causal,36,0.0,0.9537,0.0,ciciomt2024,4
s308803,causal,36,0.25,0.94919,0.00452,ciciomt2024,4
s308803,causal,36,0.5,0.87619,0.07751,ciciomt2024,4
s308803,causal,36,0.75,0.78421,0.16949,ciciomt2024,4
s308803,causal,36,1.0,0.6939,0.2598,ciciomt2024,4
s308803,non_causal,29,0.0,0.9537,0.0,ciciomt2024,4
s308803,non_causal,29,0.25,0.9537,0.0,ciciomt2024,4
s308803,non_causal,29,0.5,0.9537,0.0,ciciomt2024,4
s308803,non_causal,29,0.75,0.9537,0.0,ciciomt2024,4
s308803,non_causal,29,1.0,0.9537,0.0,ciciomt2024,4
s308803,non_causal,21,0.0,0.9537,0.0,ciciomt2024,4
s308803,non_causal,21,0.25,0.9537,0.0,ciciomt2024,4
s308803,non_causal,21,0.5,0.9537,0.0,ciciomt2024,4
s308803,non_causal,21,0.75,0.9537,0.0,ciciomt2024,4
s308803,non_causal,21,1.0,0.9537,0.0,ciciomt2024,4
s308803,non_causal,32,0.0,0.9537,0.0,ciciomt2024,4
s308803,non_causal,32,0.25,0.96621,-0.01251,ciciomt2024,4
s308803,non_causal,32,0.5,0.96621,-0.0125,ciciomt2024,4
s308803,non_causal,32,0.75,0.96621,-0.0125,ciciomt2024,4
s308803,non_causal,32,1.0,0.9662,-0.0125,ciciomt2024,4
s598734,causal,0,0.0,0.90393,0.0,ciciomt2024,4
s598734,causal,0,0.25,0.15128,0.75265,ciciomt2024,4
s598734,causal,0,0.5,0.15127,0.75266,ciciomt2024,4
s598734,causal,0,0.75,0.15127,0.75266,ciciomt2024,4
s598734,causal,0,1.0,0.15127,0.75266,ciciomt2024,4
s598734,causal,3,0.0,0.90393,0.0,ciciomt2024,4
s598734,causal,3,0.25,0.97674,-0.07281,ciciomt2024,4
s598734,causal,3,0.5,0.95867,-0.05474,ciciomt2024,4
s598734,causal,3,0.75,0.39634,0.50759,ciciomt2024,4
s598734,causal,3,1.0,0.08869,0.81524,ciciomt2024,4
s598734,causal,13,0.0,0.90393,0.0,ciciomt2024,4
s598734,causal,13,0.25,0.81181,0.09212,ciciomt2024,4
s598734,causal,13,0.5,0.81181,0.09212,ciciomt2024,4
s598734,causal,13,0.75,0.81181,0.09212,ciciomt2024,4
s598734,causal,13,1.0,0.81143,0.0925,ciciomt2024,4
s598734,causal,15,0.0,0.90393,0.0,ciciomt2024,4
s598734,causal,15,0.25,0.24609,0.65785,ciciomt2024,4
s598734,causal,15,0.5,0.24509,0.65884,ciciomt2024,4
s598734,causal,15,0.75,0.24509,0.65884,ciciomt2024,4
s598734,causal,15,1.0,0.2451,0.65884,ciciomt2024,4
s598734,causal,24,0.0,0.90393,0.0,ciciomt2024,4
s598734,causal,24,0.25,0.82794,0.07599,ciciomt2024,4
s598734,causal,24,0.5,0.4923,0.41163,ciciomt2024,4
s598734,causal,24,0.75,0.4634,0.44054,ciciomt2024,4
s598734,causal,24,1.0,0.59243,0.31151,ciciomt2024,4
s598734,causal,33,0.0,0.90393,0.0,ciciomt2024,4
s598734,causal,33,0.25,0.52578,0.37815,ciciomt2024,4
s598734,causal,33,0.5,0.53013,0.3738,ciciomt2024,4
s598734,causal,33,0.75,0.53244,0.37149,ciciomt2024,4
s598734,causal,33,1.0,0.55902,0.34491,ciciomt2024,4
s598734,causal,35,0.0,0.90393,0.0,ciciomt2024,4
s598734,causal,35,0.25,0.4343,0.46963,ciciomt2024,4
s598734,causal,35,0.5,0.37724,0.52669,ciciomt2024,4
s598734,causal,35,0.75,0.34358,0.56035,ciciomt2024,4
s598734,causal,35,1.0,0.34358,0.56035,ciciomt2024,4
s598734,causal,36,0.0,0.90393,0.0,ciciomt2024,4
s598734,causal,36,0.25,0.85666,0.04727,ciciomt2024,4
s598734,causal,36,0.5,0.73165,0.17228,ciciomt2024,4
s598734,causal,36,0.75,0.58331,0.32062,ciciomt2024,4
s598734,causal,36,1.0,0.4661,0.43783,ciciomt2024,4
s598734,non_causal,8,0.0,0.90393,0.0,ciciomt2024,4
s598734,non_causal,8,0.25,0.9589,-0.05497,ciciomt2024,4
s598734,non_causal,8,0.5,0.97115,-0.06722,ciciomt2024,4
s598734,non_causal,8,0.75,0.97114,-0.06721,ciciomt2024,4
s598734,non_causal,8,1.0,0.97112,-0.06719,ciciomt2024,4
s598734,non_causal,25,0.0,0.90393,0.0,ciciomt2024,4
s598734,non_causal,25,0.25,0.90393,0.0,ciciomt2024,4
s598734,non_causal,25,0.5,0.90393,0.0,ciciomt2024,4
s598734,non_causal,25,0.75,0.90393,0.0,ciciomt2024,4
s598734,non_causal,25,1.0,0.90393,0.0,ciciomt2024,4
s598734,non_causal,10,0.0,0.90393,0.0,ciciomt2024,4
s598734,non_causal,10,0.25,0.90393,0.0,ciciomt2024,4
s598734,non_causal,10,0.5,0.90393,0.0,ciciomt2024,4
s598734,non_causal,10,0.75,0.90393,0.0,ciciomt2024,4
s598734,non_causal,10,1.0,0.90393,0.0,ciciomt2024,4
s701522,causal,0,0.0,0.9589,0.0,ciciomt2024,4
s701522,causal,0,0.25,0.12689,0.83201,ciciomt2024,4
s701522,causal,0,0.5,0.12688,0.83201,ciciomt2024,4
s701522,causal,0,0.75,0.12688,0.83201,ciciomt2024,4
s701522,causal,0,1.0,0.12688,0.83201,ciciomt2024,4
s701522,causal,3,0.0,0.9589,0.0,ciciomt2024,4
s701522,causal,3,0.25,0.96817,-0.00927,ciciomt2024,4
s701522,causal,3,0.5,0.68412,0.27478,ciciomt2024,4
s701522,causal,3,0.75,0.06736,0.89154,ciciomt2024,4
s701522,causal,3,1.0,0.08988,0.86902,ciciomt2024,4
s701522,causal,15,0.0,0.9589,0.0,ciciomt2024,4
s701522,causal,15,0.25,0.58039,0.37851,ciciomt2024,4
s701522,causal,15,0.5,0.57704,0.38186,ciciomt2024,4
s701522,causal,15,0.75,0.57704,0.38186,ciciomt2024,4
s701522,causal,15,1.0,0.57704,0.38186,ciciomt2024,4
s701522,causal,24,0.0,0.9589,0.0,ciciomt2024,4
s701522,causal,24,0.25,0.91841,0.04049,ciciomt2024,4
s701522,causal,24,0.5,0.66366,0.29524,ciciomt2024,4
s701522,causal,24,0.75,0.51884,0.44006,ciciomt2024,4
s701522,causal,24,1.0,0.629,0.32989,ciciomt2024,4
s701522,causal,35,0.0,0.9589,0.0,ciciomt2024,4
s701522,causal,35,0.25,0.81415,0.14475,ciciomt2024,4
s701522,causal,35,0.5,0.77562,0.18328,ciciomt2024,4
s701522,causal,35,0.75,0.74918,0.20972,ciciomt2024,4
s701522,causal,35,1.0,0.74918,0.20972,ciciomt2024,4
s701522,causal,36,0.0,0.9589,0.0,ciciomt2024,4
s701522,causal,36,0.25,0.946,0.0129,ciciomt2024,4
s701522,causal,36,0.5,0.88373,0.07516,ciciomt2024,4
s701522,causal,36,0.75,0.83701,0.12189,ciciomt2024,4
s701522,causal,36,1.0,0.77052,0.18838,ciciomt2024,4
s701522,non_causal,33,0.0,0.9589,0.0,ciciomt2024,4
s701522,non_causal,33,0.25,0.93619,0.02271,ciciomt2024,4
s701522,non_causal,33,0.5,0.93723,0.02167,ciciomt2024,4
s701522,non_causal,33,0.75,0.93773,0.02116,ciciomt2024,4
s701522,non_causal,33,1.0,0.9437,0.0152,ciciomt2024,4
s701522,non_causal,41,0.0,0.9589,0.0,ciciomt2024,4
s701522,non_causal,41,0.25,0.91629,0.04261,ciciomt2024,4
s701522,non_causal,41,0.5,0.94256,0.01634,ciciomt2024,4
s701522,non_causal,41,0.75,0.92027,0.03863,ciciomt2024,4
s701522,non_causal,41,1.0,0.95475,0.00415,ciciomt2024,4
s701522,non_causal,34,0.0,0.9589,0.0,ciciomt2024,4
s701522,non_causal,34,0.25,0.93759,0.02131,ciciomt2024,4
s701522,non_causal,34,0.5,0.93759,0.02131,ciciomt2024,4
s701522,non_causal,34,0.75,0.93759,0.02131,ciciomt2024,4
s701522,non_causal,34,1.0,0.93758,0.02132,ciciomt2024,4
s769429,causal,0,0.0,0.80733,0.0,ciciomt2024,4
s769429,causal,0,0.25,0.55495,0.25238,ciciomt2024,4
s769429,causal,0,0.5,0.38079,0.42655,ciciomt2024,4
s769429,causal,0,0.75,0.38079,0.42655,ciciomt2024,4
s769429,causal,0,1.0,0.38079,0.42655,ciciomt2024,4
s769429,causal,3,0.0,0.80733,0.0,ciciomt2024,4
s769429,causal,3,0.25,0.94276,-0.13543,ciciomt2024,4
s769429,causal,3,0.5,0.97959,-0.17225,ciciomt2024,4
s769429,causal,3,0.75,0.39538,0.41195,ciciomt2024,4
s769429,causal,3,1.0,0.06876,0.73858,ciciomt2024,4
s769429,causal,13,0.0,0.80733,0.0,ciciomt2024,4
s769429,causal,13,0.25,0.6599,0.14744,ciciomt2024,4
s769429,causal,13,0.5,0.6599,0.14744,ciciomt2024,4
s769429,causal,13,0.75,0.6599,0.14744,ciciomt2024,4
s769429,causal,13,1.0,0.65962,0.14771,ciciomt2024,4
s769429,causal,15,0.0,0.80733,0.0,ciciomt2024,4
s769429,causal,15,0.25,0.14588,0.66145,ciciomt2024,4
s769429,causal,15,0.5,0.14554,0.6618,ciciomt2024,4
s769429,causal,15,0.75,0.14554,0.6618,ciciomt2024,4
s769429,causal,15,1.0,0.14554,0.6618,ciciomt2024,4
s769429,causal,24,0.0,0.80733,0.0,ciciomt2024,4
s769429,causal,24,0.25,0.68184,0.1255,ciciomt2024,4
s769429,causal,24,0.5,0.30708,0.50025,ciciomt2024,4
s769429,causal,24,0.75,0.40455,0.40278,ciciomt2024,4
s769429,causal,24,1.0,0.542,0.26534,ciciomt2024,4
s769429,causal,33,0.0,0.80733,0.0,ciciomt2024,4
s769429,causal,33,0.25,0.31582,0.49152,ciciomt2024,4
s769429,causal,33,0.5,0.3196,0.48773,ciciomt2024,4
s769429,causal,33,0.75,0.32011,0.48723,ciciomt2024,4
s769429,causal,33,1.0,0.34389,0.46344,ciciomt2024,4
s769429,causal,35,0.0,0.80733,0.0,ciciomt2024,4
s769429,causal,35,0.25,0.25744,0.54989,ciciomt2024,4
s769429,causal,35,0.5,0.21479,0.59254,ciciomt2024,4
s769429,causal,35,0.75,0.19117,0.61616,ciciomt2024,4
s769429,causal,35,1.0,0.19117,0.61616,ciciomt2024,4
s769429,causal,36,0.0,0.80733,0.0,ciciomt2024,4
s769429,causal,36,0.25,0.6653,0.14204,ciciomt2024,4
s769429,causal,36,0.5,0.47548,0.33185,ciciomt2024,4
s769429,causal,36,0.75,0.33291,0.47443,ciciomt2024,4
s769429,causal,36,1.0,0.2373,0.57004,ciciomt2024,4
s769429,non_causal,38,0.0,0.80733,0.0,ciciomt2024,4
s769429,non_causal,38,0.25,0.80571,0.00162,ciciomt2024,4
s769429,non_causal,38,0.5,0.8058,0.00154,ciciomt2024,4
s769429,non_causal,38,0.75,0.80568,0.00165,ciciomt2024,4
s769429,non_causal,38,1.0,0.80563,0.0017,ciciomt2024,4
s769429,non_causal,26,0.0,0.80733,0.0,ciciomt2024,4
s769429,non_causal,26,0.25,0.80733,0.0,ciciomt2024,4
s769429,non_causal,26,0.5,0.80733,0.0,ciciomt2024,4
s769429,non_causal,26,0.75,0.80733,1e-05,ciciomt2024,4
s769429,non_causal,26,1.0,0.80733,1e-05,ciciomt2024,4
s769429,non_causal,20,0.0,0.80733,0.0,ciciomt2024,4
s769429,non_causal,20,0.25,0.80733,0.0,ciciomt2024,4
s769429,non_causal,20,0.5,0.80733,0.0,ciciomt2024,4
s769429,non_causal,20,0.75,0.80733,0.0,ciciomt2024,4
s769429,non_causal,20,1.0,0.80733,0.0,ciciomt2024,4
s312703,causal,0,0.0,0.89559,0.0,ciciomt2024,4
s312703,causal,0,0.25,0.19147,0.70413,ciciomt2024,4
s312703,causal,0,0.5,0.19146,0.70413,ciciomt2024,4
s312703,causal,0,0.75,0.19146,0.70413,ciciomt2024,4
s312703,causal,0,1.0,0.19146,0.70413,ciciomt2024,4
s312703,causal,3,0.0,0.89559,0.0,ciciomt2024,4
s312703,causal,3,0.25,0.96691,-0.07132,ciciomt2024,4
s312703,causal,3,0.5,0.971,-0.07541,ciciomt2024,4
s312703,causal,3,0.75,0.46285,0.43275,ciciomt2024,4
s312703,causal,3,1.0,0.06018,0.83542,ciciomt2024,4
s312703,causal,13,0.0,0.89559,0.0,ciciomt2024,4
s312703,causal,13,0.25,0.79732,0.09828,ciciomt2024,4
s312703,causal,13,0.5,0.79732,0.09828,ciciomt2024,4
s312703,causal,13,0.75,0.79732,0.09828,ciciomt2024,4
s312703,causal,13,1.0,0.79696,0.09863,ciciomt2024,4
s312703,causal,15,0.0,0.89559,0.0,ciciomt2024,4
s312703,causal,15,0.25,0.22747,0.66812,ciciomt2024,4
s312703,causal,15,0.5,0.22664,0.66895,ciciomt2024,4
s312703,causal,15,0.75,0.22664,0.66895,ciciomt2024,4
s312703,causal,15,1.0,0.22664,0.66895,ciciomt2024,4
s312703,causal,24,0.0,0.89559,0.0,ciciomt2024,4
s312703,causal,24,0.25,0.81436,0.08123,ciciomt2024,4
s312703,causal,24,0.5,0.47566,0.41994,ciciomt2024,4
s312703,causal,24,0.75,0.49266,0.40293,ciciomt2024,4
s312703,causal,24,1.0,0.61895,0.27665,ciciomt2024,4
s312703,causal,33,0.0,0.89559,0.0,ciciomt2024,4
s312703,causal,33,0.25,0.5026,0.393,ciciomt2024,4
s312703,causal,33,0.5,0.50696,0.38863,ciciomt2024,4
s312703,causal,33,0.75,0.50929,0.38631,ciciomt2024,4
s312703,causal,33,1.0,0.53604,0.35955,ciciomt2024,4
s312703,causal,35,0.0,0.89559,0.0,ciciomt2024,4
s312703,causal,35,0.25,0.41134,0.48426,ciciomt2024,4
s312703,causal,35,0.5,0.3554,0.5402,ciciomt2024,4
s312703,causal,35,0.75,0.32268,0.57292,ciciomt2024,4
s312703,causal,35,1.0,0.32268,0.57292,ciciomt2024,4
s312703,causal,36,0.0,0.89559,0.0,ciciomt2024,4
s312703,causal,36,0.25,0.78539,0.1102,ciciomt2024,4
s312703,causal,36,0.5,0.6254,0.27019,ciciomt2024,4
s312703,causal,36,0.75,0.46153,0.43406,ciciomt2024,4
s312703,causal,36,1.0,0.34832,0.54727,ciciomt2024,4
s312703,non_causal,29,0.0,0.89559,0.0,ciciomt2024,4
s312703,non_causal,29,0.25,0.89559,0.0,ciciomt2024,4
s312703,non_causal,29,0.5,0.89559,0.0,ciciomt2024,4
s312703,non_causal,29,0.75,0.89559,0.0,ciciomt2024,4
s312703,non_causal,29,1.0,0.89559,0.0,ciciomt2024,4
s312703,non_causal,25,0.0,0.89559,0.0,ciciomt2024,4
s312703,non_causal,25,0.25,0.89559,0.0,ciciomt2024,4
s312703,non_causal,25,0.5,0.89559,0.0,ciciomt2024,4
s312703,non_causal,25,0.75,0.89559,0.0,ciciomt2024,4
s312703,non_causal,25,1.0,0.89559,0.0,ciciomt2024,4
s312703,non_causal,11,0.0,0.89559,0.0,ciciomt2024,4
s312703,non_causal,11,0.25,0.89559,0.0,ciciomt2024,4
s312703,non_causal,11,0.5,0.89559,0.0,ciciomt2024,4
s312703,non_causal,11,0.75,0.89559,0.0,ciciomt2024,4
s312703,non_causal,11,1.0,0.89559,0.0,ciciomt2024,4
s654010,causal,0,0.0,0.97317,0.0,ciciomt2024,4
s654010,causal,0,0.25,0.15645,0.81671,ciciomt2024,4
s654010,causal,0,0.5,0.15644,0.81672,ciciomt2024,4
s654010,causal,0,0.75,0.15644,0.81672,ciciomt2024,4
s654010,causal,0,1.0,0.15644,0.81672,ciciomt2024,4
s654010,causal,3,0.0,0.97317,0.0,ciciomt2024,4
s654010,causal,3,0.25,0.98168,-0.00851,ciciomt2024,4
s654010,causal,3,0.5,0.81342,0.15975,ciciomt2024,4
s654010,causal,3,0.75,0.11584,0.85733,ciciomt2024,4
s654010,causal,3,1.0,0.06158,0.91158,ciciomt2024,4
s654010,causal,15,0.0,0.97317,0.0,ciciomt2024,4
s654010,causal,15,0.25,0.46862,0.50455,ciciomt2024,4
s654010,causal,15,0.5,0.46603,0.50713,ciciomt2024,4
s654010,causal,15,0.75,0.46603,0.50713,ciciomt2024,4
s654010,causal,15,1.0,0.46604,0.50713,ciciomt2024,4
s654010,causal,24,0.0,0.97317,0.0,ciciomt2024,4
s654010,causal,24,0.25,0.94594,0.02723,ciciomt2024,4
s654010,causal,24,0.5,0.75287,0.2203,ciciomt2024,4
s654010,causal,24,0.75,0.49652,0.47665,ciciomt2024,4
s654010,causal,24,1.0,0.62806,0.3451,ciciomt2024,4
s654010,causal,35,0.0,0.97317,0.0,ciciomt2024,4
s654010,causal,35,0.25,0.82139,0.15177,ciciomt2024,4
s654010,causal,35,0.5,0.78396,0.18921,ciciomt2024,4
s654010,causal,35,0.75,0.7582,0.21496,ciciomt2024,4
s654010,causal,35,1.0,0.7582,0.21496,ciciomt2024,4
s654010,causal,36,0.0,0.97317,0.0,ciciomt2024,4
s654010,causal,36,0.25,0.97542,-0.00225,ciciomt2024,4
s654010,causal,36,0.5,0.93769,0.03548,ciciomt2024,4
s654010,causal,36,0.75,0.88548,0.08769,ciciomt2024,4
s654010,causal,36,1.0,0.82835,0.14481,ciciomt2024,4
s654010,non_causal,41,0.0,0.97317,0.0,ciciomt2024,4
s654010,non_causal,41,0.25,0.94657,0.02659,ciciomt2024,4
s654010,non_causal,41,0.5,0.96369,0.00947,ciciomt2024,4
s654010,non_causal,41,0.75,0.95164,0.02153,ciciomt2024,4
s654010,non_causal,41,1.0,0.9729,0.00026,ciciomt2024,4
s654010,non_causal,31,0.0,0.97317,0.0,ciciomt2024,4
s654010,non_causal,31,0.25,0.98051,-0.00734,ciciomt2024,4
s654010,non_causal,31,0.5,0.97968,-0.00651,ciciomt2024,4
s654010,non_causal,31,0.75,0.97968,-0.00651,ciciomt2024,4
s654010,non_causal,31,1.0,0.97968,-0.00651,ciciomt2024,4
s654010,non_causal,22,0.0,0.97317,0.0,ciciomt2024,4
s654010,non_causal,22,0.25,0.97317,0.0,ciciomt2024,4
s654010,non_causal,22,0.5,0.97317,0.0,ciciomt2024,4
s654010,non_causal,22,0.75,0.97317,0.0,ciciomt2024,4
s654010,non_causal,22,1.0,0.97317,0.0,ciciomt2024,4
s661649,causal,0,0.0,0.50359,0.0,ciciomt2024,4
s661649,causal,0,0.25,0.05219,0.4514,ciciomt2024,4
s661649,causal,0,0.5,0.05218,0.45141,ciciomt2024,4
s661649,causal,0,0.75,0.05218,0.45141,ciciomt2024,4
s661649,causal,0,1.0,0.05218,0.45141,ciciomt2024,4
s661649,causal,3,0.0,0.50359,0.0,ciciomt2024,4
s661649,causal,3,0.25,0.04638,0.45721,ciciomt2024,4
s661649,causal,3,0.5,0.04638,0.45721,ciciomt2024,4
s661649,causal,3,0.75,0.00148,0.50211,ciciomt2024,4
s661649,causal,3,1.0,0.05436,0.44923,ciciomt2024,4
s661649,causal,8,0.0,0.50359,0.0,ciciomt2024,4
s661649,causal,8,0.25,0.26915,0.23444,ciciomt2024,4
s661649,causal,8,0.5,0.32572,0.17787,ciciomt2024,4
s661649,causal,8,0.75,0.32571,0.17788,ciciomt2024,4
s661649,causal,8,1.0,0.32568,0.17791,ciciomt2024,4
s661649,causal,13,0.0,0.50359,0.0,ciciomt2024,4
s661649,causal,13,0.25,0.24533,0.25826,ciciomt2024,4
s661649,causal,13,0.5,0.24533,0.25826,ciciomt2024,4
s661649,causal,13,0.75,0.24533,0.25826,ciciomt2024,4
s661649,causal,13,1.0,0.24519,0.2584,ciciomt2024,4
s661649,causal,15,0.0,0.50359,0.0,ciciomt2024,4
s661649,causal,15,0.25,0.03746,0.46613,ciciomt2024,4
s661649,causal,15,0.5,0.0374,0.46619,ciciomt2024,4
s661649,causal,15,0.75,0.0374,0.46619,ciciomt2024,4
s661649,causal,15,1.0,0.0374,0.46619,ciciomt2024,4
s661649,causal,33,0.0,0.50359,0.0,ciciomt2024,4
s661649,causal,33,0.25,0.41375,0.08984,ciciomt2024,4
s661649,causal,33,0.5,0.41799,0.0856,ciciomt2024,4
s661649,causal,33,0.75,0.42026,0.08333,ciciomt2024,4
s661649,causal,33,1.0,0.44659,0.057,ciciomt2024,4
s661649,causal,35,0.0,0.50359,0.0,ciciomt2024,4
s661649,causal,35,0.25,0.26756,0.23603,ciciomt2024,4
s661649,causal,35,0.5,0.22374,0.27985,ciciomt2024,4
s661649,causal,35,0.75,0.19939,0.3042,ciciomt2024,4
s661649,causal,35,1.0,0.19939,0.3042,ciciomt2024,4
s661649,causal,36,0.0,0.50359,0.0,ciciomt2024,4
s661649,causal,36,0.25,0.44909,0.0545,ciciomt2024,4
s661649,causal,36,0.5,0.21851,0.28508,ciciomt2024,4
s661649,causal,36,0.75,0.13053,0.37306,ciciomt2024,4
s661649,causal,36,1.0,0.08557,0.41802,ciciomt2024,4
s661649,causal,41,0.0,0.50359,0.0,ciciomt2024,4
s661649,causal,41,0.25,0.25823,0.24536,ciciomt2024,4
s661649,causal,41,0.5,0.33643,0.16716,ciciomt2024,4
s661649,causal,41,0.75,0.27032,0.23327,ciciomt2024,4
s661649,causal,41,1.0,0.40505,0.09854,ciciomt2024,4
s661649,non_causal,26,0.0,0.50359,0.0,ciciomt2024,4
s661649,non_causal,26,0.25,0.50359,0.0,ciciomt2024,4
s661649,non_causal,26,0.5,0.50359,0.0,ciciomt2024,4
s661649,non_causal,26,0.75,0.50358,1e-05,ciciomt2024,4
s661649,non_causal,26,1.0,0.50358,1e-05,ciciomt2024,4
s661649,non_causal,10,0.0,0.50359,0.0,ciciomt2024,4
s661649,non_causal,10,0.25,0.50359,0.0,ciciomt2024,4
s661649,non_causal,10,0.5,0.50359,0.0,ciciomt2024,4
s661649,non_causal,10,0.75,0.50359,0.0,ciciomt2024,4
s661649,non_causal,10,1.0,0.50359,0.0,ciciomt2024,4
s661649,non_causal,24,0.0,0.50359,0.0,ciciomt2024,4
s661649,non_causal,24,0.25,0.50359,0.0,ciciomt2024,4
s661649,non_causal,24,0.5,0.24872,0.25487,ciciomt2024,4
s661649,non_causal,24,0.75,0.68819,-0.1846,ciciomt2024,4
s661649,non_causal,24,1.0,0.78275,-0.27916,ciciomt2024,4
s200079,causal,0,0.0,0.65066,0.0,ciciomt2024,4
s200079,causal,0,0.25,0.36622,0.28444,ciciomt2024,4
s200079,causal,0,0.5,0.3662,0.28446,ciciomt2024,4
s200079,causal,0,0.75,0.3662,0.28446,ciciomt2024,4
s200079,causal,0,1.0,0.3662,0.28446,ciciomt2024,4
s200079,causal,3,0.0,0.65066,0.0,ciciomt2024,4
s200079,causal,3,0.25,0.73695,-0.08629,ciciomt2024,4
s200079,causal,3,0.5,0.80096,-0.1503,ciciomt2024,4
s200079,causal,3,0.75,0.14475,0.50591,ciciomt2024,4
s200079,causal,3,1.0,0.05357,0.59709,ciciomt2024,4
s200079,causal,13,0.0,0.65066,0.0,ciciomt2024,4
s200079,causal,13,0.25,0.46284,0.18782,ciciomt2024,4
s200079,causal,13,0.5,0.46284,0.18782,ciciomt2024,4
s200079,causal,13,0.75,0.46284,0.18782,ciciomt2024,4
s200079,causal,13,1.0,0.46261,0.18805,ciciomt2024,4
s200079,causal,15,0.0,0.65066,0.0,ciciomt2024,4
s200079,causal,15,0.25,0.1498,0.50086,ciciomt2024,4
s200079,causal,15,0.5,0.14938,0.50128,ciciomt2024,4
s200079,causal,15,0.75,0.14938,0.50128,ciciomt2024,4
s200079,causal,15,1.0,0.14938,0.50128,ciciomt2024,4
s200079,causal,33,0.0,0.65066,0.0,ciciomt2024,4
s200079,causal,33,0.25,0.3135,0.33716,ciciomt2024,4
s200079,causal,33,0.5,0.31728,0.33339,ciciomt2024,4
s200079,causal,33,0.75,0.31931,0.33135,ciciomt2024,4
s200079,causal,33,1.0,0.34307,0.30759,ciciomt2024,4
s200079,causal,34,0.0,0.65066,0.0,ciciomt2024,4
s200079,causal,34,0.25,0.56329,0.08738,ciciomt2024,4
s200079,causal,34,0.5,0.56328,0.08738,ciciomt2024,4
s200079,causal,34,0.75,0.56328,0.08738,ciciomt2024,4
s200079,causal,34,1.0,0.56328,0.08739,ciciomt2024,4
s200079,causal,35,0.0,0.65066,0.0,ciciomt2024,4
s200079,causal,35,0.25,0.21921,0.43146,ciciomt2024,4
s200079,causal,35,0.5,0.18134,0.46932,ciciomt2024,4
s200079,causal,35,0.75,0.16065,0.49001,ciciomt2024,4
s200079,causal,35,1.0,0.16065,0.49001,ciciomt2024,4
s200079,causal,36,0.0,0.65066,0.0,ciciomt2024,4
s200079,causal,36,0.25,0.14876,0.50191,ciciomt2024,4
s200079,causal,36,0.5,0.08271,0.56795,ciciomt2024,4
s200079,causal,36,0.75,0.05741,0.59325,ciciomt2024,4
s200079,causal,36,1.0,0.03827,0.6124,ciciomt2024,4
s200079,causal,39,0.0,0.65066,0.0,ciciomt2024,4
s200079,causal,39,0.25,0.57532,0.07534,ciciomt2024,4
s200079,causal,39,0.5,0.57532,0.07534,ciciomt2024,4
s200079,causal,39,0.75,0.55399,0.09667,ciciomt2024,4
s200079,causal,39,1.0,0.54355,0.10712,ciciomt2024,4
s200079,non_causal,26,0.0,0.65066,0.0,ciciomt2024,4
s200079,non_causal,26,0.25,0.65066,0.0,ciciomt2024,4
s200079,non_causal,26,0.5,0.65066,0.0,ciciomt2024,4
s200079,non_causal,26,0.75,0.65065,1e-05,ciciomt2024,4
s200079,non_causal,26,1.0,0.65065,1e-05,ciciomt2024,4
s200079,non_causal,21,0.0,0.65066,0.0,ciciomt2024,4
s200079,non_causal,21,0.25,0.65066,0.0,ciciomt2024,4
s200079,non_causal,21,0.5,0.65066,0.0,ciciomt2024,4
s200079,non_causal,21,0.75,0.65066,0.0,ciciomt2024,4
s200079,non_causal,21,1.0,0.65066,0.0,ciciomt2024,4
s200079,non_causal,4,0.0,0.65066,0.0,ciciomt2024,4
s200079,non_causal,4,0.25,0.65066,0.0,ciciomt2024,4
s200079,non_causal,4,0.5,0.65066,0.0,ciciomt2024,4
s200079,non_causal,4,0.75,0.65066,0.0,ciciomt2024,4
s200079,non_causal,4,1.0,0.65066,0.0,ciciomt2024,4
s209349,causal,0,0.0,0.90888,0.0,ciciomt2024,4
s209349,causal,0,0.25,0.14726,0.76162,ciciomt2024,4
s209349,causal,0,0.5,0.14725,0.76163,ciciomt2024,4
s209349,causal,0,0.75,0.14725,0.76163,ciciomt2024,4
s209349,causal,0,1.0,0.14725,0.76163,ciciomt2024,4
s209349,causal,3,0.0,0.90888,0.0,ciciomt2024,4
s209349,causal,3,0.25,0.97608,-0.06719,ciciomt2024,4
s209349,causal,3,0.5,0.94973,-0.04085,ciciomt2024,4
s209349,causal,3,0.75,0.03333,0.87556,ciciomt2024,4
s209349,causal,3,1.0,0.04183,0.86705,ciciomt2024,4
s209349,causal,13,0.0,0.90888,0.0,ciciomt2024,4
s209349,causal,13,0.25,0.82163,0.08725,ciciomt2024,4
s209349,causal,13,0.5,0.82163,0.08725,ciciomt2024,4
s209349,causal,13,0.75,0.82163,0.08725,ciciomt2024,4
s209349,causal,13,1.0,0.82128,0.0876,ciciomt2024,4
s209349,causal,15,0.0,0.90888,0.0,ciciomt2024,4
s209349,causal,15,0.25,0.25379,0.6551,ciciomt2024,4
s209349,causal,15,0.5,0.25285,0.65604,ciciomt2024,4
s209349,causal,15,0.75,0.25285,0.65604,ciciomt2024,4
s209349,causal,15,1.0,0.25285,0.65603,ciciomt2024,4
s209349,causal,24,0.0,0.90888,0.0,ciciomt2024,4
s209349,causal,24,0.25,0.8361,0.07278,ciciomt2024,4
s209349,causal,24,0.5,0.50911,0.39978,ciciomt2024,4
s209349,causal,24,0.75,0.49263,0.41625,ciciomt2024,4
s209349,causal,24,1.0,0.61835,0.29053,ciciomt2024,4
s209349,causal,33,0.0,0.90888,0.0,ciciomt2024,4
s209349,causal,33,0.25,0.50067,0.40821,ciciomt2024,4
s209349,causal,33,0.5,0.50504,0.40385,ciciomt2024,4
s209349,causal,33,0.75,0.50736,0.40152,ciciomt2024,4
s209349,causal,33,1.0,0.53413,0.37476,ciciomt2024,4
s209349,causal,35,0.0,0.90888,0.0,ciciomt2024,4
s209349,causal,35,0.25,0.52508,0.3838,ciciomt2024,4
s209349,causal,35,0.5,0.46592,0.44297,ciciomt2024,4
s209349,causal,35,0.75,0.42981,0.47908,ciciomt2024,4
s209349,causal,35,1.0,0.42981,0.47908,ciciomt2024,4
s209349,causal,36,0.0,0.90888,0.0,ciciomt2024,4
s209349,causal,36,0.25,0.83813,0.07075,ciciomt2024,4
s209349,causal,36,0.5,0.67437,0.23451,ciciomt2024,4
s209349,causal,36,0.75,0.5451,0.36379,ciciomt2024,4
s209349,causal,36,1.0,0.42764,0.48124,ciciomt2024,4
s209349,non_causal,38,0.0,0.90888,0.0,ciciomt2024,4
s209349,non_causal,38,0.25,0.90731,0.00158,ciciomt2024,4
s209349,non_causal,38,0.5,0.90744,0.00144,ciciomt2024,4
s209349,non_causal,38,0.75,0.90733,0.00155,ciciomt2024,4
s209349,non_causal,38,1.0,0.90728,0.0016,ciciomt2024,4
s209349,non_causal,18,0.0,0.90888,0.0,ciciomt2024,4
s209349,non_causal,18,0.25,0.90888,0.0,ciciomt2024,4
s209349,non_causal,18,0.5,0.90888,0.0,ciciomt2024,4
s209349,non_causal,18,0.75,0.90888,0.0,ciciomt2024,4
s209349,non_causal,18,1.0,0.90888,0.0,ciciomt2024,4
s209349,non_causal,8,0.0,0.90888,0.0,ciciomt2024,4
s209349,non_causal,8,0.25,0.93655,-0.02766,ciciomt2024,4
s209349,non_causal,8,0.5,0.95516,-0.04627,ciciomt2024,4
s209349,non_causal,8,0.75,0.95515,-0.04626,ciciomt2024,4
s209349,non_causal,8,1.0,0.95512,-0.04624,ciciomt2024,4
s258183,causal,0,0.0,0.92205,0.0,ciciomt2024,4
s258183,causal,0,0.25,0.24631,0.67573,ciciomt2024,4
s258183,causal,0,0.5,0.14725,0.77479,ciciomt2024,4
s258183,causal,0,0.75,0.14725,0.77479,ciciomt2024,4
s258183,causal,0,1.0,0.14725,0.77479,ciciomt2024,4
s258183,causal,3,0.0,0.92205,0.0,ciciomt2024,4
s258183,causal,3,0.25,0.9705,-0.04845,ciciomt2024,4
s258183,causal,3,0.5,0.95606,-0.03401,ciciomt2024,4
s258183,causal,3,0.75,0.12141,0.80063,ciciomt2024,4
s258183,causal,3,1.0,0.06876,0.85329,ciciomt2024,4
s258183,causal,13,0.0,0.92205,0.0,ciciomt2024,4
s258183,causal,13,0.25,0.8454,0.07665,ciciomt2024,4
s258183,causal,13,0.5,0.8454,0.07665,ciciomt2024,4
s258183,causal,13,0.75,0.8454,0.07665,ciciomt2024,4
s258183,causal,13,1.0,0.84506,0.07698,ciciomt2024,4
s258183,causal,15,0.0,0.92205,0.0,ciciomt2024,4
s258183,causal,15,0.25,0.30322,0.61883,ciciomt2024,4
s258183,causal,15,0.5,0.30204,0.62001,ciciomt2024,4
s258183,causal,15,0.75,0.30204,0.62001,ciciomt2024,4
s258183,causal,15,1.0,0.30204,0.62001,ciciomt2024,4
s258183,causal,24,0.0,0.92205,0.0,ciciomt2024,4
s258183,causal,24,0.25,0.85814,0.06391,ciciomt2024,4
s258183,causal,24,0.5,0.54934,0.37271,ciciomt2024,4
s258183,causal,24,0.75,0.48456,0.43749,ciciomt2024,4
s258183,causal,24,1.0,0.61316,0.30888,ciciomt2024,4
s258183,causal,33,0.0,0.92205,0.0,ciciomt2024,4
s258183,causal,33,0.25,0.55915,0.3629,ciciomt2024,4
s258183,causal,33,0.5,0.56345,0.3586,ciciomt2024,4
s258183,causal,33,0.75,0.56573,0.35632,ciciomt2024,4
s258183,causal,33,1.0,0.59187,0.33018,ciciomt2024,4
s258183,causal,35,0.0,0.92205,0.0,ciciomt2024,4
s258183,causal,35,0.25,0.48934,0.43271,ciciomt2024,4
s258183,causal,35,0.5,0.43056,0.49149,ciciomt2024,4
s258183,causal,35,0.75,0.39516,0.52689,ciciomt2024,4
s258183,causal,35,1.0,0.39516,0.52689,ciciomt2024,4
s258183,causal,36,0.0,0.92205,0.0,ciciomt2024,4
s258183,causal,36,0.25,0.89881,0.02324,ciciomt2024,4
s258183,causal,36,0.5,0.78778,0.13427,ciciomt2024,4
s258183,causal,36,0.75,0.67149,0.25055,ciciomt2024,4
s258183,causal,36,1.0,0.5604,0.36165,ciciomt2024,4
s258183,non_causal,22,0.0,0.92205,0.0,ciciomt2024,4
s258183,non_causal,22,0.25,0.92205,0.0,ciciomt2024,4
s258183,non_causal,22,0.5,0.92205,0.0,ciciomt2024,4
s258183,non_causal,22,0.75,0.92205,0.0,ciciomt2024,4
s258183,non_causal,22,1.0,0.92205,0.0,ciciomt2024,4
s258183,non_causal,17,0.0,0.92205,0.0,ciciomt2024,4
s258183,non_causal,17,0.25,0.94544,-0.02339,ciciomt2024,4
s258183,non_causal,17,0.5,0.94988,-0.02784,ciciomt2024,4
s258183,non_causal,17,0.75,0.94988,-0.02784,ciciomt2024,4
s258183,non_causal,17,1.0,0.95768,-0.03564,ciciomt2024,4
s258183,non_causal,21,0.0,0.92205,0.0,ciciomt2024,4
s258183,non_causal,21,0.25,0.92205,0.0,ciciomt2024,4
s258183,non_causal,21,0.5,0.92205,0.0,ciciomt2024,4
s258183,non_causal,21,0.75,0.92205,0.0,ciciomt2024,4
s258183,non_causal,21,1.0,0.92205,0.0,ciciomt2024,4
s629329,causal,0,0.0,0.95235,0.0,ciciomt2024,4
s629329,causal,0,0.25,0.13539,0.81696,ciciomt2024,4
s629329,causal,0,0.5,0.13538,0.81697,ciciomt2024,4
s629329,causal,0,0.75,0.13538,0.81697,ciciomt2024,4
s629329,causal,0,1.0,0.13538,0.81697,ciciomt2024,4
s629329,causal,3,0.0,0.95235,0.0,ciciomt2024,4
s629329,causal,3,0.25,0.98213,-0.02978,ciciomt2024,4
s629329,causal,3,0.5,0.85755,0.0948,ciciomt2024,4
s629329,causal,3,0.75,0.04964,0.90271,ciciomt2024,4
s629329,causal,3,1.0,0.0581,0.89425,ciciomt2024,4
s629329,causal,13,0.0,0.95235,0.0,ciciomt2024,4
s629329,causal,13,0.25,0.9015,0.05085,ciciomt2024,4
s629329,causal,13,0.5,0.9015,0.05085,ciciomt2024,4
s629329,causal,13,0.75,0.9015,0.05085,ciciomt2024,4
s629329,causal,13,1.0,0.90115,0.0512,ciciomt2024,4
s629329,causal,15,0.0,0.95235,0.0,ciciomt2024,4
s629329,causal,15,0.25,0.31349,0.63886,ciciomt2024,4
s629329,causal,15,0.5,0.31193,0.64042,ciciomt2024,4
s629329,causal,15,0.75,0.31193,0.64042,ciciomt2024,4
s629329,causal,15,1.0,0.31194,0.64041,ciciomt2024,4
s629329,causal,24,0.0,0.95235,0.0,ciciomt2024,4
s629329,causal,24,0.25,0.90605,0.0463,ciciomt2024,4
s629329,causal,24,0.5,0.63476,0.31759,ciciomt2024,4
s629329,causal,24,0.75,0.47657,0.47578,ciciomt2024,4
s629329,causal,24,1.0,0.60921,0.34314,ciciomt2024,4
s629329,causal,35,0.0,0.95235,0.0,ciciomt2024,4
s629329,causal,35,0.25,0.56098,0.39137,ciciomt2024,4
s629329,causal,35,0.5,0.50205,0.4503,ciciomt2024,4
s629329,causal,35,0.75,0.46558,0.48677,ciciomt2024,4
s629329,causal,35,1.0,0.46558,0.48677,ciciomt2024,4
s629329,causal,36,0.0,0.95235,0.0,ciciomt2024,4
s629329,causal,36,0.25,0.94888,0.00347,ciciomt2024,4
s629329,causal,36,0.5,0.87552,0.07683,ciciomt2024,4
s629329,causal,36,0.75,0.78317,0.16918,ciciomt2024,4
s629329,causal,36,1.0,0.69262,0.25973,ciciomt2024,4
s629329,non_causal,5,0.0,0.95235,0.0,ciciomt2024,4
s629329,non_causal,5,0.25,0.95235,0.0,ciciomt2024,4
s629329,non_causal,5,0.5,0.95235,0.0,ciciomt2024,4
s629329,non_causal,5,0.75,0.95235,0.0,ciciomt2024,4
s629329,non_causal,5,1.0,0.95235,0.0,ciciomt2024,4
s629329,non_causal,21,0.0,0.95235,0.0,ciciomt2024,4
s629329,non_causal,21,0.25,0.95235,0.0,ciciomt2024,4
s629329,non_causal,21,0.5,0.95235,0.0,ciciomt2024,4
s629329,non_causal,21,0.75,0.95235,0.0,ciciomt2024,4
s629329,non_causal,21,1.0,0.95235,0.0,ciciomt2024,4
s629329,non_causal,38,0.0,0.95235,0.0,ciciomt2024,4
s629329,non_causal,38,0.25,0.95113,0.00122,ciciomt2024,4
s629329,non_causal,38,0.5,0.95123,0.00112,ciciomt2024,4
s629329,non_causal,38,0.75,0.95115,0.0012,ciciomt2024,4
s629329,non_causal,38,1.0,0.95111,0.00124,ciciomt2024,4
s640112,causal,0,0.0,0.97608,0.0,ciciomt2024,4
s640112,causal,0,0.25,0.15935,0.81673,ciciomt2024,4
s640112,causal,0,0.5,0.15934,0.81674,ciciomt2024,4
s640112,causal,0,0.75,0.15934,0.81674,ciciomt2024,4
s640112,causal,0,1.0,0.15934,0.81674,ciciomt2024,4
s640112,causal,3,0.0,0.97608,0.0,ciciomt2024,4
s640112,causal,3,0.25,0.97989,-0.00381,ciciomt2024,4
s640112,causal,3,0.5,0.77565,0.20043,ciciomt2024,4
s640112,causal,3,0.75,0.03074,0.94534,ciciomt2024,4
s640112,causal,3,1.0,0.04183,0.93425,ciciomt2024,4
s640112,causal,15,0.0,0.97608,0.0,ciciomt2024,4
s640112,causal,15,0.25,0.55153,0.42455,ciciomt2024,4
s640112,causal,15,0.5,0.54867,0.42741,ciciomt2024,4
s640112,causal,15,0.75,0.54867,0.42741,ciciomt2024,4
s640112,causal,15,1.0,0.54868,0.4274,ciciomt2024,4
s640112,causal,24,0.0,0.97608,0.0,ciciomt2024,4
s640112,causal,24,0.25,0.95166,0.02442,ciciomt2024,4
s640112,causal,24,0.5,0.77408,0.202,ciciomt2024,4
s640112,causal,24,0.75,0.49813,0.47795,ciciomt2024,4
s640112,causal,24,1.0,0.62941,0.34667,ciciomt2024,4
s640112,causal,35,0.0,0.97608,0.0,ciciomt2024,4
s640112,causal,35,0.25,0.86924,0.10684,ciciomt2024,4
s640112,causal,35,0.5,0.83988,0.1362,ciciomt2024,4
s640112,causal,35,0.75,0.81925,0.15683,ciciomt2024,4
s640112,causal,35,1.0,0.81925,0.15683,ciciomt2024,4
s640112,causal,36,0.0,0.97608,0.0,ciciomt2024,4
s640112,causal,36,0.25,0.96823,0.00785,ciciomt2024,4
s640112,causal,36,0.5,0.92855,0.04753,ciciomt2024,4
s640112,causal,36,0.75,0.88268,0.09339,ciciomt2024,4
s640112,causal,36,1.0,0.8244,0.15168,ciciomt2024,4
s640112,non_causal,32,0.0,0.97608,0.0,ciciomt2024,4
s640112,non_causal,32,0.25,0.97888,-0.00281,ciciomt2024,4
s640112,non_causal,32,0.5,0.97888,-0.0028,ciciomt2024,4
s640112,non_causal,32,0.75,0.97888,-0.0028,ciciomt2024,4
s640112,non_causal,32,1.0,0.97888,-0.0028,ciciomt2024,4
s640112,non_causal,39,0.0,0.97608,0.0,ciciomt2024,4
s640112,non_causal,39,0.25,0.97872,-0.00264,ciciomt2024,4
s640112,non_causal,39,0.5,0.97872,-0.00264,ciciomt2024,4
s640112,non_causal,39,0.75,0.97684,-0.00076,ciciomt2024,4
s640112,non_causal,39,1.0,0.97586,0.00021,ciciomt2024,4
s640112,non_causal,9,0.0,0.97608,0.0,ciciomt2024,4
s640112,non_causal,9,0.25,0.9855,-0.00942,ciciomt2024,4
s640112,non_causal,9,0.5,0.9855,-0.00942,ciciomt2024,4
s640112,non_causal,9,0.75,0.98549,-0.00941,ciciomt2024,4
s640112,non_causal,9,1.0,0.98545,-0.00938,ciciomt2024,4
s217960,causal,0,0.0,0.89559,0.0,ciciomt2024,4
s217960,causal,0,0.25,0.19147,0.70413,ciciomt2024,4
s217960,causal,0,0.5,0.19146,0.70413,ciciomt2024,4
s217960,causal,0,0.75,0.19146,0.70413,ciciomt2024,4
s217960,causal,0,1.0,0.19146,0.70413,ciciomt2024,4
s217960,causal,3,0.0,0.89559,0.0,ciciomt2024,4
s217960,causal,3,0.25,0.95845,-0.06286,ciciomt2024,4
s217960,causal,3,0.5,0.98254,-0.08694,ciciomt2024,4
s217960,causal,3,0.75,0.40575,0.48984,ciciomt2024,4
s217960,causal,3,1.0,0.0498,0.84579,ciciomt2024,4
s217960,causal,13,0.0,0.89559,0.0,ciciomt2024,4
s217960,causal,13,0.25,0.79732,0.09828,ciciomt2024,4
s217960,causal,13,0.5,0.79732,0.09828,ciciomt2024,4
s217960,causal,13,0.75,0.79732,0.09828,ciciomt2024,4
s217960,causal,13,1.0,0.79696,0.09863,ciciomt2024,4
s217960,causal,15,0.0,0.89559,0.0,ciciomt2024,4
s217960,causal,15,0.25,0.20121,0.69438,ciciomt2024,4
s217960,causal,15,0.5,0.20045,0.69514,ciciomt2024,4
s217960,causal,15,0.75,0.20045,0.69514,ciciomt2024,4
s217960,causal,15,1.0,0.20046,0.69514,ciciomt2024,4
s217960,causal,24,0.0,0.89559,0.0,ciciomt2024,4
s217960,causal,24,0.25,0.81436,0.08123,ciciomt2024,4
s217960,causal,24,0.5,0.47566,0.41994,ciciomt2024,4
s217960,causal,24,0.75,0.49266,0.40293,ciciomt2024,4
s217960,causal,24,1.0,0.61895,0.27665,ciciomt2024,4
s217960,causal,33,0.0,0.89559,0.0,ciciomt2024,4
s217960,causal,33,0.25,0.5026,0.393,ciciomt2024,4
s217960,causal,33,0.5,0.50696,0.38863,ciciomt2024,4
s217960,causal,33,0.75,0.50929,0.38631,ciciomt2024,4
s217960,causal,33,1.0,0.53604,0.35955,ciciomt2024,4
s217960,causal,35,0.0,0.89559,0.0,ciciomt2024,4
s217960,causal,35,0.25,0.41134,0.48426,ciciomt2024,4
s217960,causal,35,0.5,0.3554,0.5402,ciciomt2024,4
s217960,causal,35,0.75,0.32268,0.57292,ciciomt2024,4
s217960,causal,35,1.0,0.32268,0.57292,ciciomt2024,4
s217960,causal,36,0.0,0.89559,0.0,ciciomt2024,4
s217960,causal,36,0.25,0.79065,0.10494,ciciomt2024,4
s217960,causal,36,0.5,0.63275,0.26284,ciciomt2024,4
s217960,causal,36,0.75,0.46937,0.42622,ciciomt2024,4
s217960,causal,36,1.0,0.35552,0.54008,ciciomt2024,4
s217960,non_causal,25,0.0,0.89559,0.0,ciciomt2024,4
s217960,non_causal,25,0.25,0.89559,0.0,ciciomt2024,4
s217960,non_causal,25,0.5,0.89559,0.0,ciciomt2024,4
s217960,non_causal,25,0.75,0.89559,0.0,ciciomt2024,4
s217960,non_causal,25,1.0,0.89559,0.0,ciciomt2024,4
s217960,non_causal,7,0.0,0.89559,0.0,ciciomt2024,4
s217960,non_causal,7,0.25,0.89559,0.0,ciciomt2024,4
s217960,non_causal,7,0.5,0.89559,0.0,ciciomt2024,4
s217960,non_causal,7,0.75,0.89559,0.0,ciciomt2024,4
s217960,non_causal,7,1.0,0.89559,0.0,ciciomt2024,4
s217960,non_causal,4,0.0,0.89559,0.0,ciciomt2024,4
s217960,non_causal,4,0.25,0.89559,0.0,ciciomt2024,4
s217960,non_causal,4,0.5,0.89559,0.0,ciciomt2024,4
s217960,non_causal,4,0.75,0.89559,0.0,ciciomt2024,4
s217960,non_causal,4,1.0,0.89559,0.0,ciciomt2024,4
s681188,causal,0,0.0,0.86928,0.0,ciciomt2024,4
s681188,causal,0,0.25,0.3204,0.54888,ciciomt2024,4
s681188,causal,0,0.5,0.18865,0.68063,ciciomt2024,4
s681188,causal,0,0.75,0.18865,0.68063,ciciomt2024,4
s681188,causal,0,1.0,0.18865,0.68063,ciciomt2024,4
s681188,causal,3,0.0,0.86928,0.0,ciciomt2024,4
s681188,causal,3,0.25,0.95345,-0.08417,ciciomt2024,4
s681188,causal,3,0.5,0.98169,-0.11241,ciciomt2024,4
s681188,causal,3,0.75,0.40934,0.45993,ciciomt2024,4
s681188,causal,3,1.0,0.05046,0.81882,ciciomt2024,4
s681188,causal,13,0.0,0.86928,0.0,ciciomt2024,4
s681188,causal,13,0.25,0.75316,0.11612,ciciomt2024,4
s681188,causal,13,0.5,0.75316,0.11612,ciciomt2024,4
s681188,causal,13,0.75,0.75316,0.11612,ciciomt2024,4
s681188,causal,13,1.0,0.75283,0.11645,ciciomt2024,4
s681188,causal,15,0.0,0.86928,0.0,ciciomt2024,4
s681188,causal,15,0.25,0.18748,0.6818,ciciomt2024,4
s681188,causal,15,0.5,0.18689,0.68239,ciciomt2024,4
s681188,causal,15,0.75,0.18689,0.68239,ciciomt2024,4
s681188,causal,15,1.0,0.18689,0.68238,ciciomt2024,4
s681188,causal,24,0.0,0.86928,0.0,ciciomt2024,4
s681188,causal,24,0.25,0.77277,0.09651,ciciomt2024,4
s681188,causal,24,0.5,0.41289,0.45639,ciciomt2024,4
s681188,causal,24,0.75,0.48714,0.38214,ciciomt2024,4
s681188,causal,24,1.0,0.61537,0.25391,ciciomt2024,4
s681188,causal,33,0.0,0.86928,0.0,ciciomt2024,4
s681188,causal,33,0.25,0.42651,0.44277,ciciomt2024,4
s681188,causal,33,0.5,0.43079,0.43849,ciciomt2024,4
s681188,causal,33,0.75,0.43308,0.4362,ciciomt2024,4
s681188,causal,33,1.0,0.45958,0.4097,ciciomt2024,4
s681188,causal,35,0.0,0.86928,0.0,ciciomt2024,4
s681188,causal,35,0.25,0.35507,0.51421,ciciomt2024,4
s681188,causal,35,0.5,0.30285,0.56643,ciciomt2024,4
s681188,causal,35,0.75,0.27291,0.59637,ciciomt2024,4
s681188,causal,35,1.0,0.27291,0.59637,ciciomt2024,4
s681188,causal,36,0.0,0.86928,0.0,ciciomt2024,4
s681188,causal,36,0.25,0.74779,0.12149,ciciomt2024,4
s681188,causal,36,0.5,0.57491,0.29437,ciciomt2024,4
s681188,causal,36,0.75,0.40977,0.4595,ciciomt2024,4
s681188,causal,36,1.0,0.30212,0.56716,ciciomt2024,4
s681188,non_causal,26,0.0,0.86928,0.0,ciciomt2024,4
s681188,non_causal,26,0.25,0.86928,0.0,ciciomt2024,4
s681188,non_causal,26,0.5,0.86928,0.0,ciciomt2024,4
s681188,non_causal,26,0.75,0.86927,1e-05,ciciomt2024,4
s681188,non_causal,26,1.0,0.86927,1e-05,ciciomt2024,4
s681188,non_causal,41,0.0,0.86928,0.0,ciciomt2024,4
s681188,non_causal,41,0.25,0.78161,0.08767,ciciomt2024,4
s681188,non_causal,41,0.5,0.81323,0.05605,ciciomt2024,4
s681188,non_causal,41,0.75,0.79915,0.07013,ciciomt2024,4
s681188,non_causal,41,1.0,0.87946,-0.01018,ciciomt2024,4
s681188,non_causal,19,0.0,0.86928,0.0,ciciomt2024,4
s681188,non_causal,19,0.25,0.86928,0.0,ciciomt2024,4
s681188,non_causal,19,0.5,0.86928,0.0,ciciomt2024,4
s681188,non_causal,19,0.75,0.86928,0.0,ciciomt2024,4
s681188,non_causal,19,1.0,0.86928,0.0,ciciomt2024,4
s276942,causal,0,0.0,0.84887,0.0,ciciomt2024,4
s276942,causal,0,0.25,0.15128,0.69759,ciciomt2024,4
s276942,causal,0,0.5,0.15127,0.6976,ciciomt2024,4
s276942,causal,0,0.75,0.15127,0.6976,ciciomt2024,4
s276942,causal,0,1.0,0.15127,0.6976,ciciomt2024,4
s276942,causal,3,0.0,0.84887,0.0,ciciomt2024,4
s276942,causal,3,0.25,0.96291,-0.11404,ciciomt2024,4
s276942,causal,3,0.5,0.95485,-0.10598,ciciomt2024,4
s276942,causal,3,0.75,0.21911,0.62976,ciciomt2024,4
s276942,causal,3,1.0,0.05041,0.79846,ciciomt2024,4
s276942,causal,13,0.0,0.84887,0.0,ciciomt2024,4
s276942,causal,13,0.25,0.72191,0.12696,ciciomt2024,4
s276942,causal,13,0.5,0.72191,0.12696,ciciomt2024,4
s276942,causal,13,0.75,0.72191,0.12696,ciciomt2024,4
s276942,causal,13,1.0,0.72157,0.1273,ciciomt2024,4
s276942,causal,15,0.0,0.84887,0.0,ciciomt2024,4
s276942,causal,15,0.25,0.22571,0.62316,ciciomt2024,4
s276942,causal,15,0.5,0.22503,0.62384,ciciomt2024,4
s276942,causal,15,0.75,0.22503,0.62384,ciciomt2024,4
s276942,causal,15,1.0,0.22503,0.62384,ciciomt2024,4
s276942,causal,24,0.0,0.84887,0.0,ciciomt2024,4
s276942,causal,24,0.25,0.74177,0.1071,ciciomt2024,4
s276942,causal,24,0.5,0.37847,0.4704,ciciomt2024,4
s276942,causal,24,0.75,0.47505,0.37382,ciciomt2024,4
s276942,causal,24,1.0,0.60172,0.24715,ciciomt2024,4
s276942,causal,33,0.0,0.84887,0.0,ciciomt2024,4
s276942,causal,33,0.25,0.28951,0.55936,ciciomt2024,4
s276942,causal,33,0.5,0.29312,0.55575,ciciomt2024,4
s276942,causal,33,0.75,0.29506,0.55381,ciciomt2024,4
s276942,causal,33,1.0,0.31786,0.53101,ciciomt2024,4
s276942,causal,35,0.0,0.84887,0.0,ciciomt2024,4
s276942,causal,35,0.25,0.43552,0.41335,ciciomt2024,4
s276942,causal,35,0.5,0.37841,0.47046,ciciomt2024,4
s276942,causal,35,0.75,0.3447,0.50417,ciciomt2024,4
s276942,causal,35,1.0,0.3447,0.50417,ciciomt2024,4
s276942,causal,36,0.0,0.84887,0.0,ciciomt2024,4
s276942,causal,36,0.25,0.72575,0.12312,ciciomt2024,4
s276942,causal,36,0.5,0.54688,0.30199,ciciomt2024,4
s276942,causal,36,0.75,0.41116,0.43771,ciciomt2024,4
s276942,causal,36,1.0,0.31327,0.5356,ciciomt2024,4
s276942,causal,39,0.0,0.84887,0.0,ciciomt2024,4
s276942,causal,39,0.25,0.79037,0.0585,ciciomt2024,4
s276942,causal,39,0.5,0.79037,0.0585,ciciomt2024,4
s276942,causal,39,0.75,0.77562,0.07325,ciciomt2024,4
s276942,causal,39,1.0,0.7682,0.08067,ciciomt2024,4
s276942,non_causal,16,0.0,0.84887,0.0,ciciomt2024,4
s276942,non_causal,16,0.25,0.84887,0.0,ciciomt2024,4
s276942,non_causal,16,0.5,0.84887,0.0,ciciomt2024,4
s276942,non_causal,16,0.75,0.84887,0.0,ciciomt2024,4
s276942,non_causal,16,1.0,0.84887,0.0,ciciomt2024,4
s276942,non_causal,6,0.0,0.84887,0.0,ciciomt2024,4
s276942,non_causal,6,0.25,0.84887,0.0,ciciomt2024,4
s276942,non_causal,6,0.5,0.84887,0.0,ciciomt2024,4
s276942,non_causal,6,0.75,0.84887,0.0,ciciomt2024,4
s276942,non_causal,6,1.0,0.84887,0.0,ciciomt2024,4
s276942,non_causal,32,0.0,0.84887,0.0,ciciomt2024,4
s276942,non_causal,32,0.25,0.86691,-0.01804,ciciomt2024,4
s276942,non_causal,32,0.5,0.8669,-0.01803,ciciomt2024,4
s276942,non_causal,32,0.75,0.8669,-0.01803,ciciomt2024,4
s276942,non_causal,32,1.0,0.8669,-0.01803,ciciomt2024,4
