sample_id,feature_kind,feature_idx,ablation_frac,detect_prob,detect_drop,dataset,seed
s88509,causal,2,0.0,0.77288,0.0,ciciot2023,0
s88509,causal,2,0.25,0.62707,0.14581,ciciot2023,0
s88509,causal,2,0.5,0.62651,0.14637,ciciot2023,0
s88509,causal,2,0.75,0.62651,0.14637,ciciot2023,0
s88509,causal,2,1.0,0.628,0.14488,ciciot2023,0
s88509,causal,3,0.0,0.77288,0.0,ciciot2023,0
s88509,causal,3,0.25,0.60565,0.16722,ciciot2023,0
s88509,causal,3,0.5,0.60564,0.16724,ciciot2023,0
s88509,causal,3,0.75,0.61509,0.15778,ciciot2023,0
s88509,causal,3,1.0,0.61509,0.15779,ciciot2023,0
s88509,causal,4,0.0,0.77288,0.0,ciciot2023,0
s88509,causal,4,0.25,0.80331,-0.03043,ciciot2023,0
s88509,causal,4,0.5,0.78549,-0.01262,ciciot2023,0
s88509,causal,4,0.75,0.71128,0.0616,ciciot2023,0
s88509,causal,4,1.0,0.67572,0.09716,ciciot2023,0
s88509,causal,13,0.0,0.77288,0.0,ciciot2023,0
s88509,causal,13,0.25,0.8141,-0.04122,ciciot2023,0
s88509,causal,13,0.5,0.79072,-0.01785,ciciot2023,0
s88509,causal,13,0.75,0.70917,0.0637,ciciot2023,0
s88509,causal,13,1.0,0.68789,0.08498,ciciot2023,0
s88509,causal,14,0.0,0.77288,0.0,ciciot2023,0
s88509,causal,14,0.25,0.56148,0.21139,ciciot2023,0
s88509,causal,14,0.5,0.48969,0.28318,ciciot2023,0
s88509,causal,14,0.75,0.4863,0.28658,ciciot2023,0
s88509,causal,14,1.0,0.48644,0.28644,ciciot2023,0
s88509,causal,16,0.0,0.77288,0.0,ciciot2023,0
s88509,causal,16,0.25,0.655,0.11788,ciciot2023,0
s88509,causal,16,0.5,0.655,0.11787,ciciot2023,0
s88509,causal,16,0.75,0.48314,0.28974,ciciot2023,0
s88509,causal,16,1.0,0.48314,0.28974,ciciot2023,0
s88509,causal,17,0.0,0.77288,0.0,ciciot2023,0
s88509,causal,17,0.25,0.68011,0.09277,ciciot2023,0
s88509,causal,17,0.5,0.68009,0.09278,ciciot2023,0
s88509,causal,17,0.75,0.68005,0.09282,ciciot2023,0
s88509,causal,17,1.0,0.6801,0.09277,ciciot2023,0
s88509,causal,30,0.0,0.77288,0.0,ciciot2023,0
s88509,causal,30,0.25,0.73289,0.03999,ciciot2023,0
s88509,causal,30,0.5,0.72524,0.04764,ciciot2023,0
s88509,causal,30,0.75,0.71752,0.05535,ciciot2023,0
s88509,causal,30,1.0,0.71751,0.05537,ciciot2023,0
s88509,causal,33,0.0,0.77288,0.0,ciciot2023,0
s88509,causal,33,0.25,0.70946,0.06342,ciciot2023,0
s88509,causal,33,0.5,0.70945,0.06343,ciciot2023,0
s88509,causal,33,0.75,0.70942,0.06346,ciciot2023,0
s88509,causal,33,1.0,0.70942,0.06346,ciciot2023,0
s88509,causal,34,0.0,0.77288,0.0,ciciot2023,0
s88509,causal,34,0.25,0.20892,0.56396,ciciot2023,0
s88509,causal,34,0.5,0.20862,0.56425,ciciot2023,0
s88509,causal,34,0.75,0.54713,0.22575,ciciot2023,0
s88509,causal,34,1.0,0.54862,0.22426,ciciot2023,0
s88509,non_causal,5,0.0,0.77288,0.0,ciciot2023,0
s88509,non_causal,5,0.25,0.77288,0.0,ciciot2023,0
s88509,non_causal,5,0.5,0.77288,0.0,ciciot2023,0
s88509,non_causal,5,0.75,0.77288,0.0,ciciot2023,0
s88509,non_causal,5,1.0,0.77288,0.0,ciciot2023,0
s88509,non_causal,18,0.0,0.77288,0.0,ciciot2023,0
s88509,non_causal,18,0.25,0.77288,0.0,ciciot2023,0
s88509,non_causal,18,0.5,0.77288,0.0,ciciot2023,0
s88509,non_causal,18,0.75,0.77288,0.0,ciciot2023,0
s88509,non_causal,18,1.0,0.77288,0.0,ciciot2023,0
s88509,non_causal,35,0.0,0.77288,0.0,ciciot2023,0
s88509,non_causal,35,0.25,0.77288,0.0,ciciot2023,0
s88509,non_causal,35,0.5,0.77288,0.0,ciciot2023,0
s88509,non_causal,35,0.75,0.77288,0.0,ciciot2023,0
s88509,non_causal,35,1.0,0.77288,0.0,ciciot2023,0
s915454,causal,1,0.0,0.92929,0.0,ciciot2023,0
s915454,causal,1,0.25,0.63851,0.29077,ciciot2023,0
s915454,causal,1,0.5,0.63846,0.29083,ciciot2023,0
s915454,causal,1,0.75,0.63846,0.29083,ciciot2023,0
s915454,causal,1,1.0,0.63846,0.29083,ciciot2023,0
s915454,causal,4,0.0,0.92929,0.0,ciciot2023,0
s915454,causal,4,0.25,0.86102,0.06826,ciciot2023,0
s915454,causal,4,0.5,0.82166,0.10763,ciciot2023,0
s915454,causal,4,0.75,0.82294,0.10635,ciciot2023,0
s915454,causal,4,1.0,0.82869,0.1006,ciciot2023,0
s915454,causal,14,0.0,0.92929,0.0,ciciot2023,0
s915454,causal,14,0.25,0.77986,0.14942,ciciot2023,0
s915454,causal,14,0.5,0.72363,0.20565,ciciot2023,0
s915454,causal,14,0.75,0.72056,0.20873,ciciot2023,0
s915454,causal,14,1.0,0.72071,0.20858,ciciot2023,0
s915454,causal,16,0.0,0.92929,0.0,ciciot2023,0
s915454,causal,16,0.25,0.87016,0.05913,ciciot2023,0
s915454,causal,16,0.5,0.87018,0.05911,ciciot2023,0
s915454,causal,16,0.75,0.76756,0.16173,ciciot2023,0
s915454,causal,16,1.0,0.76756,0.16173,ciciot2023,0
s915454,causal,17,0.0,0.92929,0.0,ciciot2023,0
s915454,causal,17,0.25,0.87652,0.05277,ciciot2023,0
s915454,causal,17,0.5,0.8765,0.05278,ciciot2023,0
s915454,causal,17,0.75,0.87647,0.05282,ciciot2023,0
s915454,causal,17,1.0,0.87653,0.05276,ciciot2023,0
s915454,causal,30,0.0,0.92929,0.0,ciciot2023,0
s915454,causal,30,0.25,0.79319,0.1361,ciciot2023,0
s915454,causal,30,0.5,0.78642,0.14287,ciciot2023,0
s915454,causal,30,0.75,0.77994,0.14935,ciciot2023,0
s915454,causal,30,1.0,0.77991,0.14938,ciciot2023,0
s915454,causal,33,0.0,0.92929,0.0,ciciot2023,0
s915454,causal,33,0.25,0.87021,0.05907,ciciot2023,0
s915454,causal,33,0.5,0.8702,0.05908,ciciot2023,0
s915454,causal,33,0.75,0.87017,0.05911,ciciot2023,0
s915454,causal,33,1.0,0.87017,0.05911,ciciot2023,0
s915454,causal,34,0.0,0.92929,0.0,ciciot2023,0
s915454,causal,34,0.25,0.39732,0.53197,ciciot2023,0
s915454,causal,34,0.5,0.39731,0.53198,ciciot2023,0
s915454,causal,34,0.75,0.7349,0.19438,ciciot2023,0
s915454,causal,34,1.0,0.7349,0.19438,ciciot2023,0
s915454,non_causal,21,0.0,0.92929,0.0,ciciot2023,0
s915454,non_causal,21,0.25,0.92929,0.0,ciciot2023,0
s915454,non_causal,21,0.5,0.92929,0.0,ciciot2023,0
s915454,non_causal,21,0.75,0.92929,0.0,ciciot2023,0
s915454,non_causal,21,1.0,0.92929,0.0,ciciot2023,0
s915454,non_causal,40,0.0,0.92929,0.0,ciciot2023,0
s915454,non_causal,40,0.25,0.92929,0.0,ciciot2023,0
s915454,non_causal,40,0.5,0.92929,0.0,ciciot2023,0
s915454,non_causal,40,0.75,0.92929,0.0,ciciot2023,0
s915454,non_causal,40,1.0,0.92929,0.0,ciciot2023,0
s915454,non_causal,36,0.0,0.92929,0.0,ciciot2023,0
s915454,non_causal,36,0.25,0.9354,-0.00612,ciciot2023,0
s915454,non_causal,36,0.5,0.93406,-0.00478,ciciot2023,0
s915454,non_causal,36,0.75,0.96828,-0.03899,ciciot2023,0
s915454,non_causal,36,1.0,0.97676,-0.04748,ciciot2023,0
s1410261,causal,3,0.0,0.93058,0.0,ciciot2023,0
s1410261,causal,3,0.25,0.7877,0.14288,ciciot2023,0
s1410261,causal,3,0.5,0.78767,0.14292,ciciot2023,0
s1410261,causal,3,0.75,0.79423,0.13635,ciciot2023,0
s1410261,causal,3,1.0,0.79423,0.13635,ciciot2023,0
s1410261,causal,4,0.0,0.93058,0.0,ciciot2023,0
s1410261,causal,4,0.25,0.93058,0.0,ciciot2023,0
s1410261,causal,4,0.5,0.93058,0.0,ciciot2023,0
s1410261,causal,4,0.75,0.9175,0.01308,ciciot2023,0
s1410261,causal,4,1.0,0.82275,0.10783,ciciot2023,0
s1410261,causal,13,0.0,0.93058,0.0,ciciot2023,0
s1410261,causal,13,0.25,0.92808,0.0025,ciciot2023,0
s1410261,causal,13,0.5,0.90151,0.02908,ciciot2023,0
s1410261,causal,13,0.75,0.83795,0.09263,ciciot2023,0
s1410261,causal,13,1.0,0.82083,0.10975,ciciot2023,0
s1410261,causal,14,0.0,0.93058,0.0,ciciot2023,0
s1410261,causal,14,0.25,0.74827,0.18231,ciciot2023,0
s1410261,causal,14,0.5,0.69002,0.24057,ciciot2023,0
s1410261,causal,14,0.75,0.68611,0.24447,ciciot2023,0
s1410261,causal,14,1.0,0.6863,0.24428,ciciot2023,0
s1410261,causal,16,0.0,0.93058,0.0,ciciot2023,0
s1410261,causal,16,0.25,0.87102,0.05956,ciciot2023,0
s1410261,causal,16,0.5,0.87105,0.05953,ciciot2023,0
s1410261,causal,16,0.75,0.77049,0.16009,ciciot2023,0
s1410261,causal,16,1.0,0.77049,0.16009,ciciot2023,0
s1410261,causal,17,0.0,0.93058,0.0,ciciot2023,0
s1410261,causal,17,0.25,0.80954,0.12104,ciciot2023,0
s1410261,causal,17,0.5,0.80949,0.12109,ciciot2023,0
s1410261,causal,17,0.75,0.80944,0.12114,ciciot2023,0
s1410261,causal,17,1.0,0.80954,0.12104,ciciot2023,0
s1410261,causal,34,0.0,0.93058,0.0,ciciot2023,0
s1410261,causal,34,0.25,0.54017,0.39041,ciciot2023,0
s1410261,causal,34,0.5,0.5399,0.39068,ciciot2023,0
s1410261,causal,34,0.75,0.83477,0.09582,ciciot2023,0
s1410261,causal,34,1.0,0.8348,0.09578,ciciot2023,0
s1410261,non_causal,36,0.0,0.93058,0.0,ciciot2023,0
s1410261,non_causal,36,0.25,0.93762,-0.00704,ciciot2023,0
s1410261,non_causal,36,0.5,0.93952,-0.00893,ciciot2023,0
s1410261,non_causal,36,0.75,0.95023,-0.01965,ciciot2023,0
s1410261,non_causal,36,1.0,0.96352,-0.03294,ciciot2023,0
s1410261,non_causal,1,0.0,0.93058,0.0,ciciot2023,0
s1410261,non_causal,1,0.25,0.907,0.02358,ciciot2023,0
s1410261,non_causal,1,0.5,0.90689,0.02369,ciciot2023,0
s1410261,non_causal,1,0.75,0.90689,0.02369,ciciot2023,0
s1410261,non_causal,1,1.0,0.90689,0.02369,ciciot2023,0
s1410261,non_causal,5,0.0,0.93058,0.0,ciciot2023,0
s1410261,non_causal,5,0.25,0.93058,0.0,ciciot2023,0
s1410261,non_causal,5,0.5,0.93058,0.0,ciciot2023,0
s1410261,non_causal,5,0.75,0.93058,0.0,ciciot2023,0
s1410261,non_causal,5,1.0,0.93058,0.0,ciciot2023,0
s370686,causal,1,0.0,0.86867,0.0,ciciot2023,0
s370686,causal,1,0.25,0.36899,0.49968,ciciot2023,0
s370686,causal,1,0.5,0.36893,0.49974,ciciot2023,0
s370686,causal,1,0.75,0.36893,0.49974,ciciot2023,0
s370686,causal,1,1.0,0.36893,0.49974,ciciot2023,0
s370686,causal,4,0.0,0.86867,0.0,ciciot2023,0
s370686,causal,4,0.25,0.85535,0.01332,ciciot2023,0
s370686,causal,4,0.5,0.82852,0.04015,ciciot2023,0
s370686,causal,4,0.75,0.81867,0.04999,ciciot2023,0
s370686,causal,4,1.0,0.80341,0.06525,ciciot2023,0
s370686,causal,13,0.0,0.86867,0.0,ciciot2023,0
s370686,causal,13,0.25,0.87365,-0.00498,ciciot2023,0
s370686,causal,13,0.5,0.8447,0.02396,ciciot2023,0
s370686,causal,13,0.75,0.7714,0.09727,ciciot2023,0
s370686,causal,13,1.0,0.75103,0.11763,ciciot2023,0
s370686,causal,14,0.0,0.86867,0.0,ciciot2023,0
s370686,causal,14,0.25,0.68828,0.18038,ciciot2023,0
s370686,causal,14,0.5,0.62768,0.24098,ciciot2023,0
s370686,causal,14,0.75,0.6252,0.24347,ciciot2023,0
s370686,causal,14,1.0,0.62531,0.24336,ciciot2023,0
s370686,causal,16,0.0,0.86867,0.0,ciciot2023,0
s370686,causal,16,0.25,0.73645,0.13222,ciciot2023,0
s370686,causal,16,0.5,0.73646,0.13221,ciciot2023,0
s370686,causal,16,0.75,0.58596,0.28271,ciciot2023,0
s370686,causal,16,1.0,0.58596,0.28271,ciciot2023,0
s370686,causal,17,0.0,0.86867,0.0,ciciot2023,0
s370686,causal,17,0.25,0.80419,0.06448,ciciot2023,0
s370686,causal,17,0.5,0.80417,0.06449,ciciot2023,0
s370686,causal,17,0.75,0.80414,0.06453,ciciot2023,0
s370686,causal,17,1.0,0.80418,0.06448,ciciot2023,0
s370686,causal,30,0.0,0.86867,0.0,ciciot2023,0
s370686,causal,30,0.25,0.82755,0.04111,ciciot2023,0
s370686,causal,30,0.5,0.82188,0.04679,ciciot2023,0
s370686,causal,30,0.75,0.81619,0.05247,ciciot2023,0
s370686,causal,30,1.0,0.81618,0.05248,ciciot2023,0
s370686,causal,34,0.0,0.86867,0.0,ciciot2023,0
s370686,causal,34,0.25,0.30915,0.55952,ciciot2023,0
s370686,causal,34,0.5,0.3087,0.55996,ciciot2023,0
s370686,causal,34,0.75,0.65573,0.21294,ciciot2023,0
s370686,causal,34,1.0,0.65718,0.21148,ciciot2023,0
s370686,non_causal,25,0.0,0.86867,0.0,ciciot2023,0
s370686,non_causal,25,0.25,0.86867,0.0,ciciot2023,0
s370686,non_causal,25,0.5,0.86867,0.0,ciciot2023,0
s370686,non_causal,25,0.75,0.86867,0.0,ciciot2023,0
s370686,non_causal,25,1.0,0.86867,0.0,ciciot2023,0
s370686,non_causal,12,0.0,0.86867,0.0,ciciot2023,0
s370686,non_causal,12,0.25,0.86867,0.0,ciciot2023,0
s370686,non_causal,12,0.5,0.86867,0.0,ciciot2023,0
s370686,non_causal,12,0.75,0.86867,0.0,ciciot2023,0
s370686,non_causal,12,1.0,0.86867,0.0,ciciot2023,0
s370686,non_causal,6,0.0,0.86867,0.0,ciciot2023,0
s370686,non_causal,6,0.25,0.86867,0.0,ciciot2023,0
s370686,non_causal,6,0.5,0.86867,0.0,ciciot2023,0
s370686,non_causal,6,0.75,0.86867,0.0,ciciot2023,0
s370686,non_causal,6,1.0,0.86867,0.0,ciciot2023,0
s1580706,causal,1,0.0,0.83341,0.0,ciciot2023,0
s1580706,causal,1,0.25,0.21447,0.61894,ciciot2023,0
s1580706,causal,1,0.5,0.21445,0.61896,ciciot2023,0
s1580706,causal,1,0.75,0.21445,0.61897,ciciot2023,0
s1580706,causal,1,1.0,0.21445,0.61897,ciciot2023,0
s1580706,causal,14,0.0,0.83341,0.0,ciciot2023,0
s1580706,causal,14,0.25,0.76314,0.07027,ciciot2023,0
s1580706,causal,14,0.5,0.73076,0.10266,ciciot2023,0
s1580706,causal,14,0.75,0.72272,0.11069,ciciot2023,0
s1580706,causal,14,1.0,0.72333,0.11008,ciciot2023,0
s1580706,causal,16,0.0,0.83341,0.0,ciciot2023,0
s1580706,causal,16,0.25,0.69354,0.13988,ciciot2023,0
s1580706,causal,16,0.5,0.69355,0.13986,ciciot2023,0
s1580706,causal,16,0.75,0.5234,0.31001,ciciot2023,0
s1580706,causal,16,1.0,0.5234,0.31001,ciciot2023,0
s1580706,causal,17,0.0,0.83341,0.0,ciciot2023,0
s1580706,causal,17,0.25,0.72099,0.11243,ciciot2023,0
s1580706,causal,17,0.5,0.72085,0.11256,ciciot2023,0
s1580706,causal,17,0.75,0.72077,0.11265,ciciot2023,0
s1580706,causal,17,1.0,0.72095,0.11246,ciciot2023,0
s1580706,causal,29,0.0,0.83341,0.0,ciciot2023,0
s1580706,causal,29,0.25,0.7264,0.10701,ciciot2023,0
s1580706,causal,29,0.5,0.7264,0.10702,ciciot2023,0
s1580706,causal,29,0.75,0.7264,0.10702,ciciot2023,0
s1580706,causal,29,1.0,0.72638,0.10703,ciciot2023,0
s1580706,causal,30,0.0,0.83341,0.0,ciciot2023,0
s1580706,causal,30,0.25,0.63665,0.19676,ciciot2023,0
s1580706,causal,30,0.5,0.62755,0.20586,ciciot2023,0
s1580706,causal,30,0.75,0.61854,0.21487,ciciot2023,0
s1580706,causal,30,1.0,0.6185,0.21491,ciciot2023,0
s1580706,causal,33,0.0,0.83341,0.0,ciciot2023,0
s1580706,causal,33,0.25,0.76838,0.06503,ciciot2023,0
s1580706,causal,33,0.5,0.76836,0.06505,ciciot2023,0
s1580706,causal,33,0.75,0.76832,0.06509,ciciot2023,0
s1580706,causal,33,1.0,0.76832,0.06509,ciciot2023,0
s1580706,non_causal,15,0.0,0.83341,0.0,ciciot2023,0
s1580706,non_causal,15,0.25,0.83341,0.0,ciciot2023,0
s1580706,non_causal,15,0.5,0.83341,0.0,ciciot2023,0
s1580706,non_causal,15,0.75,0.83341,0.0,ciciot2023,0
s1580706,non_causal,15,1.0,0.83341,0.0,ciciot2023,0
s1580706,non_causal,32,0.0,0.83341,0.0,ciciot2023,0
s1580706,non_causal,32,0.25,0.80512,0.02829,ciciot2023,0
s1580706,non_causal,32,0.5,0.8051,0.02831,ciciot2023,0
s1580706,non_causal,32,0.75,0.80503,0.02838,ciciot2023,0
s1580706,non_causal,32,1.0,0.80506,0.02835,ciciot2023,0
s1580706,non_causal,3,0.0,0.83341,0.0,ciciot2023,0
s1580706,non_causal,3,0.25,0.88117,-0.04776,ciciot2023,0
s1580706,non_causal,3,0.5,0.88115,-0.04774,ciciot2023,0
s1580706,non_causal,3,0.75,0.88525,-0.05184,ciciot2023,0
s1580706,non_causal,3,1.0,0.88525,-0.05184,ciciot2023,0
s1233097,causal,1,0.0,0.8572,0.0,ciciot2023,0
s1233097,causal,1,0.25,0.32483,0.53237,ciciot2023,0
s1233097,causal,1,0.5,0.32479,0.53241,ciciot2023,0
s1233097,causal,1,0.75,0.32479,0.53241,ciciot2023,0
s1233097,causal,1,1.0,0.32479,0.53241,ciciot2023,0
s1233097,causal,3,0.0,0.8572,0.0,ciciot2023,0
s1233097,causal,3,0.25,0.70128,0.15592,ciciot2023,0
s1233097,causal,3,0.5,0.70126,0.15594,ciciot2023,0
s1233097,causal,3,0.75,0.69213,0.16507,ciciot2023,0
s1233097,causal,3,1.0,0.69213,0.16507,ciciot2023,0
s1233097,causal,13,0.0,0.8572,0.0,ciciot2023,0
s1233097,causal,13,0.25,0.86363,-0.00643,ciciot2023,0
s1233097,causal,13,0.5,0.84531,0.01189,ciciot2023,0
s1233097,causal,13,0.75,0.80893,0.04827,ciciot2023,0
s1233097,causal,13,1.0,0.76759,0.08961,ciciot2023,0
s1233097,causal,14,0.0,0.8572,0.0,ciciot2023,0
s1233097,causal,14,0.25,0.83067,0.02654,ciciot2023,0
s1233097,causal,14,0.5,0.78928,0.06793,ciciot2023,0
s1233097,causal,14,0.75,0.78639,0.07081,ciciot2023,0
s1233097,causal,14,1.0,0.78647,0.07073,ciciot2023,0
s1233097,causal,16,0.0,0.8572,0.0,ciciot2023,0
s1233097,causal,16,0.25,0.8045,0.0527,ciciot2023,0
s1233097,causal,16,0.5,0.80452,0.05268,ciciot2023,0
s1233097,causal,16,0.75,0.66759,0.18962,ciciot2023,0
s1233097,causal,16,1.0,0.66758,0.18962,ciciot2023,0
s1233097,causal,30,0.0,0.8572,0.0,ciciot2023,0
s1233097,causal,30,0.25,0.68507,0.17213,ciciot2023,0
s1233097,causal,30,0.5,0.67664,0.18056,ciciot2023,0
s1233097,causal,30,0.75,0.66819,0.18901,ciciot2023,0
s1233097,causal,30,1.0,0.66818,0.18902,ciciot2023,0
s1233097,causal,34,0.0,0.8572,0.0,ciciot2023,0
s1233097,causal,34,0.25,0.39421,0.463,ciciot2023,0
s1233097,causal,34,0.5,0.3942,0.463,ciciot2023,0
s1233097,causal,34,0.75,0.71284,0.14436,ciciot2023,0
s1233097,causal,34,1.0,0.71284,0.14436,ciciot2023,0
s1233097,non_causal,11,0.0,0.8572,0.0,ciciot2023,0
s1233097,non_causal,11,0.25,0.8572,0.0,ciciot2023,0
s1233097,non_causal,11,0.5,0.8572,0.0,ciciot2023,0
s1233097,non_causal,11,0.75,0.8572,0.0,ciciot2023,0
s1233097,non_causal,11,1.0,0.8572,0.0,ciciot2023,0
s1233097,non_causal,9,0.0,0.8572,0.0,ciciot2023,0
s1233097,non_causal,9,0.25,0.8572,0.0,ciciot2023,0
s1233097,non_causal,9,0.5,0.8572,0.0,ciciot2023,0
s1233097,non_causal,9,0.75,0.8572,0.0,ciciot2023,0
s1233097,non_causal,9,1.0,0.8572,0.0,ciciot2023,0
s1233097,non_causal,17,0.0,0.8572,0.0,ciciot2023,0
s1233097,non_causal,17,0.25,0.83076,0.02644,ciciot2023,0
s1233097,non_causal,17,0.5,0.83064,0.02656,ciciot2023,0
s1233097,non_causal,17,0.75,0.83057,0.02663,ciciot2023,0
s1233097,non_causal,17,1.0,0.83066,0.02654,ciciot2023,0
s1261149,causal,1,0.0,0.69534,0.0,ciciot2023,0
s1261149,causal,1,0.25,0.40144,0.2939,ciciot2023,0
s1261149,causal,1,0.5,0.40134,0.294,ciciot2023,0
s1261149,causal,1,0.75,0.40134,0.29401,ciciot2023,0
s1261149,causal,1,1.0,0.40135,0.29399,ciciot2023,0
s1261149,causal,3,0.0,0.69534,0.0,ciciot2023,0
s1261149,causal,3,0.25,0.484,0.21134,ciciot2023,0
s1261149,causal,3,0.5,0.47446,0.22088,ciciot2023,0
s1261149,causal,3,0.75,0.47812,0.21723,ciciot2023,0
s1261149,causal,3,1.0,0.47812,0.21723,ciciot2023,0
s1261149,causal,13,0.0,0.69534,0.0,ciciot2023,0
s1261149,causal,13,0.25,0.69524,0.0001,ciciot2023,0
s1261149,causal,13,0.5,0.63224,0.0631,ciciot2023,0
s1261149,causal,13,0.75,0.48334,0.212,ciciot2023,0
s1261149,causal,13,1.0,0.43822,0.25712,ciciot2023,0
s1261149,causal,14,0.0,0.69534,0.0,ciciot2023,0
s1261149,causal,14,0.25,0.6871,0.00824,ciciot2023,0
s1261149,causal,14,0.5,0.61539,0.07995,ciciot2023,0
s1261149,causal,14,0.75,0.61218,0.08316,ciciot2023,0
s1261149,causal,14,1.0,0.61226,0.08308,ciciot2023,0
s1261149,causal,16,0.0,0.69534,0.0,ciciot2023,0
s1261149,causal,16,0.25,0.64578,0.04957,ciciot2023,0
s1261149,causal,16,0.5,0.64575,0.04959,ciciot2023,0
s1261149,causal,16,0.75,0.46628,0.22906,ciciot2023,0
s1261149,causal,16,1.0,0.46628,0.22907,ciciot2023,0
s1261149,causal,17,0.0,0.69534,0.0,ciciot2023,0
s1261149,causal,17,0.25,0.49611,0.19923,ciciot2023,0
s1261149,causal,17,0.5,0.49591,0.19943,ciciot2023,0
s1261149,causal,17,0.75,0.49578,0.19956,ciciot2023,0
s1261149,causal,17,1.0,0.49592,0.19943,ciciot2023,0
s1261149,causal,29,0.0,0.69534,0.0,ciciot2023,0
s1261149,causal,29,0.25,0.60064,0.09471,ciciot2023,0
s1261149,causal,29,0.5,0.60063,0.09471,ciciot2023,0
s1261149,causal,29,0.75,0.60063,0.09471,ciciot2023,0
s1261149,causal,29,1.0,0.60051,0.09483,ciciot2023,0
s1261149,causal,34,0.0,0.69534,0.0,ciciot2023,0
s1261149,causal,34,0.25,0.18991,0.50544,ciciot2023,0
s1261149,causal,34,0.5,0.19933,0.49602,ciciot2023,0
s1261149,causal,34,0.75,0.49812,0.19723,ciciot2023,0
s1261149,causal,34,1.0,0.49811,0.19723,ciciot2023,0
s1261149,non_causal,35,0.0,0.69534,0.0,ciciot2023,0
s1261149,non_causal,35,0.25,0.69534,0.0,ciciot2023,0
s1261149,non_causal,35,0.5,0.69534,0.0,ciciot2023,0
s1261149,non_causal,35,0.75,0.69534,0.0,ciciot2023,0
s1261149,non_causal,35,1.0,0.69534,0.0,ciciot2023,0
s1261149,non_causal,20,0.0,0.69534,0.0,ciciot2023,0
s1261149,non_causal,20,0.25,0.69534,0.0,ciciot2023,0
s1261149,non_causal,20,0.5,0.69534,0.0,ciciot2023,0
s1261149,non_causal,20,0.75,0.69534,0.0,ciciot2023,0
s1261149,non_causal,20,1.0,0.69534,0.0,ciciot2023,0
s1261149,non_causal,33,0.0,0.69534,0.0,ciciot2023,0
s1261149,non_causal,33,0.25,0.69779,-0.00245,ciciot2023,0
s1261149,non_causal,33,0.5,0.69773,-0.00239,ciciot2023,0
s1261149,non_causal,33,0.75,0.69745,-0.00211,ciciot2023,0
s1261149,non_causal,33,1.0,0.69745,-0.00211,ciciot2023,0
s994759,causal,1,0.0,0.56918,0.0,ciciot2023,0
s994759,causal,1,0.25,0.07504,0.49414,ciciot2023,0
s994759,causal,1,0.5,0.07502,0.49416,ciciot2023,0
s994759,causal,1,0.75,0.07502,0.49416,ciciot2023,0
s994759,causal,1,1.0,0.07502,0.49416,ciciot2023,0
s994759,causal,3,0.0,0.56918,0.0,ciciot2023,0
s994759,causal,3,0.25,0.52443,0.04475,ciciot2023,0
s994759,causal,3,0.5,0.52441,0.04477,ciciot2023,0
s994759,causal,3,0.75,0.51363,0.05555,ciciot2023,0
s994759,causal,3,1.0,0.51361,0.05557,ciciot2023,0
s994759,causal,4,0.0,0.56918,0.0,ciciot2023,0
s994759,causal,4,0.25,0.52717,0.04201,ciciot2023,0
s994759,causal,4,0.5,0.52357,0.04561,ciciot2023,0
s994759,causal,4,0.75,0.4836,0.08558,ciciot2023,0
s994759,causal,4,1.0,0.14333,0.42585,ciciot2023,0
s994759,causal,14,0.0,0.56918,0.0,ciciot2023,0
s994759,causal,14,0.25,0.55844,0.01074,ciciot2023,0
s994759,causal,14,0.5,0.49731,0.07187,ciciot2023,0
s994759,causal,14,0.75,0.49389,0.07529,ciciot2023,0
s994759,causal,14,1.0,0.49403,0.07515,ciciot2023,0
s994759,causal,16,0.0,0.56918,0.0,ciciot2023,0
s994759,causal,16,0.25,0.50462,0.06456,ciciot2023,0
s994759,causal,16,0.5,0.50464,0.06454,ciciot2023,0
s994759,causal,16,0.75,0.32585,0.24333,ciciot2023,0
s994759,causal,16,1.0,0.32585,0.24333,ciciot2023,0
s994759,causal,17,0.0,0.56918,0.0,ciciot2023,0
s994759,causal,17,0.25,0.49507,0.07411,ciciot2023,0
s994759,causal,17,0.5,0.49472,0.07446,ciciot2023,0
s994759,causal,17,0.75,0.49448,0.0747,ciciot2023,0
s994759,causal,17,1.0,0.4952,0.07398,ciciot2023,0
s994759,causal,30,0.0,0.56918,0.0,ciciot2023,0
s994759,causal,30,0.25,0.47993,0.08925,ciciot2023,0
s994759,causal,30,0.5,0.47061,0.09857,ciciot2023,0
s994759,causal,30,0.75,0.46103,0.10815,ciciot2023,0
s994759,causal,30,1.0,0.46101,0.10817,ciciot2023,0
s994759,causal,34,0.0,0.56918,0.0,ciciot2023,0
s994759,causal,34,0.25,0.03054,0.53864,ciciot2023,0
s994759,causal,34,0.5,0.03054,0.53864,ciciot2023,0
s994759,causal,34,0.75,0.13809,0.43109,ciciot2023,0
s994759,causal,34,1.0,0.1381,0.43108,ciciot2023,0
s994759,non_causal,12,0.0,0.56918,0.0,ciciot2023,0
s994759,non_causal,12,0.25,0.56918,0.0,ciciot2023,0
s994759,non_causal,12,0.5,0.56918,0.0,ciciot2023,0
s994759,non_causal,12,0.75,0.56918,0.0,ciciot2023,0
s994759,non_causal,12,1.0,0.56918,0.0,ciciot2023,0
s994759,non_causal,10,0.0,0.56918,0.0,ciciot2023,0
s994759,non_causal,10,0.25,0.56918,0.0,ciciot2023,0
s994759,non_causal,10,0.5,0.56918,0.0,ciciot2023,0
s994759,non_causal,10,0.75,0.56918,0.0,ciciot2023,0
s994759,non_causal,10,1.0,0.56918,0.0,ciciot2023,0
s994759,non_causal,36,0.0,0.56918,0.0,ciciot2023,0
s994759,non_causal,36,0.25,0.55757,0.01161,ciciot2023,0
s994759,non_causal,36,0.5,0.57732,-0.00814,ciciot2023,0
s994759,non_causal,36,0.75,0.91977,-0.35059,ciciot2023,0
s994759,non_causal,36,1.0,0.94151,-0.37233,ciciot2023,0
s1448895,causal,3,0.0,0.93061,0.0,ciciot2023,0
s1448895,causal,3,0.25,0.78778,0.14283,ciciot2023,0
s1448895,causal,3,0.5,0.78775,0.14287,ciciot2023,0
s1448895,causal,3,0.75,0.79431,0.1363,ciciot2023,0
s1448895,causal,3,1.0,0.7943,0.13631,ciciot2023,0
s1448895,causal,4,0.0,0.93061,0.0,ciciot2023,0
s1448895,causal,4,0.25,0.91868,0.01193,ciciot2023,0
s1448895,causal,4,0.5,0.89746,0.03315,ciciot2023,0
s1448895,causal,4,0.75,0.9353,-0.00469,ciciot2023,0
s1448895,causal,4,1.0,0.80606,0.12455,ciciot2023,0
s1448895,causal,13,0.0,0.93061,0.0,ciciot2023,0
s1448895,causal,13,0.25,0.93176,-0.00114,ciciot2023,0
s1448895,causal,13,0.5,0.90641,0.0242,ciciot2023,0
s1448895,causal,13,0.75,0.83376,0.09685,ciciot2023,0
s1448895,causal,13,1.0,0.81629,0.11432,ciciot2023,0
s1448895,causal,14,0.0,0.93061,0.0,ciciot2023,0
s1448895,causal,14,0.25,0.74836,0.18225,ciciot2023,0
s1448895,causal,14,0.5,0.69011,0.2405,ciciot2023,0
s1448895,causal,14,0.75,0.68621,0.2444,ciciot2023,0
s1448895,causal,14,1.0,0.68639,0.24422,ciciot2023,0
s1448895,causal,16,0.0,0.93061,0.0,ciciot2023,0
s1448895,causal,16,0.25,0.86448,0.06613,ciciot2023,0
s1448895,causal,16,0.5,0.86451,0.0661,ciciot2023,0
s1448895,causal,16,0.75,0.76026,0.17035,ciciot2023,0
s1448895,causal,16,1.0,0.76026,0.17035,ciciot2023,0
s1448895,causal,17,0.0,0.93061,0.0,ciciot2023,0
s1448895,causal,17,0.25,0.80962,0.12099,ciciot2023,0
s1448895,causal,17,0.5,0.80957,0.12104,ciciot2023,0
s1448895,causal,17,0.75,0.80952,0.1211,ciciot2023,0
s1448895,causal,17,1.0,0.80961,0.121,ciciot2023,0
s1448895,causal,34,0.0,0.93061,0.0,ciciot2023,0
s1448895,causal,34,0.25,0.54029,0.39032,ciciot2023,0
s1448895,causal,34,0.5,0.54002,0.39059,ciciot2023,0
s1448895,causal,34,0.75,0.83484,0.09578,ciciot2023,0
s1448895,causal,34,1.0,0.83487,0.09574,ciciot2023,0
s1448895,non_causal,40,0.0,0.93061,0.0,ciciot2023,0
s1448895,non_causal,40,0.25,0.93061,0.0,ciciot2023,0
s1448895,non_causal,40,0.5,0.93061,0.0,ciciot2023,0
s1448895,non_causal,40,0.75,0.93061,0.0,ciciot2023,0
s1448895,non_causal,40,1.0,0.93061,0.0,ciciot2023,0
s1448895,non_causal,15,0.0,0.93061,0.0,ciciot2023,0
s1448895,non_causal,15,0.25,0.93061,0.0,ciciot2023,0
s1448895,non_causal,15,0.5,0.93061,0.0,ciciot2023,0
s1448895,non_causal,15,0.75,0.93061,0.0,ciciot2023,0
s1448895,non_causal,15,1.0,0.93061,0.0,ciciot2023,0
s1448895,non_causal,8,0.0,0.93061,0.0,ciciot2023,0
s1448895,non_causal,8,0.25,0.93061,0.0,ciciot2023,0
s1448895,non_causal,8,0.5,0.93061,0.0,ciciot2023,0
s1448895,non_causal,8,0.75,0.93061,0.0,ciciot2023,0
s1448895,non_causal,8,1.0,0.93061,0.0,ciciot2023,0
s532792,causal,1,0.0,0.96729,0.0,ciciot2023,0
s532792,causal,1,0.25,0.86736,0.09993,ciciot2023,0
s532792,causal,1,0.5,0.8673,0.1,ciciot2023,0
s532792,causal,1,0.75,0.8673,0.1,ciciot2023,0
s532792,causal,1,1.0,0.8673,0.1,ciciot2023,0
s532792,causal,4,0.0,0.96729,0.0,ciciot2023,0
s532792,causal,4,0.25,0.92929,0.03801,ciciot2023,0
s532792,causal,4,0.5,0.8427,0.12459,ciciot2023,0
s532792,causal,4,0.75,0.83501,0.13228,ciciot2023,0
s532792,causal,4,1.0,0.82869,0.13861,ciciot2023,0
s532792,causal,14,0.0,0.96729,0.0,ciciot2023,0
s532792,causal,14,0.25,0.88097,0.08632,ciciot2023,0
s532792,causal,14,0.5,0.84512,0.12217,ciciot2023,0
s532792,causal,14,0.75,0.84084,0.12646,ciciot2023,0
s532792,causal,14,1.0,0.84106,0.12623,ciciot2023,0
s532792,causal,16,0.0,0.96729,0.0,ciciot2023,0
s532792,causal,16,0.25,0.92021,0.04709,ciciot2023,0
s532792,causal,16,0.5,0.92023,0.04707,ciciot2023,0
s532792,causal,16,0.75,0.85213,0.11516,ciciot2023,0
s532792,causal,16,1.0,0.85213,0.11516,ciciot2023,0
s532792,causal,34,0.0,0.96729,0.0,ciciot2023,0
s532792,causal,34,0.25,0.5532,0.4141,ciciot2023,0
s532792,causal,34,0.5,0.55318,0.41411,ciciot2023,0
s532792,causal,34,0.75,0.83697,0.13032,ciciot2023,0
s532792,causal,34,1.0,0.83697,0.13032,ciciot2023,0
s532792,non_causal,5,0.0,0.96729,0.0,ciciot2023,0
s532792,non_causal,5,0.25,0.96729,0.0,ciciot2023,0
s532792,non_causal,5,0.5,0.96729,0.0,ciciot2023,0
s532792,non_causal,5,0.75,0.96729,0.0,ciciot2023,0
s532792,non_causal,5,1.0,0.96729,0.0,ciciot2023,0
s532792,non_causal,19,0.0,0.96729,0.0,ciciot2023,0
s532792,non_causal,19,0.25,0.96729,0.0,ciciot2023,0
s532792,non_causal,19,0.5,0.96729,0.0,ciciot2023,0
s532792,non_causal,19,0.75,0.96729,0.0,ciciot2023,0
s532792,non_causal,19,1.0,0.96729,0.0,ciciot2023,0
s532792,non_causal,38,0.0,0.96729,0.0,ciciot2023,0
s532792,non_causal,38,0.25,0.97556,-0.00826,ciciot2023,0
s532792,non_causal,38,0.5,0.97554,-0.00825,ciciot2023,0
s532792,non_causal,38,0.75,0.97554,-0.00825,ciciot2023,0
s532792,non_causal,38,1.0,0.97552,-0.00823,ciciot2023,0
s1025468,causal,1,0.0,0.93039,0.0,ciciot2023,0
s1025468,causal,1,0.25,0.52809,0.4023,ciciot2023,0
s1025468,causal,1,0.5,0.52802,0.40237,ciciot2023,0
s1025468,causal,1,0.75,0.52802,0.40237,ciciot2023,0
s1025468,causal,1,1.0,0.52802,0.40237,ciciot2023,0
s1025468,causal,3,0.0,0.93039,0.0,ciciot2023,0
s1025468,causal,3,0.25,0.83489,0.0955,ciciot2023,0
s1025468,causal,3,0.5,0.83487,0.09552,ciciot2023,0
s1025468,causal,3,0.75,0.84027,0.09011,ciciot2023,0
s1025468,causal,3,1.0,0.84027,0.09012,ciciot2023,0
s1025468,causal,4,0.0,0.93039,0.0,ciciot2023,0
s1025468,causal,4,0.25,0.92931,0.00108,ciciot2023,0
s1025468,causal,4,0.5,0.84869,0.0817,ciciot2023,0
s1025468,causal,4,0.75,0.76701,0.16338,ciciot2023,0
s1025468,causal,4,1.0,0.74685,0.18354,ciciot2023,0
s1025468,causal,14,0.0,0.93039,0.0,ciciot2023,0
s1025468,causal,14,0.25,0.80008,0.1303,ciciot2023,0
s1025468,causal,14,0.5,0.74975,0.18064,ciciot2023,0
s1025468,causal,14,0.75,0.74596,0.18442,ciciot2023,0
s1025468,causal,14,1.0,0.74615,0.18424,ciciot2023,0
s1025468,causal,16,0.0,0.93039,0.0,ciciot2023,0
s1025468,causal,16,0.25,0.85812,0.07227,ciciot2023,0
s1025468,causal,16,0.5,0.85814,0.07224,ciciot2023,0
s1025468,causal,16,0.75,0.75772,0.17267,ciciot2023,0
s1025468,causal,16,1.0,0.75772,0.17267,ciciot2023,0
s1025468,causal,33,0.0,0.93039,0.0,ciciot2023,0
s1025468,causal,33,0.25,0.86304,0.06735,ciciot2023,0
s1025468,causal,33,0.5,0.86302,0.06736,ciciot2023,0
s1025468,causal,33,0.75,0.86299,0.0674,ciciot2023,0
s1025468,causal,33,1.0,0.86299,0.0674,ciciot2023,0
s1025468,causal,34,0.0,0.93039,0.0,ciciot2023,0
s1025468,causal,34,0.25,0.42968,0.50071,ciciot2023,0
s1025468,causal,34,0.5,0.42965,0.50073,ciciot2023,0
s1025468,causal,34,0.75,0.7731,0.15729,ciciot2023,0
s1025468,causal,34,1.0,0.7731,0.15729,ciciot2023,0
s1025468,non_causal,26,0.0,0.93039,0.0,ciciot2023,0
s1025468,non_causal,26,0.25,0.93039,0.0,ciciot2023,0
s1025468,non_causal,26,0.5,0.93039,0.0,ciciot2023,0
s1025468,non_causal,26,0.75,0.93039,0.0,ciciot2023,0
s1025468,non_causal,26,1.0,0.93039,0.0,ciciot2023,0
s1025468,non_causal,37,0.0,0.93039,0.0,ciciot2023,0
s1025468,non_causal,37,0.25,0.93397,-0.00358,ciciot2023,0
s1025468,non_causal,37,0.5,0.93393,-0.00354,ciciot2023,0
s1025468,non_causal,37,0.75,0.93392,-0.00354,ciciot2023,0
s1025468,non_causal,37,1.0,0.93392,-0.00353,ciciot2023,0
s1025468,non_causal,22,0.0,0.93039,0.0,ciciot2023,0
s1025468,non_causal,22,0.25,0.93039,0.0,ciciot2023,0
s1025468,non_causal,22,0.5,0.93039,0.0,ciciot2023,0
s1025468,non_causal,22,0.75,0.93039,0.0,ciciot2023,0
s1025468,non_causal,22,1.0,0.93039,0.0,ciciot2023,0
s650359,causal,1,0.0,0.94396,0.0,ciciot2023,0
s650359,causal,1,0.25,0.76707,0.17689,ciciot2023,0
s650359,causal,1,0.5,0.76699,0.17697,ciciot2023,0
s650359,causal,1,0.75,0.76699,0.17698,ciciot2023,0
s650359,causal,1,1.0,0.76699,0.17698,ciciot2023,0
s650359,causal,2,0.0,0.94396,0.0,ciciot2023,0
s650359,causal,2,0.25,0.86959,0.07438,ciciot2023,0
s650359,causal,2,0.5,0.86888,0.07508,ciciot2023,0
s650359,causal,2,0.75,0.86888,0.07508,ciciot2023,0
s650359,causal,2,1.0,0.8696,0.07436,ciciot2023,0
s650359,causal,3,0.0,0.94396,0.0,ciciot2023,0
s650359,causal,3,0.25,0.71731,0.22665,ciciot2023,0
s650359,causal,3,0.5,0.7173,0.22667,ciciot2023,0
s650359,causal,3,0.75,0.72528,0.21868,ciciot2023,0
s650359,causal,3,1.0,0.72528,0.21868,ciciot2023,0
s650359,causal,4,0.0,0.94396,0.0,ciciot2023,0
s650359,causal,4,0.25,0.94083,0.00313,ciciot2023,0
s650359,causal,4,0.5,0.93699,0.00697,ciciot2023,0
s650359,causal,4,0.75,0.80118,0.14278,ciciot2023,0
s650359,causal,4,1.0,0.78577,0.15819,ciciot2023,0
s650359,causal,14,0.0,0.94396,0.0,ciciot2023,0
s650359,causal,14,0.25,0.79623,0.14773,ciciot2023,0
s650359,causal,14,0.5,0.74514,0.19883,ciciot2023,0
s650359,causal,14,0.75,0.74084,0.20312,ciciot2023,0
s650359,causal,14,1.0,0.74106,0.2029,ciciot2023,0
s650359,causal,16,0.0,0.94396,0.0,ciciot2023,0
s650359,causal,16,0.25,0.87868,0.06528,ciciot2023,0
s650359,causal,16,0.5,0.87871,0.06525,ciciot2023,0
s650359,causal,16,0.75,0.78315,0.16081,ciciot2023,0
s650359,causal,16,1.0,0.78315,0.16081,ciciot2023,0
s650359,causal,17,0.0,0.94396,0.0,ciciot2023,0
s650359,causal,17,0.25,0.89296,0.051,ciciot2023,0
s650359,causal,17,0.5,0.89295,0.05102,ciciot2023,0
s650359,causal,17,0.75,0.8929,0.05106,ciciot2023,0
s650359,causal,17,1.0,0.89297,0.05099,ciciot2023,0
s650359,causal,33,0.0,0.94396,0.0,ciciot2023,0
s650359,causal,33,0.25,0.88049,0.06347,ciciot2023,0
s650359,causal,33,0.5,0.88047,0.06349,ciciot2023,0
s650359,causal,33,0.75,0.88043,0.06353,ciciot2023,0
s650359,causal,33,1.0,0.88043,0.06353,ciciot2023,0
s650359,causal,34,0.0,0.94396,0.0,ciciot2023,0
s650359,causal,34,0.25,0.49331,0.45065,ciciot2023,0
s650359,causal,34,0.5,0.49328,0.45069,ciciot2023,0
s650359,causal,34,0.75,0.80733,0.13663,ciciot2023,0
s650359,causal,34,1.0,0.80733,0.13663,ciciot2023,0
s650359,non_causal,25,0.0,0.94396,0.0,ciciot2023,0
s650359,non_causal,25,0.25,0.94396,0.0,ciciot2023,0
s650359,non_causal,25,0.5,0.94396,0.0,ciciot2023,0
s650359,non_causal,25,0.75,0.94396,0.0,ciciot2023,0
s650359,non_causal,25,1.0,0.94396,0.0,ciciot2023,0
s650359,non_causal,7,0.0,0.94396,0.0,ciciot2023,0
s650359,non_causal,7,0.25,0.94396,0.0,ciciot2023,0
s650359,non_causal,7,0.5,0.94396,0.0,ciciot2023,0
s650359,non_causal,7,0.75,0.94396,0.0,ciciot2023,0
s650359,non_causal,7,1.0,0.94396,0.0,ciciot2023,0
s650359,non_causal,20,0.0,0.94396,0.0,ciciot2023,0
s650359,non_causal,20,0.25,0.94396,0.0,ciciot2023,0
s650359,non_causal,20,0.5,0.94396,0.0,ciciot2023,0
s650359,non_causal,20,0.75,0.94396,0.0,ciciot2023,0
s650359,non_causal,20,1.0,0.94396,0.0,ciciot2023,0
s1435946,causal,0,0.0,0.79993,0.0,ciciot2023,0
s1435946,causal,0,0.25,0.70766,0.09227,ciciot2023,0
s1435946,causal,0,0.5,0.70713,0.0928,ciciot2023,0
s1435946,causal,0,0.75,0.70514,0.09479,ciciot2023,0
s1435946,causal,0,1.0,0.70505,0.09488,ciciot2023,0
s1435946,causal,1,0.0,0.79993,0.0,ciciot2023,0
s1435946,causal,1,0.25,0.68774,0.11218,ciciot2023,0
s1435946,causal,1,0.5,0.68766,0.11227,ciciot2023,0
s1435946,causal,1,0.75,0.68766,0.11227,ciciot2023,0
s1435946,causal,1,1.0,0.68766,0.11227,ciciot2023,0
s1435946,causal,4,0.0,0.79993,0.0,ciciot2023,0
s1435946,causal,4,0.25,0.55648,0.24344,ciciot2023,0
s1435946,causal,4,0.5,0.26275,0.53718,ciciot2023,0
s1435946,causal,4,0.75,0.29,0.50993,ciciot2023,0
s1435946,causal,4,1.0,0.39364,0.40629,ciciot2023,0
s1435946,causal,14,0.0,0.79993,0.0,ciciot2023,0
s1435946,causal,14,0.25,0.76571,0.03422,ciciot2023,0
s1435946,causal,14,0.5,0.70721,0.09272,ciciot2023,0
s1435946,causal,14,0.75,0.70429,0.09564,ciciot2023,0
s1435946,causal,14,1.0,0.70445,0.09548,ciciot2023,0
s1435946,causal,16,0.0,0.79993,0.0,ciciot2023,0
s1435946,causal,16,0.25,0.65902,0.14091,ciciot2023,0
s1435946,causal,16,0.5,0.65905,0.14087,ciciot2023,0
s1435946,causal,16,0.75,0.48193,0.318,ciciot2023,0
s1435946,causal,16,1.0,0.48193,0.318,ciciot2023,0
s1435946,causal,17,0.0,0.79993,0.0,ciciot2023,0
s1435946,causal,17,0.25,0.55624,0.24369,ciciot2023,0
s1435946,causal,17,0.5,0.55549,0.24444,ciciot2023,0
s1435946,causal,17,0.75,0.55541,0.24452,ciciot2023,0
s1435946,causal,17,1.0,0.55647,0.24346,ciciot2023,0
s1435946,causal,29,0.0,0.79993,0.0,ciciot2023,0
s1435946,causal,29,0.25,0.72466,0.07527,ciciot2023,0
s1435946,causal,29,0.5,0.72465,0.07528,ciciot2023,0
s1435946,causal,29,0.75,0.72465,0.07528,ciciot2023,0
s1435946,causal,29,1.0,0.72462,0.0753,ciciot2023,0
s1435946,causal,30,0.0,0.79993,0.0,ciciot2023,0
s1435946,causal,30,0.25,0.74923,0.0507,ciciot2023,0
s1435946,causal,30,0.5,0.74167,0.05826,ciciot2023,0
s1435946,causal,30,0.75,0.73427,0.06566,ciciot2023,0
s1435946,causal,30,1.0,0.73179,0.06814,ciciot2023,0
s1435946,causal,33,0.0,0.79993,0.0,ciciot2023,0
s1435946,causal,33,0.25,0.68671,0.11322,ciciot2023,0
s1435946,causal,33,0.5,0.68669,0.11323,ciciot2023,0
s1435946,causal,33,0.75,0.68665,0.11327,ciciot2023,0
s1435946,causal,33,1.0,0.68665,0.11327,ciciot2023,0
s1435946,causal,34,0.0,0.79993,0.0,ciciot2023,0
s1435946,causal,34,0.25,0.17914,0.62078,ciciot2023,0
s1435946,causal,34,0.5,0.17914,0.62079,ciciot2023,0
s1435946,causal,34,0.75,0.52986,0.27007,ciciot2023,0
s1435946,causal,34,1.0,0.52989,0.27004,ciciot2023,0
s1435946,non_causal,3,0.0,0.79993,0.0,ciciot2023,0
s1435946,non_causal,3,0.25,0.85381,-0.05388,ciciot2023,0
s1435946,non_causal,3,0.5,0.85379,-0.05386,ciciot2023,0
s1435946,non_causal,3,0.75,0.85868,-0.05875,ciciot2023,0
s1435946,non_causal,3,1.0,0.85867,-0.05875,ciciot2023,0
s1435946,non_causal,20,0.0,0.79993,0.0,ciciot2023,0
s1435946,non_causal,20,0.25,0.79993,0.0,ciciot2023,0
s1435946,non_causal,20,0.5,0.79993,0.0,ciciot2023,0
s1435946,non_causal,20,0.75,0.79993,0.0,ciciot2023,0
s1435946,non_causal,20,1.0,0.79993,0.0,ciciot2023,0
s1435946,non_causal,10,0.0,0.79993,0.0,ciciot2023,0
s1435946,non_causal,10,0.25,0.79993,0.0,ciciot2023,0
s1435946,non_causal,10,0.5,0.79993,0.0,ciciot2023,0
s1435946,non_causal,10,0.75,0.79993,0.0,ciciot2023,0
s1435946,non_causal,10,1.0,0.79993,0.0,ciciot2023,0
s259014,causal,1,0.0,0.92635,0.0,ciciot2023,0
s259014,causal,1,0.25,0.78021,0.14614,ciciot2023,0
s259014,causal,1,0.5,0.78007,0.14628,ciciot2023,0
s259014,causal,1,0.75,0.78007,0.14628,ciciot2023,0
s259014,causal,1,1.0,0.78007,0.14628,ciciot2023,0
s259014,causal,2,0.0,0.92635,0.0,ciciot2023,0
s259014,causal,2,0.25,0.84271,0.08364,ciciot2023,0
s259014,causal,2,0.5,0.8421,0.08426,ciciot2023,0
s259014,causal,2,0.75,0.8421,0.08426,ciciot2023,0
s259014,causal,2,1.0,0.84294,0.08341,ciciot2023,0
s259014,causal,3,0.0,0.92635,0.0,ciciot2023,0
s259014,causal,3,0.25,0.82789,0.09846,ciciot2023,0
s259014,causal,3,0.5,0.82788,0.09847,ciciot2023,0
s259014,causal,3,0.75,0.83346,0.09289,ciciot2023,0
s259014,causal,3,1.0,0.83346,0.09289,ciciot2023,0
s259014,causal,4,0.0,0.92635,0.0,ciciot2023,0
s259014,causal,4,0.25,0.92902,-0.00267,ciciot2023,0
s259014,causal,4,0.5,0.88548,0.04087,ciciot2023,0
s259014,causal,4,0.75,0.81746,0.10889,ciciot2023,0
s259014,causal,4,1.0,0.81177,0.11458,ciciot2023,0
s259014,causal,13,0.0,0.92635,0.0,ciciot2023,0
s259014,causal,13,0.25,0.93209,-0.00574,ciciot2023,0
s259014,causal,13,0.5,0.91525,0.0111,ciciot2023,0
s259014,causal,13,0.75,0.8787,0.04765,ciciot2023,0
s259014,causal,13,1.0,0.85819,0.06816,ciciot2023,0
s259014,causal,14,0.0,0.92635,0.0,ciciot2023,0
s259014,causal,14,0.25,0.78546,0.14089,ciciot2023,0
s259014,causal,14,0.5,0.73277,0.19358,ciciot2023,0
s259014,causal,14,0.75,0.7296,0.19675,ciciot2023,0
s259014,causal,14,1.0,0.72975,0.1966,ciciot2023,0
s259014,causal,16,0.0,0.92635,0.0,ciciot2023,0
s259014,causal,16,0.25,0.84027,0.08608,ciciot2023,0
s259014,causal,16,0.5,0.84029,0.08606,ciciot2023,0
s259014,causal,16,0.75,0.72942,0.19693,ciciot2023,0
s259014,causal,16,1.0,0.72942,0.19693,ciciot2023,0
s259014,causal,17,0.0,0.92635,0.0,ciciot2023,0
s259014,causal,17,0.25,0.87579,0.05056,ciciot2023,0
s259014,causal,17,0.5,0.87578,0.05057,ciciot2023,0
s259014,causal,17,0.75,0.87574,0.05061,ciciot2023,0
s259014,causal,17,1.0,0.87579,0.05056,ciciot2023,0
s259014,causal,34,0.0,0.92635,0.0,ciciot2023,0
s259014,causal,34,0.25,0.42885,0.4975,ciciot2023,0
s259014,causal,34,0.5,0.42863,0.49772,ciciot2023,0
s259014,causal,34,0.75,0.76795,0.1584,ciciot2023,0
s259014,causal,34,1.0,0.76799,0.15836,ciciot2023,0
s259014,non_causal,27,0.0,0.92635,0.0,ciciot2023,0
s259014,non_causal,27,0.25,0.92634,1e-05,ciciot2023,0
s259014,non_causal,27,0.5,0.92634,1e-05,ciciot2023,0
s259014,non_causal,27,0.75,0.92634,1e-05,ciciot2023,0
s259014,non_causal,27,1.0,0.92634,1e-05,ciciot2023,0
s259014,non_causal,25,0.0,0.92635,0.0,ciciot2023,0
s259014,non_causal,25,0.25,0.92635,0.0,ciciot2023,0
s259014,non_causal,25,0.5,0.92635,0.0,ciciot2023,0
s259014,non_causal,25,0.75,0.92635,0.0,ciciot2023,0
s259014,non_causal,25,1.0,0.92635,0.0,ciciot2023,0
s259014,non_causal,8,0.0,0.92635,0.0,ciciot2023,0
s259014,non_causal,8,0.25,0.92635,0.0,ciciot2023,0
s259014,non_causal,8,0.5,0.92635,0.0,ciciot2023,0
s259014,non_causal,8,0.75,0.92635,0.0,ciciot2023,0
s259014,non_causal,8,1.0,0.92635,0.0,ciciot2023,0
s1520388,causal,1,0.0,0.95366,0.0,ciciot2023,0
s1520388,causal,1,0.25,0.86249,0.09117,ciciot2023,0
s1520388,causal,1,0.5,0.86243,0.09123,ciciot2023,0
s1520388,causal,1,0.75,0.86243,0.09123,ciciot2023,0
s1520388,causal,1,1.0,0.86243,0.09123,ciciot2023,0
s1520388,causal,4,0.0,0.95366,0.0,ciciot2023,0
s1520388,causal,4,0.25,0.93992,0.01374,ciciot2023,0
s1520388,causal,4,0.5,0.87445,0.07921,ciciot2023,0
s1520388,causal,4,0.75,0.86514,0.08852,ciciot2023,0
s1520388,causal,4,1.0,0.85978,0.09388,ciciot2023,0
s1520388,causal,14,0.0,0.95366,0.0,ciciot2023,0
s1520388,causal,14,0.25,0.89828,0.05539,ciciot2023,0
s1520388,causal,14,0.5,0.86686,0.0868,ciciot2023,0
s1520388,causal,14,0.75,0.86332,0.09034,ciciot2023,0
s1520388,causal,14,1.0,0.86351,0.09015,ciciot2023,0
s1520388,causal,16,0.0,0.95366,0.0,ciciot2023,0
s1520388,causal,16,0.25,0.90436,0.0493,ciciot2023,0
s1520388,causal,16,0.5,0.90438,0.04928,ciciot2023,0
s1520388,causal,16,0.75,0.82408,0.12958,ciciot2023,0
s1520388,causal,16,1.0,0.82408,0.12958,ciciot2023,0
s1520388,causal,17,0.0,0.95366,0.0,ciciot2023,0
s1520388,causal,17,0.25,0.89472,0.05894,ciciot2023,0
s1520388,causal,17,0.5,0.8947,0.05896,ciciot2023,0
s1520388,causal,17,0.75,0.89466,0.059,ciciot2023,0
s1520388,causal,17,1.0,0.89473,0.05893,ciciot2023,0
s1520388,causal,34,0.0,0.95366,0.0,ciciot2023,0
s1520388,causal,34,0.25,0.46288,0.49078,ciciot2023,0
s1520388,causal,34,0.5,0.46287,0.49079,ciciot2023,0
s1520388,causal,34,0.75,0.78206,0.1716,ciciot2023,0
s1520388,causal,34,1.0,0.78206,0.1716,ciciot2023,0
s1520388,non_causal,26,0.0,0.95366,0.0,ciciot2023,0
s1520388,non_causal,26,0.25,0.95366,0.0,ciciot2023,0
s1520388,non_causal,26,0.5,0.95366,0.0,ciciot2023,0
s1520388,non_causal,26,0.75,0.95366,0.0,ciciot2023,0
s1520388,non_causal,26,1.0,0.95366,0.0,ciciot2023,0
s1520388,non_causal,38,0.0,0.95366,0.0,ciciot2023,0
s1520388,non_causal,38,0.25,0.96525,-0.01159,ciciot2023,0
s1520388,non_causal,38,0.5,0.96524,-0.01158,ciciot2023,0
s1520388,non_causal,38,0.75,0.96524,-0.01158,ciciot2023,0
s1520388,non_causal,38,1.0,0.96521,-0.01154,ciciot2023,0
s1520388,non_causal,23,0.0,0.95366,0.0,ciciot2023,0
s1520388,non_causal,23,0.25,0.97851,-0.02485,ciciot2023,0
s1520388,non_causal,23,0.5,0.97851,-0.02485,ciciot2023,0
s1520388,non_causal,23,0.75,0.97851,-0.02485,ciciot2023,0
s1520388,non_causal,23,1.0,0.97851,-0.02485,ciciot2023,0
s1046526,causal,1,0.0,0.93204,0.0,ciciot2023,0
s1046526,causal,1,0.25,0.62366,0.30839,ciciot2023,0
s1046526,causal,1,0.5,0.62356,0.30848,ciciot2023,0
s1046526,causal,1,0.75,0.62356,0.30849,ciciot2023,0
s1046526,causal,1,1.0,0.62356,0.30849,ciciot2023,0
s1046526,causal,3,0.0,0.93204,0.0,ciciot2023,0
s1046526,causal,3,0.25,0.74082,0.19123,ciciot2023,0
s1046526,causal,3,0.5,0.7408,0.19124,ciciot2023,0
s1046526,causal,3,0.75,0.74836,0.18368,ciciot2023,0
s1046526,causal,3,1.0,0.74836,0.18368,ciciot2023,0
s1046526,causal,4,0.0,0.93204,0.0,ciciot2023,0
s1046526,causal,4,0.25,0.94906,-0.01702,ciciot2023,0
s1046526,causal,4,0.5,0.92348,0.00856,ciciot2023,0
s1046526,causal,4,0.75,0.86814,0.0639,ciciot2023,0
s1046526,causal,4,1.0,0.86378,0.06827,ciciot2023,0
s1046526,causal,13,0.0,0.93204,0.0,ciciot2023,0
s1046526,causal,13,0.25,0.93873,-0.00669,ciciot2023,0
s1046526,causal,13,0.5,0.92342,0.00863,ciciot2023,0
s1046526,causal,13,0.75,0.88393,0.04811,ciciot2023,0
s1046526,causal,13,1.0,0.87197,0.06007,ciciot2023,0
s1046526,causal,14,0.0,0.93204,0.0,ciciot2023,0
s1046526,causal,14,0.25,0.83421,0.09783,ciciot2023,0
s1046526,causal,14,0.5,0.79003,0.14202,ciciot2023,0
s1046526,causal,14,0.75,0.78578,0.14626,ciciot2023,0
s1046526,causal,14,1.0,0.78601,0.14603,ciciot2023,0
s1046526,causal,16,0.0,0.93204,0.0,ciciot2023,0
s1046526,causal,16,0.25,0.81414,0.11791,ciciot2023,0
s1046526,causal,16,0.5,0.81416,0.11788,ciciot2023,0
s1046526,causal,16,0.75,0.68875,0.2433,ciciot2023,0
s1046526,causal,16,1.0,0.68875,0.2433,ciciot2023,0
s1046526,causal,34,0.0,0.93204,0.0,ciciot2023,0
s1046526,causal,34,0.25,0.48893,0.44312,ciciot2023,0
s1046526,causal,34,0.5,0.48864,0.4434,ciciot2023,0
s1046526,causal,34,0.75,0.807,0.12504,ciciot2023,0
s1046526,causal,34,1.0,0.80705,0.125,ciciot2023,0
s1046526,non_causal,8,0.0,0.93204,0.0,ciciot2023,0
s1046526,non_causal,8,0.25,0.93204,0.0,ciciot2023,0
s1046526,non_causal,8,0.5,0.93204,0.0,ciciot2023,0
s1046526,non_causal,8,0.75,0.93204,0.0,ciciot2023,0
s1046526,non_causal,8,1.0,0.93204,0.0,ciciot2023,0
s1046526,non_causal,39,0.0,0.93204,0.0,ciciot2023,0
s1046526,non_causal,39,0.25,0.91324,0.0188,ciciot2023,0
s1046526,non_causal,39,0.5,0.91901,0.01303,ciciot2023,0
s1046526,non_causal,39,0.75,0.90371,0.02834,ciciot2023,0
s1046526,non_causal,39,1.0,0.93399,-0.00195,ciciot2023,0
s1046526,non_causal,27,0.0,0.93204,0.0,ciciot2023,0
s1046526,non_causal,27,0.25,0.93204,1e-05,ciciot2023,0
s1046526,non_causal,27,0.5,0.93204,1e-05,ciciot2023,0
s1046526,non_causal,27,0.75,0.93204,1e-05,ciciot2023,0
s1046526,non_causal,27,1.0,0.93204,1e-05,ciciot2023,0
s1109111,causal,1,0.0,0.94014,0.0,ciciot2023,0
s1109111,causal,1,0.25,0.86727,0.07287,ciciot2023,0
s1109111,causal,1,0.5,0.86717,0.07296,ciciot2023,0
s1109111,causal,1,0.75,0.86717,0.07296,ciciot2023,0
s1109111,causal,1,1.0,0.86717,0.07296,ciciot2023,0
s1109111,causal,3,0.0,0.94014,0.0,ciciot2023,0
s1109111,causal,3,0.25,0.81599,0.12414,ciciot2023,0
s1109111,causal,3,0.5,0.81593,0.12421,ciciot2023,0
s1109111,causal,3,0.75,0.82181,0.11833,ciciot2023,0
s1109111,causal,3,1.0,0.8218,0.11833,ciciot2023,0
s1109111,causal,4,0.0,0.94014,0.0,ciciot2023,0
s1109111,causal,4,0.25,0.91859,0.02155,ciciot2023,0
s1109111,causal,4,0.5,0.87525,0.06488,ciciot2023,0
s1109111,causal,4,0.75,0.91316,0.02697,ciciot2023,0
s1109111,causal,4,1.0,0.43126,0.50888,ciciot2023,0
s1109111,causal,14,0.0,0.94014,0.0,ciciot2023,0
s1109111,causal,14,0.25,0.79469,0.14545,ciciot2023,0
s1109111,causal,14,0.5,0.74347,0.19666,ciciot2023,0
s1109111,causal,14,0.75,0.73972,0.20041,ciciot2023,0
s1109111,causal,14,1.0,0.73989,0.20024,ciciot2023,0
s1109111,causal,16,0.0,0.94014,0.0,ciciot2023,0
s1109111,causal,16,0.25,0.89075,0.04939,ciciot2023,0
s1109111,causal,16,0.5,0.89077,0.04936,ciciot2023,0
s1109111,causal,16,0.75,0.79793,0.14221,ciciot2023,0
s1109111,causal,16,1.0,0.79793,0.14221,ciciot2023,0
s1109111,causal,17,0.0,0.94014,0.0,ciciot2023,0
s1109111,causal,17,0.25,0.82627,0.11386,ciciot2023,0
s1109111,causal,17,0.5,0.82609,0.11405,ciciot2023,0
s1109111,causal,17,0.75,0.82602,0.11412,ciciot2023,0
s1109111,causal,17,1.0,0.82642,0.11372,ciciot2023,0
s1109111,non_causal,24,0.0,0.94014,0.0,ciciot2023,0
s1109111,non_causal,24,0.25,0.94014,0.0,ciciot2023,0
s1109111,non_causal,24,0.5,0.94014,0.0,ciciot2023,0
s1109111,non_causal,24,0.75,0.94014,0.0,ciciot2023,0
s1109111,non_causal,24,1.0,0.94014,0.0,ciciot2023,0
s1109111,non_causal,36,0.0,0.94014,0.0,ciciot2023,0
s1109111,non_causal,36,0.25,0.94012,1e-05,ciciot2023,0
s1109111,non_causal,36,0.5,0.94002,0.00012,ciciot2023,0
s1109111,non_causal,36,0.75,0.95077,-0.01063,ciciot2023,0
s1109111,non_causal,36,1.0,0.96433,-0.02419,ciciot2023,0
s1109111,non_causal,25,0.0,0.94014,0.0,ciciot2023,0
s1109111,non_causal,25,0.25,0.94014,0.0,ciciot2023,0
s1109111,non_causal,25,0.5,0.94014,0.0,ciciot2023,0
s1109111,non_causal,25,0.75,0.94014,0.0,ciciot2023,0
s1109111,non_causal,25,1.0,0.94014,0.0,ciciot2023,0
s1026577,causal,1,0.0,0.99613,0.0,ciciot2023,0
s1026577,causal,1,0.25,0.34143,0.6547,ciciot2023,0
s1026577,causal,1,0.5,0.34135,0.65478,ciciot2023,0
s1026577,causal,1,0.75,0.34134,0.65478,ciciot2023,0
s1026577,causal,1,1.0,0.34134,0.65478,ciciot2023,0
s1026577,causal,34,0.0,0.99613,0.0,ciciot2023,0
s1026577,causal,34,0.25,0.83649,0.15964,ciciot2023,0
s1026577,causal,34,0.5,0.83599,0.16013,ciciot2023,0
s1026577,causal,34,0.75,0.92977,0.06636,ciciot2023,0
s1026577,causal,34,1.0,0.92981,0.06632,ciciot2023,0
s1026577,non_causal,14,0.0,0.99613,0.0,ciciot2023,0
s1026577,non_causal,14,0.25,0.99264,0.00349,ciciot2023,0
s1026577,non_causal,14,0.5,0.98977,0.00636,ciciot2023,0
s1026577,non_causal,14,0.75,0.98855,0.00758,ciciot2023,0
s1026577,non_causal,14,1.0,0.98861,0.00752,ciciot2023,0
s1026577,non_causal,27,0.0,0.99613,0.0,ciciot2023,0
s1026577,non_causal,27,0.25,0.99612,0.0,ciciot2023,0
s1026577,non_causal,27,0.5,0.99612,0.0,ciciot2023,0
s1026577,non_causal,27,0.75,0.99612,0.0,ciciot2023,0
s1026577,non_causal,27,1.0,0.99612,0.0,ciciot2023,0
s1026577,non_causal,23,0.0,0.99613,0.0,ciciot2023,0
s1026577,non_causal,23,0.25,0.99546,0.00067,ciciot2023,0
s1026577,non_causal,23,0.5,0.99546,0.00067,ciciot2023,0
s1026577,non_causal,23,0.75,0.99546,0.00067,ciciot2023,0
s1026577,non_causal,23,1.0,0.99546,0.00067,ciciot2023,0
s876793,causal,1,0.0,0.89699,0.0,ciciot2023,0
s876793,causal,1,0.25,0.09735,0.79964,ciciot2023,0
s876793,causal,1,0.5,0.09734,0.79964,ciciot2023,0
s876793,causal,1,0.75,0.09734,0.79964,ciciot2023,0
s876793,causal,1,1.0,0.09734,0.79964,ciciot2023,0
s876793,causal,14,0.0,0.89699,0.0,ciciot2023,0
s876793,causal,14,0.25,0.79141,0.10558,ciciot2023,0
s876793,causal,14,0.5,0.76303,0.13395,ciciot2023,0
s876793,causal,14,0.75,0.76009,0.1369,ciciot2023,0
s876793,causal,14,1.0,0.76022,0.13677,ciciot2023,0
s876793,causal,16,0.0,0.89699,0.0,ciciot2023,0
s876793,causal,16,0.25,0.7817,0.11528,ciciot2023,0
s876793,causal,16,0.5,0.78173,0.11526,ciciot2023,0
s876793,causal,16,0.75,0.64011,0.25688,ciciot2023,0
s876793,causal,16,1.0,0.64011,0.25688,ciciot2023,0
s876793,causal,17,0.0,0.89699,0.0,ciciot2023,0
s876793,causal,17,0.25,0.84211,0.05488,ciciot2023,0
s876793,causal,17,0.5,0.84209,0.05489,ciciot2023,0
s876793,causal,17,0.75,0.84206,0.05493,ciciot2023,0
s876793,causal,17,1.0,0.84212,0.05487,ciciot2023,0
s876793,causal,30,0.0,0.89699,0.0,ciciot2023,0
s876793,causal,30,0.25,0.71116,0.18582,ciciot2023,0
s876793,causal,30,0.5,0.70283,0.19416,ciciot2023,0
s876793,causal,30,0.75,0.69478,0.2022,ciciot2023,0
s876793,causal,30,1.0,0.69476,0.20223,ciciot2023,0
s876793,causal,34,0.0,0.89699,0.0,ciciot2023,0
s876793,causal,34,0.25,0.31924,0.57774,ciciot2023,0
s876793,causal,34,0.5,0.31908,0.57791,ciciot2023,0
s876793,causal,34,0.75,0.66654,0.23044,ciciot2023,0
s876793,causal,34,1.0,0.66658,0.2304,ciciot2023,0
s876793,non_causal,12,0.0,0.89699,0.0,ciciot2023,0
s876793,non_causal,12,0.25,0.89699,0.0,ciciot2023,0
s876793,non_causal,12,0.5,0.89699,0.0,ciciot2023,0
s876793,non_causal,12,0.75,0.89699,0.0,ciciot2023,0
s876793,non_causal,12,1.0,0.89699,0.0,ciciot2023,0
s876793,non_causal,5,0.0,0.89699,0.0,ciciot2023,0
s876793,non_causal,5,0.25,0.89699,0.0,ciciot2023,0
s876793,non_causal,5,0.5,0.89699,0.0,ciciot2023,0
s876793,non_causal,5,0.75,0.89699,0.0,ciciot2023,0
s876793,non_causal,5,1.0,0.89699,0.0,ciciot2023,0
s876793,non_causal,22,0.0,0.89699,0.0,ciciot2023,0
s876793,non_causal,22,0.25,0.89699,0.0,ciciot2023,0
s876793,non_causal,22,0.5,0.89699,0.0,ciciot2023,0
s876793,non_causal,22,0.75,0.89699,0.0,ciciot2023,0
s876793,non_causal,22,1.0,0.89699,0.0,ciciot2023,0
s962786,causal,2,0.0,0.86434,0.0,ciciot2023,0
s962786,causal,2,0.25,0.76085,0.10349,ciciot2023,0
s962786,causal,2,0.5,0.76034,0.104,ciciot2023,0
s962786,causal,2,0.75,0.76034,0.104,ciciot2023,0
s962786,causal,2,1.0,0.7615,0.10285,ciciot2023,0
s962786,causal,3,0.0,0.86434,0.0,ciciot2023,0
s962786,causal,3,0.25,0.76987,0.09447,ciciot2023,0
s962786,causal,3,0.5,0.76985,0.09449,ciciot2023,0
s962786,causal,3,0.75,0.77681,0.08753,ciciot2023,0
s962786,causal,3,1.0,0.77681,0.08754,ciciot2023,0
s962786,causal,4,0.0,0.86434,0.0,ciciot2023,0
s962786,causal,4,0.25,0.80845,0.05589,ciciot2023,0
s962786,causal,4,0.5,0.8207,0.04364,ciciot2023,0
s962786,causal,4,0.75,0.67502,0.18933,ciciot2023,0
s962786,causal,4,1.0,0.64628,0.21807,ciciot2023,0
s962786,causal,13,0.0,0.86434,0.0,ciciot2023,0
s962786,causal,13,0.25,0.8665,-0.00216,ciciot2023,0
s962786,causal,13,0.5,0.82142,0.04292,ciciot2023,0
s962786,causal,13,0.75,0.7031,0.16125,ciciot2023,0
s962786,causal,13,1.0,0.67917,0.18517,ciciot2023,0
s962786,causal,14,0.0,0.86434,0.0,ciciot2023,0
s962786,causal,14,0.25,0.65,0.21434,ciciot2023,0
s962786,causal,14,0.5,0.58185,0.28249,ciciot2023,0
s962786,causal,14,0.75,0.57867,0.28568,ciciot2023,0
s962786,causal,14,1.0,0.57882,0.28552,ciciot2023,0
s962786,causal,16,0.0,0.86434,0.0,ciciot2023,0
s962786,causal,16,0.25,0.74413,0.12021,ciciot2023,0
s962786,causal,16,0.5,0.74416,0.12019,ciciot2023,0
s962786,causal,16,0.75,0.58586,0.27849,ciciot2023,0
s962786,causal,16,1.0,0.58586,0.27849,ciciot2023,0
s962786,causal,17,0.0,0.86434,0.0,ciciot2023,0
s962786,causal,17,0.25,0.77263,0.09172,ciciot2023,0
s962786,causal,17,0.5,0.77261,0.09173,ciciot2023,0
s962786,causal,17,0.75,0.77257,0.09178,ciciot2023,0
s962786,causal,17,1.0,0.77262,0.09172,ciciot2023,0
s962786,causal,30,0.0,0.86434,0.0,ciciot2023,0
s962786,causal,30,0.25,0.82478,0.03957,ciciot2023,0
s962786,causal,30,0.5,0.81892,0.04542,ciciot2023,0
s962786,causal,30,0.75,0.81183,0.05251,ciciot2023,0
s962786,causal,30,1.0,0.81182,0.05253,ciciot2023,0
s962786,causal,34,0.0,0.86434,0.0,ciciot2023,0
s962786,causal,34,0.25,0.32441,0.53993,ciciot2023,0
s962786,causal,34,0.5,0.32423,0.54011,ciciot2023,0
s962786,causal,34,0.75,0.68019,0.18416,ciciot2023,0
s962786,causal,34,1.0,0.68023,0.18411,ciciot2023,0
s962786,non_causal,31,0.0,0.86434,0.0,ciciot2023,0
s962786,non_causal,31,0.25,0.8487,0.01564,ciciot2023,0
s962786,non_causal,31,0.5,0.8398,0.02455,ciciot2023,0
s962786,non_causal,31,0.75,0.8398,0.02455,ciciot2023,0
s962786,non_causal,31,1.0,0.83976,0.02458,ciciot2023,0
s962786,non_causal,33,0.0,0.86434,0.0,ciciot2023,0
s962786,non_causal,33,0.25,0.87236,-0.00802,ciciot2023,0
s962786,non_causal,33,0.5,0.87234,-0.008,ciciot2023,0
s962786,non_causal,33,0.75,0.87231,-0.00797,ciciot2023,0
s962786,non_causal,33,1.0,0.87231,-0.00797,ciciot2023,0
s962786,non_causal,10,0.0,0.86434,0.0,ciciot2023,0
s962786,non_causal,10,0.25,0.86434,0.0,ciciot2023,0
s962786,non_causal,10,0.5,0.86434,0.0,ciciot2023,0
s962786,non_causal,10,0.75,0.86434,0.0,ciciot2023,0
s962786,non_causal,10,1.0,0.86434,0.0,ciciot2023,0
s797658,causal,1,0.0,0.91368,0.0,ciciot2023,1
s797658,causal,1,0.25,0.82518,0.0885,ciciot2023,1
s797658,causal,1,0.5,0.8252,0.08848,ciciot2023,1
s797658,causal,1,0.75,0.82489,0.08879,ciciot2023,1
s797658,causal,1,1.0,0.82454,0.08914,ciciot2023,1
s797658,causal,2,0.0,0.91368,0.0,ciciot2023,1
s797658,causal,2,0.25,0.85538,0.05829,ciciot2023,1
s797658,causal,2,0.5,0.85534,0.05833,ciciot2023,1
s797658,causal,2,0.75,0.84374,0.06994,ciciot2023,1
s797658,causal,2,1.0,0.84947,0.06421,ciciot2023,1
s797658,causal,3,0.0,0.91368,0.0,ciciot2023,1
s797658,causal,3,0.25,0.80915,0.10453,ciciot2023,1
s797658,causal,3,0.5,0.80087,0.11281,ciciot2023,1
s797658,causal,3,0.75,0.79116,0.12252,ciciot2023,1
s797658,causal,3,1.0,0.79105,0.12262,ciciot2023,1
s797658,causal,15,0.0,0.91368,0.0,ciciot2023,1
s797658,causal,15,0.25,0.87365,0.04002,ciciot2023,1
s797658,causal,15,0.5,0.84508,0.06859,ciciot2023,1
s797658,causal,15,0.75,0.81883,0.09485,ciciot2023,1
s797658,causal,15,1.0,0.8189,0.09477,ciciot2023,1
s797658,causal,17,0.0,0.91368,0.0,ciciot2023,1
s797658,causal,17,0.25,0.90931,0.00437,ciciot2023,1
s797658,causal,17,0.5,0.84644,0.06724,ciciot2023,1
s797658,causal,17,0.75,0.84352,0.07015,ciciot2023,1
s797658,causal,17,1.0,0.84352,0.07016,ciciot2023,1
s797658,causal,29,0.0,0.91368,0.0,ciciot2023,1
s797658,causal,29,0.25,0.84343,0.07025,ciciot2023,1
s797658,causal,29,0.5,0.85668,0.05699,ciciot2023,1
s797658,causal,29,0.75,0.85664,0.05704,ciciot2023,1
s797658,causal,29,1.0,0.85659,0.05709,ciciot2023,1
s797658,causal,30,0.0,0.91368,0.0,ciciot2023,1
s797658,causal,30,0.25,0.6987,0.21497,ciciot2023,1
s797658,causal,30,0.5,0.6986,0.21507,ciciot2023,1
s797658,causal,30,0.75,0.69859,0.21508,ciciot2023,1
s797658,causal,30,1.0,0.69858,0.21509,ciciot2023,1
s797658,causal,34,0.0,0.91368,0.0,ciciot2023,1
s797658,causal,34,0.25,0.11215,0.80152,ciciot2023,1
s797658,causal,34,0.5,0.11216,0.80152,ciciot2023,1
s797658,causal,34,0.75,0.11215,0.80153,ciciot2023,1
s797658,causal,34,1.0,0.11214,0.80153,ciciot2023,1
s797658,non_causal,6,0.0,0.91368,0.0,ciciot2023,1
s797658,non_causal,6,0.25,0.91368,0.0,ciciot2023,1
s797658,non_causal,6,0.5,0.91368,0.0,ciciot2023,1
s797658,non_causal,6,0.75,0.91368,0.0,ciciot2023,1
s797658,non_causal,6,1.0,0.91368,0.0,ciciot2023,1
s797658,non_causal,14,0.0,0.91368,0.0,ciciot2023,1
s797658,non_causal,14,0.25,0.91516,-0.00148,ciciot2023,1
s797658,non_causal,14,0.5,0.90936,0.00432,ciciot2023,1
s797658,non_causal,14,0.75,0.90868,0.00499,ciciot2023,1
s797658,non_causal,14,1.0,0.90529,0.00839,ciciot2023,1
s797658,non_causal,38,0.0,0.91368,0.0,ciciot2023,1
s797658,non_causal,38,0.25,0.86697,0.04671,ciciot2023,1
s797658,non_causal,38,0.5,0.86703,0.04664,ciciot2023,1
s797658,non_causal,38,0.75,0.86686,0.04682,ciciot2023,1
s797658,non_causal,38,1.0,0.8669,0.04677,ciciot2023,1
s174015,causal,2,0.0,0.70099,0.0,ciciot2023,1
s174015,causal,2,0.25,0.43511,0.26588,ciciot2023,1
s174015,causal,2,0.5,0.43501,0.26598,ciciot2023,1
s174015,causal,2,0.75,0.41241,0.28858,ciciot2023,1
s174015,causal,2,1.0,0.42398,0.27701,ciciot2023,1
s174015,causal,3,0.0,0.70099,0.0,ciciot2023,1
s174015,causal,3,0.25,0.25325,0.44774,ciciot2023,1
s174015,causal,3,0.5,0.25324,0.44775,ciciot2023,1
s174015,causal,3,0.75,0.26477,0.43622,ciciot2023,1
s174015,causal,3,1.0,0.26477,0.43622,ciciot2023,1
s174015,causal,4,0.0,0.70099,0.0,ciciot2023,1
s174015,causal,4,0.25,0.7215,-0.02051,ciciot2023,1
s174015,causal,4,0.5,0.6722,0.02879,ciciot2023,1
s174015,causal,4,0.75,0.44427,0.25672,ciciot2023,1
s174015,causal,4,1.0,0.42882,0.27217,ciciot2023,1
s174015,causal,15,0.0,0.70099,0.0,ciciot2023,1
s174015,causal,15,0.25,0.6488,0.05219,ciciot2023,1
s174015,causal,15,0.5,0.63048,0.07051,ciciot2023,1
s174015,causal,15,0.75,0.61475,0.08624,ciciot2023,1
s174015,causal,15,1.0,0.61475,0.08625,ciciot2023,1
s174015,causal,17,0.0,0.70099,0.0,ciciot2023,1
s174015,causal,17,0.25,0.72587,-0.02488,ciciot2023,1
s174015,causal,17,0.5,0.60938,0.09162,ciciot2023,1
s174015,causal,17,0.75,0.60915,0.09184,ciciot2023,1
s174015,causal,17,1.0,0.60915,0.09184,ciciot2023,1
s174015,causal,30,0.0,0.70099,0.0,ciciot2023,1
s174015,causal,30,0.25,0.63204,0.06895,ciciot2023,1
s174015,causal,30,0.5,0.63196,0.06903,ciciot2023,1
s174015,causal,30,0.75,0.63196,0.06903,ciciot2023,1
s174015,causal,30,1.0,0.63195,0.06904,ciciot2023,1
s174015,causal,33,0.0,0.70099,0.0,ciciot2023,1
s174015,causal,33,0.25,0.63994,0.06105,ciciot2023,1
s174015,causal,33,0.5,0.63992,0.06108,ciciot2023,1
s174015,causal,33,0.75,0.63939,0.0616,ciciot2023,1
s174015,causal,33,1.0,0.63939,0.0616,ciciot2023,1
s174015,causal,34,0.0,0.70099,0.0,ciciot2023,1
s174015,causal,34,0.25,0.06421,0.63678,ciciot2023,1
s174015,causal,34,0.5,0.06422,0.63678,ciciot2023,1
s174015,causal,34,0.75,0.06421,0.63678,ciciot2023,1
s174015,causal,34,1.0,0.06421,0.63678,ciciot2023,1
s174015,causal,39,0.0,0.70099,0.0,ciciot2023,1
s174015,causal,39,0.25,0.70098,1e-05,ciciot2023,1
s174015,causal,39,0.5,0.60996,0.09103,ciciot2023,1
s174015,causal,39,0.75,0.28927,0.41172,ciciot2023,1
s174015,causal,39,1.0,0.32888,0.37211,ciciot2023,1
s174015,non_causal,16,0.0,0.70099,0.0,ciciot2023,1
s174015,non_causal,16,0.25,0.73548,-0.03449,ciciot2023,1
s174015,non_causal,16,0.5,0.73539,-0.0344,ciciot2023,1
s174015,non_causal,16,0.75,0.73544,-0.03444,ciciot2023,1
s174015,non_causal,16,1.0,0.73544,-0.03444,ciciot2023,1
s174015,non_causal,29,0.0,0.70099,0.0,ciciot2023,1
s174015,non_causal,29,0.25,0.55926,0.14174,ciciot2023,1
s174015,non_causal,29,0.5,0.65638,0.04461,ciciot2023,1
s174015,non_causal,29,0.75,0.65634,0.04466,ciciot2023,1
s174015,non_causal,29,1.0,0.65631,0.04468,ciciot2023,1
s174015,non_causal,14,0.0,0.70099,0.0,ciciot2023,1
s174015,non_causal,14,0.25,0.74412,-0.04313,ciciot2023,1
s174015,non_causal,14,0.5,0.72595,-0.02496,ciciot2023,1
s174015,non_causal,14,0.75,0.7248,-0.02381,ciciot2023,1
s174015,non_causal,14,1.0,0.71327,-0.01228,ciciot2023,1
s1124053,causal,2,0.0,0.90975,0.0,ciciot2023,1
s1124053,causal,2,0.25,0.87735,0.0324,ciciot2023,1
s1124053,causal,2,0.5,0.85336,0.05638,ciciot2023,1
s1124053,causal,2,0.75,0.84147,0.06828,ciciot2023,1
s1124053,causal,2,1.0,0.84724,0.0625,ciciot2023,1
s1124053,causal,3,0.0,0.90975,0.0,ciciot2023,1
s1124053,causal,3,0.25,0.81523,0.09452,ciciot2023,1
s1124053,causal,3,0.5,0.8152,0.09454,ciciot2023,1
s1124053,causal,3,0.75,0.80676,0.10298,ciciot2023,1
s1124053,causal,3,1.0,0.80675,0.10299,ciciot2023,1
s1124053,causal,4,0.0,0.90975,0.0,ciciot2023,1
s1124053,causal,4,0.25,0.88312,0.02663,ciciot2023,1
s1124053,causal,4,0.5,0.83682,0.07292,ciciot2023,1
s1124053,causal,4,0.75,0.67672,0.23303,ciciot2023,1
s1124053,causal,4,1.0,0.6632,0.24655,ciciot2023,1
s1124053,causal,17,0.0,0.90975,0.0,ciciot2023,1
s1124053,causal,17,0.25,0.86157,0.04817,ciciot2023,1
s1124053,causal,17,0.5,0.78609,0.12366,ciciot2023,1
s1124053,causal,17,0.75,0.78577,0.12398,ciciot2023,1
s1124053,causal,17,1.0,0.78576,0.12398,ciciot2023,1
s1124053,causal,34,0.0,0.90975,0.0,ciciot2023,1
s1124053,causal,34,0.25,0.13909,0.77066,ciciot2023,1
s1124053,causal,34,0.5,0.13909,0.77066,ciciot2023,1
s1124053,causal,34,0.75,0.13907,0.77068,ciciot2023,1
s1124053,causal,34,1.0,0.13905,0.77069,ciciot2023,1
s1124053,causal,39,0.0,0.90975,0.0,ciciot2023,1
s1124053,causal,39,0.25,0.90972,2e-05,ciciot2023,1
s1124053,causal,39,0.5,0.86575,0.044,ciciot2023,1
s1124053,causal,39,0.75,0.62443,0.28531,ciciot2023,1
s1124053,causal,39,1.0,0.66588,0.24387,ciciot2023,1
s1124053,non_causal,25,0.0,0.90975,0.0,ciciot2023,1
s1124053,non_causal,25,0.25,0.90975,0.0,ciciot2023,1
s1124053,non_causal,25,0.5,0.90975,0.0,ciciot2023,1
s1124053,non_causal,25,0.75,0.90975,0.0,ciciot2023,1
s1124053,non_causal,25,1.0,0.90975,0.0,ciciot2023,1
s1124053,non_causal,14,0.0,0.90975,0.0,ciciot2023,1
s1124053,non_causal,14,0.25,0.92474,-0.01499,ciciot2023,1
s1124053,non_causal,14,0.5,0.90495,0.0048,ciciot2023,1
s1124053,non_causal,14,0.75,0.90368,0.00606,ciciot2023,1
s1124053,non_causal,14,1.0,0.89138,0.01837,ciciot2023,1
s1124053,non_causal,11,0.0,0.90975,0.0,ciciot2023,1
s1124053,non_causal,11,0.25,0.90975,0.0,ciciot2023,1
s1124053,non_causal,11,0.5,0.90975,0.0,ciciot2023,1
s1124053,non_causal,11,0.75,0.90975,0.0,ciciot2023,1
s1124053,non_causal,11,1.0,0.90975,0.0,ciciot2023,1
s41300,causal,2,0.0,0.6585,0.0,ciciot2023,1
s41300,causal,2,0.25,0.46912,0.18938,ciciot2023,1
s41300,causal,2,0.5,0.46899,0.18951,ciciot2023,1
s41300,causal,2,0.75,0.38197,0.27653,ciciot2023,1
s41300,causal,2,1.0,0.38165,0.27685,ciciot2023,1
s41300,causal,3,0.0,0.6585,0.0,ciciot2023,1
s41300,causal,3,0.25,0.32321,0.33529,ciciot2023,1
s41300,causal,3,0.5,0.3232,0.33531,ciciot2023,1
s41300,causal,3,0.75,0.3482,0.3103,ciciot2023,1
s41300,causal,3,1.0,0.3482,0.3103,ciciot2023,1
s41300,causal,13,0.0,0.6585,0.0,ciciot2023,1
s41300,causal,13,0.25,0.62126,0.03724,ciciot2023,1
s41300,causal,13,0.5,0.50441,0.15409,ciciot2023,1
s41300,causal,13,0.75,0.48576,0.17274,ciciot2023,1
s41300,causal,13,1.0,0.45929,0.19921,ciciot2023,1
s41300,causal,14,0.0,0.6585,0.0,ciciot2023,1
s41300,causal,14,0.25,0.63652,0.02198,ciciot2023,1
s41300,causal,14,0.5,0.60583,0.05268,ciciot2023,1
s41300,causal,14,0.75,0.60413,0.05437,ciciot2023,1
s41300,causal,14,1.0,0.57128,0.08722,ciciot2023,1
s41300,causal,17,0.0,0.6585,0.0,ciciot2023,1
s41300,causal,17,0.25,0.31162,0.34689,ciciot2023,1
s41300,causal,17,0.5,0.20701,0.45149,ciciot2023,1
s41300,causal,17,0.75,0.20696,0.45154,ciciot2023,1
s41300,causal,17,1.0,0.20696,0.45154,ciciot2023,1
s41300,causal,29,0.0,0.6585,0.0,ciciot2023,1
s41300,causal,29,0.25,0.59718,0.06133,ciciot2023,1
s41300,causal,29,0.5,0.59659,0.06191,ciciot2023,1
s41300,causal,29,0.75,0.59645,0.06205,ciciot2023,1
s41300,causal,29,1.0,0.5964,0.06211,ciciot2023,1
s41300,causal,33,0.0,0.6585,0.0,ciciot2023,1
s41300,causal,33,0.25,0.57499,0.08351,ciciot2023,1
s41300,causal,33,0.5,0.57494,0.08356,ciciot2023,1
s41300,causal,33,0.75,0.57421,0.0843,ciciot2023,1
s41300,causal,33,1.0,0.57421,0.0843,ciciot2023,1
s41300,causal,34,0.0,0.6585,0.0,ciciot2023,1
s41300,causal,34,0.25,0.17849,0.48002,ciciot2023,1
s41300,causal,34,0.5,0.17849,0.48001,ciciot2023,1
s41300,causal,34,0.75,0.17847,0.48004,ciciot2023,1
s41300,causal,34,1.0,0.17846,0.48005,ciciot2023,1
s41300,causal,37,0.0,0.6585,0.0,ciciot2023,1
s41300,causal,37,0.25,0.60831,0.05019,ciciot2023,1
s41300,causal,37,0.5,0.60831,0.05019,ciciot2023,1
s41300,causal,37,0.75,0.6082,0.05031,ciciot2023,1
s41300,causal,37,1.0,0.60818,0.05032,ciciot2023,1
s41300,causal,39,0.0,0.6585,0.0,ciciot2023,1
s41300,causal,39,0.25,0.62464,0.03386,ciciot2023,1
s41300,causal,39,0.5,0.7608,-0.1023,ciciot2023,1
s41300,causal,39,0.75,0.47416,0.18434,ciciot2023,1
s41300,causal,39,1.0,0.52018,0.13833,ciciot2023,1
s41300,non_causal,6,0.0,0.6585,0.0,ciciot2023,1
s41300,non_causal,6,0.25,0.6585,0.0,ciciot2023,1
s41300,non_causal,6,0.5,0.6585,0.0,ciciot2023,1
s41300,non_causal,6,0.75,0.6585,0.0,ciciot2023,1
s41300,non_causal,6,1.0,0.6585,0.0,ciciot2023,1
s41300,non_causal,0,0.0,0.6585,0.0,ciciot2023,1
s41300,non_causal,0,0.25,0.69222,-0.03372,ciciot2023,1
s41300,non_causal,0,0.5,0.69218,-0.03368,ciciot2023,1
s41300,non_causal,0,0.75,0.75091,-0.09241,ciciot2023,1
s41300,non_causal,0,1.0,0.75091,-0.0924,ciciot2023,1
s41300,non_causal,35,0.0,0.6585,0.0,ciciot2023,1
s41300,non_causal,35,0.25,0.65852,-1e-05,ciciot2023,1
s41300,non_causal,35,0.5,0.65852,-1e-05,ciciot2023,1
s41300,non_causal,35,0.75,0.65852,-1e-05,ciciot2023,1
s41300,non_causal,35,1.0,0.65852,-1e-05,ciciot2023,1
s668065,causal,3,0.0,0.83011,0.0,ciciot2023,1
s668065,causal,3,0.25,0.66411,0.16599,ciciot2023,1
s668065,causal,3,0.5,0.66408,0.16603,ciciot2023,1
s668065,causal,3,0.75,0.67044,0.15967,ciciot2023,1
s668065,causal,3,1.0,0.67043,0.15968,ciciot2023,1
s668065,causal,15,0.0,0.83011,0.0,ciciot2023,1
s668065,causal,15,0.25,0.79037,0.03974,ciciot2023,1
s668065,causal,15,0.5,0.77687,0.05324,ciciot2023,1
s668065,causal,15,0.75,0.77275,0.05736,ciciot2023,1
s668065,causal,15,1.0,0.77274,0.05737,ciciot2023,1
s668065,causal,16,0.0,0.83011,0.0,ciciot2023,1
s668065,causal,16,0.25,0.755,0.07511,ciciot2023,1
s668065,causal,16,0.5,0.75491,0.0752,ciciot2023,1
s668065,causal,16,0.75,0.75498,0.07513,ciciot2023,1
s668065,causal,16,1.0,0.75498,0.07513,ciciot2023,1
s668065,causal,17,0.0,0.83011,0.0,ciciot2023,1
s668065,causal,17,0.25,0.62492,0.20518,ciciot2023,1
s668065,causal,17,0.5,0.49042,0.33969,ciciot2023,1
s668065,causal,17,0.75,0.49021,0.3399,ciciot2023,1
s668065,causal,17,1.0,0.49021,0.3399,ciciot2023,1
s668065,causal,33,0.0,0.83011,0.0,ciciot2023,1
s668065,causal,33,0.25,0.63266,0.19745,ciciot2023,1
s668065,causal,33,0.5,0.63263,0.19748,ciciot2023,1
s668065,causal,33,0.75,0.63192,0.19819,ciciot2023,1
s668065,causal,33,1.0,0.63192,0.19819,ciciot2023,1
s668065,causal,34,0.0,0.83011,0.0,ciciot2023,1
s668065,causal,34,0.25,0.17238,0.65773,ciciot2023,1
s668065,causal,34,0.5,0.17238,0.65773,ciciot2023,1
s668065,causal,34,0.75,0.17236,0.65775,ciciot2023,1
s668065,causal,34,1.0,0.17235,0.65776,ciciot2023,1
s668065,causal,39,0.0,0.83011,0.0,ciciot2023,1
s668065,causal,39,0.25,0.8301,1e-05,ciciot2023,1
s668065,causal,39,0.5,0.85408,-0.02397,ciciot2023,1
s668065,causal,39,0.75,0.5253,0.30481,ciciot2023,1
s668065,causal,39,1.0,0.57118,0.25893,ciciot2023,1
s668065,non_causal,20,0.0,0.83011,0.0,ciciot2023,1
s668065,non_causal,20,0.25,0.83011,0.0,ciciot2023,1
s668065,non_causal,20,0.5,0.83011,0.0,ciciot2023,1
s668065,non_causal,20,0.75,0.83011,0.0,ciciot2023,1
s668065,non_causal,20,1.0,0.83011,0.0,ciciot2023,1
s668065,non_causal,18,0.0,0.83011,0.0,ciciot2023,1
s668065,non_causal,18,0.25,0.83011,0.0,ciciot2023,1
s668065,non_causal,18,0.5,0.83011,0.0,ciciot2023,1
s668065,non_causal,18,0.75,0.83011,0.0,ciciot2023,1
s668065,non_causal,18,1.0,0.83011,0.0,ciciot2023,1
s668065,non_causal,13,0.0,0.83011,0.0,ciciot2023,1
s668065,non_causal,13,0.25,0.83125,-0.00114,ciciot2023,1
s668065,non_causal,13,0.5,0.8019,0.02821,ciciot2023,1
s668065,non_causal,13,0.75,0.80777,0.02234,ciciot2023,1
s668065,non_causal,13,1.0,0.79076,0.03935,ciciot2023,1
s317527,causal,1,0.0,0.9785,0.0,ciciot2023,1
s317527,causal,1,0.25,0.67912,0.29938,ciciot2023,1
s317527,causal,1,0.5,0.67904,0.29946,ciciot2023,1
s317527,causal,1,0.75,0.67903,0.29947,ciciot2023,1
s317527,causal,1,1.0,0.67903,0.29947,ciciot2023,1
s317527,causal,34,0.0,0.9785,0.0,ciciot2023,1
s317527,causal,34,0.25,0.31572,0.66278,ciciot2023,1
s317527,causal,34,0.5,0.31573,0.66277,ciciot2023,1
s317527,causal,34,0.75,0.31567,0.66283,ciciot2023,1
s317527,causal,34,1.0,0.31562,0.66288,ciciot2023,1
s317527,causal,39,0.0,0.9785,0.0,ciciot2023,1
s317527,causal,39,0.25,0.97848,1e-05,ciciot2023,1
s317527,causal,39,0.5,0.97144,0.00706,ciciot2023,1
s317527,causal,39,0.75,0.88561,0.09289,ciciot2023,1
s317527,causal,39,1.0,0.90191,0.07659,ciciot2023,1
s317527,non_causal,23,0.0,0.9785,0.0,ciciot2023,1
s317527,non_causal,23,0.25,0.99591,-0.01741,ciciot2023,1
s317527,non_causal,23,0.5,0.99591,-0.01741,ciciot2023,1
s317527,non_causal,23,0.75,0.99591,-0.01741,ciciot2023,1
s317527,non_causal,23,1.0,0.99591,-0.01741,ciciot2023,1
s317527,non_causal,3,0.0,0.9785,0.0,ciciot2023,1
s317527,non_causal,3,0.25,0.97347,0.00502,ciciot2023,1
s317527,non_causal,3,0.5,0.97347,0.00503,ciciot2023,1
s317527,non_causal,3,0.75,0.972,0.0065,ciciot2023,1
s317527,non_causal,3,1.0,0.972,0.0065,ciciot2023,1
s317527,non_causal,17,0.0,0.9785,0.0,ciciot2023,1
s317527,non_causal,17,0.25,0.97598,0.00251,ciciot2023,1
s317527,non_causal,17,0.5,0.95992,0.01858,ciciot2023,1
s317527,non_causal,17,0.75,0.95967,0.01883,ciciot2023,1
s317527,non_causal,17,1.0,0.95967,0.01883,ciciot2023,1
s519081,causal,2,0.0,0.73456,0.0,ciciot2023,1
s519081,causal,2,0.25,0.7051,0.02946,ciciot2023,1
s519081,causal,2,0.5,0.70498,0.02958,ciciot2023,1
s519081,causal,2,0.75,0.62576,0.1088,ciciot2023,1
s519081,causal,2,1.0,0.62542,0.10914,ciciot2023,1
s519081,causal,3,0.0,0.73456,0.0,ciciot2023,1
s519081,causal,3,0.25,0.50592,0.22864,ciciot2023,1
s519081,causal,3,0.5,0.50589,0.22867,ciciot2023,1
s519081,causal,3,0.75,0.53387,0.20069,ciciot2023,1
s519081,causal,3,1.0,0.53386,0.2007,ciciot2023,1
s519081,causal,13,0.0,0.73456,0.0,ciciot2023,1
s519081,causal,13,0.25,0.73613,-0.00157,ciciot2023,1
s519081,causal,13,0.5,0.69626,0.0383,ciciot2023,1
s519081,causal,13,0.75,0.70412,0.03044,ciciot2023,1
s519081,causal,13,1.0,0.68154,0.05302,ciciot2023,1
s519081,causal,14,0.0,0.73456,0.0,ciciot2023,1
s519081,causal,14,0.25,0.72426,0.01031,ciciot2023,1
s519081,causal,14,0.5,0.70065,0.03391,ciciot2023,1
s519081,causal,14,0.75,0.69941,0.03515,ciciot2023,1
s519081,causal,14,1.0,0.67147,0.06309,ciciot2023,1
s519081,causal,15,0.0,0.73456,0.0,ciciot2023,1
s519081,causal,15,0.25,0.67495,0.05961,ciciot2023,1
s519081,causal,15,0.5,0.65726,0.0773,ciciot2023,1
s519081,causal,15,0.75,0.65191,0.08265,ciciot2023,1
s519081,causal,15,1.0,0.65191,0.08265,ciciot2023,1
s519081,causal,16,0.0,0.73456,0.0,ciciot2023,1
s519081,causal,16,0.25,0.65466,0.0799,ciciot2023,1
s519081,causal,16,0.5,0.65458,0.07998,ciciot2023,1
s519081,causal,16,0.75,0.65463,0.07993,ciciot2023,1
s519081,causal,16,1.0,0.65463,0.07993,ciciot2023,1
s519081,causal,17,0.0,0.73456,0.0,ciciot2023,1
s519081,causal,17,0.25,0.37037,0.36419,ciciot2023,1
s519081,causal,17,0.5,0.25332,0.48124,ciciot2023,1
s519081,causal,17,0.75,0.25325,0.48131,ciciot2023,1
s519081,causal,17,1.0,0.25325,0.48131,ciciot2023,1
s519081,causal,33,0.0,0.73456,0.0,ciciot2023,1
s519081,causal,33,0.25,0.65484,0.07972,ciciot2023,1
s519081,causal,33,0.5,0.6548,0.07976,ciciot2023,1
s519081,causal,33,0.75,0.65399,0.08057,ciciot2023,1
s519081,causal,33,1.0,0.65399,0.08057,ciciot2023,1
s519081,causal,34,0.0,0.73456,0.0,ciciot2023,1
s519081,causal,34,0.25,0.17605,0.55851,ciciot2023,1
s519081,causal,34,0.5,0.17606,0.5585,ciciot2023,1
s519081,causal,34,0.75,0.17603,0.55853,ciciot2023,1
s519081,causal,34,1.0,0.17602,0.55854,ciciot2023,1
s519081,causal,37,0.0,0.73456,0.0,ciciot2023,1
s519081,causal,37,0.25,0.6653,0.06926,ciciot2023,1
s519081,causal,37,0.5,0.6653,0.06926,ciciot2023,1
s519081,causal,37,0.75,0.66528,0.06928,ciciot2023,1
s519081,causal,37,1.0,0.66528,0.06928,ciciot2023,1
s519081,causal,39,0.0,0.73456,0.0,ciciot2023,1
s519081,causal,39,0.25,0.73455,1e-05,ciciot2023,1
s519081,causal,39,0.5,0.77848,-0.04392,ciciot2023,1
s519081,causal,39,0.75,0.49913,0.23543,ciciot2023,1
s519081,causal,39,1.0,0.54548,0.18908,ciciot2023,1
s519081,non_causal,9,0.0,0.73456,0.0,ciciot2023,1
s519081,non_causal,9,0.25,0.73456,0.0,ciciot2023,1
s519081,non_causal,9,0.5,0.73456,0.0,ciciot2023,1
s519081,non_causal,9,0.75,0.73456,0.0,ciciot2023,1
s519081,non_causal,9,1.0,0.73456,0.0,ciciot2023,1
s519081,non_causal,35,0.0,0.73456,0.0,ciciot2023,1
s519081,non_causal,35,0.25,0.73457,-1e-05,ciciot2023,1
s519081,non_causal,35,0.5,0.73457,-1e-05,ciciot2023,1
s519081,non_causal,35,0.75,0.73457,-1e-05,ciciot2023,1
s519081,non_causal,35,1.0,0.73457,-1e-05,ciciot2023,1
s519081,non_causal,1,0.0,0.73456,0.0,ciciot2023,1
s519081,non_causal,1,0.25,0.79541,-0.06085,ciciot2023,1
s519081,non_causal,1,0.5,0.79534,-0.06078,ciciot2023,1
s519081,non_causal,1,0.75,0.79533,-0.06077,ciciot2023,1
s519081,non_causal,1,1.0,0.79533,-0.06077,ciciot2023,1
s752059,causal,3,0.0,0.90511,0.0,ciciot2023,1
s752059,causal,3,0.25,0.77976,0.12535,ciciot2023,1
s752059,causal,3,0.5,0.77974,0.12537,ciciot2023,1
s752059,causal,3,0.75,0.77013,0.13498,ciciot2023,1
s752059,causal,3,1.0,0.77012,0.135,ciciot2023,1
s752059,causal,4,0.0,0.90511,0.0,ciciot2023,1
s752059,causal,4,0.25,0.772,0.13311,ciciot2023,1
s752059,causal,4,0.5,0.64913,0.25598,ciciot2023,1
s752059,causal,4,0.75,0.60833,0.29678,ciciot2023,1
s752059,causal,4,1.0,0.61724,0.28787,ciciot2023,1
s752059,causal,13,0.0,0.90511,0.0,ciciot2023,1
s752059,causal,13,0.25,0.90511,0.0,ciciot2023,1
s752059,causal,13,0.5,0.90511,1e-05,ciciot2023,1
s752059,causal,13,0.75,0.83737,0.06774,ciciot2023,1
s752059,causal,13,1.0,0.78955,0.11557,ciciot2023,1
s752059,causal,15,0.0,0.90511,0.0,ciciot2023,1
s752059,causal,15,0.25,0.83623,0.06889,ciciot2023,1
s752059,causal,15,0.5,0.83619,0.06893,ciciot2023,1
s752059,causal,15,0.75,0.85284,0.05227,ciciot2023,1
s752059,causal,15,1.0,0.85284,0.05227,ciciot2023,1
s752059,causal,17,0.0,0.90511,0.0,ciciot2023,1
s752059,causal,17,0.25,0.84475,0.06037,ciciot2023,1
s752059,causal,17,0.5,0.76538,0.13974,ciciot2023,1
s752059,causal,17,0.75,0.7651,0.14002,ciciot2023,1
s752059,causal,17,1.0,0.76509,0.14002,ciciot2023,1
s752059,causal,30,0.0,0.90511,0.0,ciciot2023,1
s752059,causal,30,0.25,0.63149,0.27362,ciciot2023,1
s752059,causal,30,0.5,0.63126,0.27385,ciciot2023,1
s752059,causal,30,0.75,0.63126,0.27385,ciciot2023,1
s752059,causal,30,1.0,0.63125,0.27387,ciciot2023,1
s752059,causal,34,0.0,0.90511,0.0,ciciot2023,1
s752059,causal,34,0.25,0.19189,0.71322,ciciot2023,1
s752059,causal,34,0.5,0.19189,0.71322,ciciot2023,1
s752059,causal,34,0.75,0.19187,0.71324,ciciot2023,1
s752059,causal,34,1.0,0.19186,0.71326,ciciot2023,1
s752059,causal,39,0.0,0.90511,0.0,ciciot2023,1
s752059,causal,39,0.25,0.91179,-0.00668,ciciot2023,1
s752059,causal,39,0.5,0.85516,0.04995,ciciot2023,1
s752059,causal,39,0.75,0.74956,0.15555,ciciot2023,1
s752059,causal,39,1.0,0.81025,0.09486,ciciot2023,1
s752059,non_causal,9,0.0,0.90511,0.0,ciciot2023,1
s752059,non_causal,9,0.25,0.90511,0.0,ciciot2023,1
s752059,non_causal,9,0.5,0.90511,0.0,ciciot2023,1
s752059,non_causal,9,0.75,0.90511,0.0,ciciot2023,1
s752059,non_causal,9,1.0,0.90511,0.0,ciciot2023,1
s752059,non_causal,35,0.0,0.90511,0.0,ciciot2023,1
s752059,non_causal,35,0.25,0.90512,-1e-05,ciciot2023,1
s752059,non_causal,35,0.5,0.90512,-1e-05,ciciot2023,1
s752059,non_causal,35,0.75,0.90512,-1e-05,ciciot2023,1
s752059,non_causal,35,1.0,0.90512,-1e-05,ciciot2023,1
s752059,non_causal,16,0.0,0.90511,0.0,ciciot2023,1
s752059,non_causal,16,0.25,0.90697,-0.00186,ciciot2023,1
s752059,non_causal,16,0.5,0.9069,-0.00178,ciciot2023,1
s752059,non_causal,16,0.75,0.90694,-0.00182,ciciot2023,1
s752059,non_causal,16,1.0,0.90694,-0.00182,ciciot2023,1
s1343219,causal,3,0.0,0.78961,0.0,ciciot2023,1
s1343219,causal,3,0.25,0.42217,0.36744,ciciot2023,1
s1343219,causal,3,0.5,0.42214,0.36747,ciciot2023,1
s1343219,causal,3,0.75,0.44102,0.3486,ciciot2023,1
s1343219,causal,3,1.0,0.44101,0.34861,ciciot2023,1
s1343219,causal,4,0.0,0.78961,0.0,ciciot2023,1
s1343219,causal,4,0.25,0.78407,0.00554,ciciot2023,1
s1343219,causal,4,0.5,0.80311,-0.01349,ciciot2023,1
s1343219,causal,4,0.75,0.68849,0.10112,ciciot2023,1
s1343219,causal,4,1.0,0.65589,0.13372,ciciot2023,1
s1343219,causal,15,0.0,0.78961,0.0,ciciot2023,1
s1343219,causal,15,0.25,0.74333,0.04629,ciciot2023,1
s1343219,causal,15,0.5,0.72785,0.06176,ciciot2023,1
s1343219,causal,15,0.75,0.71351,0.0761,ciciot2023,1
s1343219,causal,15,1.0,0.71351,0.07611,ciciot2023,1
s1343219,causal,17,0.0,0.78961,0.0,ciciot2023,1
s1343219,causal,17,0.25,0.67712,0.11249,ciciot2023,1
s1343219,causal,17,0.5,0.5479,0.24172,ciciot2023,1
s1343219,causal,17,0.75,0.54764,0.24197,ciciot2023,1
s1343219,causal,17,1.0,0.54764,0.24197,ciciot2023,1
s1343219,causal,30,0.0,0.78961,0.0,ciciot2023,1
s1343219,causal,30,0.25,0.68905,0.10056,ciciot2023,1
s1343219,causal,30,0.5,0.68892,0.10069,ciciot2023,1
s1343219,causal,30,0.75,0.68892,0.10069,ciciot2023,1
s1343219,causal,30,1.0,0.68891,0.1007,ciciot2023,1
s1343219,causal,33,0.0,0.78961,0.0,ciciot2023,1
s1343219,causal,33,0.25,0.60753,0.18208,ciciot2023,1
s1343219,causal,33,0.5,0.6075,0.18211,ciciot2023,1
s1343219,causal,33,0.75,0.60677,0.18284,ciciot2023,1
s1343219,causal,33,1.0,0.60677,0.18284,ciciot2023,1
s1343219,causal,34,0.0,0.78961,0.0,ciciot2023,1
s1343219,causal,34,0.25,0.19248,0.59713,ciciot2023,1
s1343219,causal,34,0.5,0.19249,0.59713,ciciot2023,1
s1343219,causal,34,0.75,0.19247,0.59715,ciciot2023,1
s1343219,causal,34,1.0,0.19245,0.59716,ciciot2023,1
s1343219,causal,39,0.0,0.78961,0.0,ciciot2023,1
s1343219,causal,39,0.25,0.7896,1e-05,ciciot2023,1
s1343219,causal,39,0.5,0.81724,-0.02763,ciciot2023,1
s1343219,causal,39,0.75,0.45978,0.32983,ciciot2023,1
s1343219,causal,39,1.0,0.50567,0.28395,ciciot2023,1
s1343219,non_causal,11,0.0,0.78961,0.0,ciciot2023,1
s1343219,non_causal,11,0.25,0.78961,0.0,ciciot2023,1
s1343219,non_causal,11,0.5,0.78961,0.0,ciciot2023,1
s1343219,non_causal,11,0.75,0.78961,0.0,ciciot2023,1
s1343219,non_causal,11,1.0,0.78961,0.0,ciciot2023,1
s1343219,non_causal,10,0.0,0.78961,0.0,ciciot2023,1
s1343219,non_causal,10,0.25,0.78961,0.0,ciciot2023,1
s1343219,non_causal,10,0.5,0.78961,0.0,ciciot2023,1
s1343219,non_causal,10,0.75,0.78961,0.0,ciciot2023,1
s1343219,non_causal,10,1.0,0.78961,0.0,ciciot2023,1
s1343219,non_causal,27,0.0,0.78961,0.0,ciciot2023,1
s1343219,non_causal,27,0.25,0.78961,0.0,ciciot2023,1
s1343219,non_causal,27,0.5,0.78961,0.0,ciciot2023,1
s1343219,non_causal,27,0.75,0.78961,0.0,ciciot2023,1
s1343219,non_causal,27,1.0,0.78961,0.0,ciciot2023,1
s642844,causal,1,0.0,0.77127,0.0,ciciot2023,1
s642844,causal,1,0.25,0.4179,0.35336,ciciot2023,1
s642844,causal,1,0.5,0.41785,0.35342,ciciot2023,1
s642844,causal,1,0.75,0.41785,0.35342,ciciot2023,1
s642844,causal,1,1.0,0.41785,0.35342,ciciot2023,1
s642844,causal,2,0.0,0.77127,0.0,ciciot2023,1
s642844,causal,2,0.25,0.41645,0.35482,ciciot2023,1
s642844,causal,2,0.5,0.36749,0.40377,ciciot2023,1
s642844,causal,2,0.75,0.34625,0.42501,ciciot2023,1
s642844,causal,2,1.0,0.35713,0.41414,ciciot2023,1
s642844,causal,3,0.0,0.77127,0.0,ciciot2023,1
s642844,causal,3,0.25,0.59162,0.17965,ciciot2023,1
s642844,causal,3,0.5,0.66897,0.1023,ciciot2023,1
s642844,causal,3,0.75,0.66895,0.10232,ciciot2023,1
s642844,causal,3,1.0,0.66894,0.10233,ciciot2023,1
s642844,causal,4,0.0,0.77127,0.0,ciciot2023,1
s642844,causal,4,0.25,0.7793,-0.00804,ciciot2023,1
s642844,causal,4,0.5,0.72466,0.04661,ciciot2023,1
s642844,causal,4,0.75,0.71169,0.05958,ciciot2023,1
s642844,causal,4,1.0,0.70194,0.06933,ciciot2023,1
s642844,causal,13,0.0,0.77127,0.0,ciciot2023,1
s642844,causal,13,0.25,0.76617,0.0051,ciciot2023,1
s642844,causal,13,0.5,0.71798,0.05329,ciciot2023,1
s642844,causal,13,0.75,0.66135,0.10991,ciciot2023,1
s642844,causal,13,1.0,0.6614,0.10987,ciciot2023,1
s642844,causal,17,0.0,0.77127,0.0,ciciot2023,1
s642844,causal,17,0.25,0.68323,0.08804,ciciot2023,1
s642844,causal,17,0.5,0.55939,0.21188,ciciot2023,1
s642844,causal,17,0.75,0.55924,0.21203,ciciot2023,1
s642844,causal,17,1.0,0.55923,0.21203,ciciot2023,1
s642844,causal,29,0.0,0.77127,0.0,ciciot2023,1
s642844,causal,29,0.25,0.68559,0.08568,ciciot2023,1
s642844,causal,29,0.5,0.68551,0.08575,ciciot2023,1
s642844,causal,29,0.75,0.68548,0.08579,ciciot2023,1
s642844,causal,29,1.0,0.68546,0.08581,ciciot2023,1
s642844,causal,30,0.0,0.77127,0.0,ciciot2023,1
s642844,causal,30,0.25,0.68484,0.08642,ciciot2023,1
s642844,causal,30,0.5,0.68476,0.08651,ciciot2023,1
s642844,causal,30,0.75,0.68476,0.08651,ciciot2023,1
s642844,causal,30,1.0,0.68475,0.08651,ciciot2023,1
s642844,causal,33,0.0,0.77127,0.0,ciciot2023,1
s642844,causal,33,0.25,0.60582,0.16545,ciciot2023,1
s642844,causal,33,0.5,0.6058,0.16547,ciciot2023,1
s642844,causal,33,0.75,0.60531,0.16595,ciciot2023,1
s642844,causal,33,1.0,0.60531,0.16595,ciciot2023,1
s642844,causal,34,0.0,0.77127,0.0,ciciot2023,1
s642844,causal,34,0.25,0.14376,0.62751,ciciot2023,1
s642844,causal,34,0.5,0.14376,0.6275,ciciot2023,1
s642844,causal,34,0.75,0.14375,0.62751,ciciot2023,1
s642844,causal,34,1.0,0.14375,0.62752,ciciot2023,1
s642844,causal,39,0.0,0.77127,0.0,ciciot2023,1
s642844,causal,39,0.25,0.77981,-0.00854,ciciot2023,1
s642844,causal,39,0.5,0.69087,0.0804,ciciot2023,1
s642844,causal,39,0.75,0.44831,0.32295,ciciot2023,1
s642844,causal,39,1.0,0.4948,0.27646,ciciot2023,1
s642844,non_causal,21,0.0,0.77127,0.0,ciciot2023,1
s642844,non_causal,21,0.25,0.77127,0.0,ciciot2023,1
s642844,non_causal,21,0.5,0.77127,0.0,ciciot2023,1
s642844,non_causal,21,0.75,0.77127,0.0,ciciot2023,1
s642844,non_causal,21,1.0,0.77127,0.0,ciciot2023,1
s642844,non_causal,14,0.0,0.77127,0.0,ciciot2023,1
s642844,non_causal,14,0.25,0.78845,-0.01718,ciciot2023,1
s642844,non_causal,14,0.5,0.77505,-0.00378,ciciot2023,1
s642844,non_causal,14,0.75,0.77423,-0.00296,ciciot2023,1
s642844,non_causal,14,1.0,0.76624,0.00503,ciciot2023,1
s642844,non_causal,10,0.0,0.77127,0.0,ciciot2023,1
s642844,non_causal,10,0.25,0.77127,0.0,ciciot2023,1
s642844,non_causal,10,0.5,0.77127,0.0,ciciot2023,1
s642844,non_causal,10,0.75,0.77127,0.0,ciciot2023,1
s642844,non_causal,10,1.0,0.77127,0.0,ciciot2023,1
s1218134,causal,2,0.0,0.84897,0.0,ciciot2023,1
s1218134,causal,2,0.25,0.75823,0.09073,ciciot2023,1
s1218134,causal,2,0.5,0.71833,0.13063,ciciot2023,1
s1218134,causal,2,0.75,0.71833,0.13064,ciciot2023,1
s1218134,causal,2,1.0,0.71759,0.13138,ciciot2023,1
s1218134,causal,3,0.0,0.84897,0.0,ciciot2023,1
s1218134,causal,3,0.25,0.22418,0.62478,ciciot2023,1
s1218134,causal,3,0.5,0.22416,0.6248,ciciot2023,1
s1218134,causal,3,0.75,0.23651,0.61246,ciciot2023,1
s1218134,causal,3,1.0,0.2365,0.61247,ciciot2023,1
s1218134,causal,13,0.0,0.84897,0.0,ciciot2023,1
s1218134,causal,13,0.25,0.84897,0.0,ciciot2023,1
s1218134,causal,13,0.5,0.83908,0.00989,ciciot2023,1
s1218134,causal,13,0.75,0.75701,0.09195,ciciot2023,1
s1218134,causal,13,1.0,0.72618,0.12279,ciciot2023,1
s1218134,causal,15,0.0,0.84897,0.0,ciciot2023,1
s1218134,causal,15,0.25,0.71987,0.1291,ciciot2023,1
s1218134,causal,15,0.5,0.69106,0.1579,ciciot2023,1
s1218134,causal,15,0.75,0.71749,0.13148,ciciot2023,1
s1218134,causal,15,1.0,0.71747,0.1315,ciciot2023,1
s1218134,causal,17,0.0,0.84897,0.0,ciciot2023,1
s1218134,causal,17,0.25,0.81652,0.03244,ciciot2023,1
s1218134,causal,17,0.5,0.72262,0.12635,ciciot2023,1
s1218134,causal,17,0.75,0.72201,0.12696,ciciot2023,1
s1218134,causal,17,1.0,0.722,0.12697,ciciot2023,1
s1218134,causal,30,0.0,0.84897,0.0,ciciot2023,1
s1218134,causal,30,0.25,0.79601,0.05295,ciciot2023,1
s1218134,causal,30,0.5,0.7959,0.05307,ciciot2023,1
s1218134,causal,30,0.75,0.7959,0.05307,ciciot2023,1
s1218134,causal,30,1.0,0.79593,0.05304,ciciot2023,1
s1218134,causal,34,0.0,0.84897,0.0,ciciot2023,1
s1218134,causal,34,0.25,0.52263,0.32634,ciciot2023,1
s1218134,causal,34,0.5,0.52264,0.32632,ciciot2023,1
s1218134,causal,34,0.75,0.52258,0.32639,ciciot2023,1
s1218134,causal,34,1.0,0.52256,0.32641,ciciot2023,1
s1218134,causal,39,0.0,0.84897,0.0,ciciot2023,1
s1218134,causal,39,0.25,0.83955,0.00942,ciciot2023,1
s1218134,causal,39,0.5,0.67673,0.17223,ciciot2023,1
s1218134,causal,39,0.75,0.62584,0.22312,ciciot2023,1
s1218134,causal,39,1.0,0.78201,0.06695,ciciot2023,1
s1218134,non_causal,10,0.0,0.84897,0.0,ciciot2023,1
s1218134,non_causal,10,0.25,0.84897,0.0,ciciot2023,1
s1218134,non_causal,10,0.5,0.84897,0.0,ciciot2023,1
s1218134,non_causal,10,0.75,0.84897,0.0,ciciot2023,1
s1218134,non_causal,10,1.0,0.84897,0.0,ciciot2023,1
s1218134,non_causal,11,0.0,0.84897,0.0,ciciot2023,1
s1218134,non_causal,11,0.25,0.84897,0.0,ciciot2023,1
s1218134,non_causal,11,0.5,0.84897,0.0,ciciot2023,1
s1218134,non_causal,11,0.75,0.84897,0.0,ciciot2023,1
s1218134,non_causal,11,1.0,0.84897,0.0,ciciot2023,1
s1218134,non_causal,31,0.0,0.84897,0.0,ciciot2023,1
s1218134,non_causal,31,0.25,0.88493,-0.03597,ciciot2023,1
s1218134,non_causal,31,0.5,0.8848,-0.03583,ciciot2023,1
s1218134,non_causal,31,0.75,0.88478,-0.03581,ciciot2023,1
s1218134,non_causal,31,1.0,0.88477,-0.0358,ciciot2023,1
s386561,causal,1,0.0,0.91207,0.0,ciciot2023,1
s386561,causal,1,0.25,0.8157,0.09637,ciciot2023,1
s386561,causal,1,0.5,0.81563,0.09644,ciciot2023,1
s386561,causal,1,0.75,0.81563,0.09644,ciciot2023,1
s386561,causal,1,1.0,0.81563,0.09644,ciciot2023,1
s386561,causal,2,0.0,0.91207,0.0,ciciot2023,1
s386561,causal,2,0.25,0.72088,0.19119,ciciot2023,1
s386561,causal,2,0.5,0.67753,0.23454,ciciot2023,1
s386561,causal,2,0.75,0.65709,0.25498,ciciot2023,1
s386561,causal,2,1.0,0.66702,0.24505,ciciot2023,1
s386561,causal,3,0.0,0.91207,0.0,ciciot2023,1
s386561,causal,3,0.25,0.63225,0.27982,ciciot2023,1
s386561,causal,3,0.5,0.69306,0.21901,ciciot2023,1
s386561,causal,3,0.75,0.70568,0.20639,ciciot2023,1
s386561,causal,3,1.0,0.70567,0.2064,ciciot2023,1
s386561,causal,4,0.0,0.91207,0.0,ciciot2023,1
s386561,causal,4,0.25,0.87843,0.03363,ciciot2023,1
s386561,causal,4,0.5,0.84492,0.06714,ciciot2023,1
s386561,causal,4,0.75,0.83814,0.07392,ciciot2023,1
s386561,causal,4,1.0,0.85071,0.06136,ciciot2023,1
s386561,causal,17,0.0,0.91207,0.0,ciciot2023,1
s386561,causal,17,0.25,0.90037,0.0117,ciciot2023,1
s386561,causal,17,0.5,0.84019,0.07188,ciciot2023,1
s386561,causal,17,0.75,0.83994,0.07212,ciciot2023,1
s386561,causal,17,1.0,0.83994,0.07213,ciciot2023,1
s386561,causal,33,0.0,0.91207,0.0,ciciot2023,1
s386561,causal,33,0.25,0.7833,0.12876,ciciot2023,1
s386561,causal,33,0.5,0.78328,0.12879,ciciot2023,1
s386561,causal,33,0.75,0.78262,0.12945,ciciot2023,1
s386561,causal,33,1.0,0.78262,0.12945,ciciot2023,1
s386561,causal,34,0.0,0.91207,0.0,ciciot2023,1
s386561,causal,34,0.25,0.13825,0.77381,ciciot2023,1
s386561,causal,34,0.5,0.13826,0.77381,ciciot2023,1
s386561,causal,34,0.75,0.13824,0.77383,ciciot2023,1
s386561,causal,34,1.0,0.13823,0.77384,ciciot2023,1
s386561,causal,39,0.0,0.91207,0.0,ciciot2023,1
s386561,causal,39,0.25,0.91205,2e-05,ciciot2023,1
s386561,causal,39,0.5,0.87943,0.03264,ciciot2023,1
s386561,causal,39,0.75,0.69396,0.21811,ciciot2023,1
s386561,causal,39,1.0,0.73163,0.18043,ciciot2023,1
s386561,non_causal,14,0.0,0.91207,0.0,ciciot2023,1
s386561,non_causal,14,0.25,0.9318,-0.01973,ciciot2023,1
s386561,non_causal,14,0.5,0.91997,-0.00791,ciciot2023,1
s386561,non_causal,14,0.75,0.91909,-0.00702,ciciot2023,1
s386561,non_causal,14,1.0,0.91517,-0.0031,ciciot2023,1
s386561,non_causal,0,0.0,0.91207,0.0,ciciot2023,1
s386561,non_causal,0,0.25,0.99026,-0.07819,ciciot2023,1
s386561,non_causal,0,0.5,0.99023,-0.07817,ciciot2023,1
s386561,non_causal,0,0.75,0.99173,-0.07966,ciciot2023,1
s386561,non_causal,0,1.0,0.99173,-0.07966,ciciot2023,1
s386561,non_causal,13,0.0,0.91207,0.0,ciciot2023,1
s386561,non_causal,13,0.25,0.91325,-0.00118,ciciot2023,1
s386561,non_causal,13,0.5,0.91161,0.00046,ciciot2023,1
s386561,non_causal,13,0.75,0.91456,-0.0025,ciciot2023,1
s386561,non_causal,13,1.0,0.91457,-0.0025,ciciot2023,1
s956028,causal,1,0.0,0.90908,0.0,ciciot2023,1
s956028,causal,1,0.25,0.80693,0.10215,ciciot2023,1
s956028,causal,1,0.5,0.80687,0.10221,ciciot2023,1
s956028,causal,1,0.75,0.80687,0.10221,ciciot2023,1
s956028,causal,1,1.0,0.80687,0.10221,ciciot2023,1
s956028,causal,2,0.0,0.90908,0.0,ciciot2023,1
s956028,causal,2,0.25,0.88704,0.02204,ciciot2023,1
s956028,causal,2,0.5,0.86465,0.04443,ciciot2023,1
s956028,causal,2,0.75,0.8535,0.05558,ciciot2023,1
s956028,causal,2,1.0,0.85898,0.0501,ciciot2023,1
s956028,causal,3,0.0,0.90908,0.0,ciciot2023,1
s956028,causal,3,0.25,0.78123,0.12785,ciciot2023,1
s956028,causal,3,0.5,0.78121,0.12787,ciciot2023,1
s956028,causal,3,0.75,0.79129,0.11779,ciciot2023,1
s956028,causal,3,1.0,0.79128,0.1178,ciciot2023,1
s956028,causal,17,0.0,0.90908,0.0,ciciot2023,1
s956028,causal,17,0.25,0.88314,0.02594,ciciot2023,1
s956028,causal,17,0.5,0.81705,0.09203,ciciot2023,1
s956028,causal,17,0.75,0.81674,0.09234,ciciot2023,1
s956028,causal,17,1.0,0.81674,0.09234,ciciot2023,1
s956028,causal,33,0.0,0.90908,0.0,ciciot2023,1
s956028,causal,33,0.25,0.76559,0.14349,ciciot2023,1
s956028,causal,33,0.5,0.76556,0.14352,ciciot2023,1
s956028,causal,33,0.75,0.7649,0.14418,ciciot2023,1
s956028,causal,33,1.0,0.7649,0.14418,ciciot2023,1
s956028,causal,34,0.0,0.90908,0.0,ciciot2023,1
s956028,causal,34,0.25,0.11846,0.79062,ciciot2023,1
s956028,causal,34,0.5,0.11846,0.79062,ciciot2023,1
s956028,causal,34,0.75,0.11845,0.79064,ciciot2023,1
s956028,causal,34,1.0,0.11844,0.79064,ciciot2023,1
s956028,causal,39,0.0,0.90908,0.0,ciciot2023,1
s956028,causal,39,0.25,0.90906,2e-05,ciciot2023,1
s956028,causal,39,0.5,0.86963,0.03945,ciciot2023,1
s956028,causal,39,0.75,0.65289,0.25619,ciciot2023,1
s956028,causal,39,1.0,0.69296,0.21612,ciciot2023,1
s956028,non_causal,8,0.0,0.90908,0.0,ciciot2023,1
s956028,non_causal,8,0.25,0.90908,0.0,ciciot2023,1
s956028,non_causal,8,0.5,0.90908,0.0,ciciot2023,1
s956028,non_causal,8,0.75,0.90908,0.0,ciciot2023,1
s956028,non_causal,8,1.0,0.90908,0.0,ciciot2023,1
s956028,non_causal,15,0.0,0.90908,0.0,ciciot2023,1
s956028,non_causal,15,0.25,0.88526,0.02382,ciciot2023,1
s956028,non_causal,15,0.5,0.87691,0.03217,ciciot2023,1
s956028,non_causal,15,0.75,0.86902,0.04006,ciciot2023,1
s956028,non_causal,15,1.0,0.86902,0.04006,ciciot2023,1
s956028,non_causal,6,0.0,0.90908,0.0,ciciot2023,1
s956028,non_causal,6,0.25,0.90908,0.0,ciciot2023,1
s956028,non_causal,6,0.5,0.90908,0.0,ciciot2023,1
s956028,non_causal,6,0.75,0.90908,0.0,ciciot2023,1
s956028,non_causal,6,1.0,0.90908,0.0,ciciot2023,1
s1428040,causal,2,0.0,0.91485,0.0,ciciot2023,1
s1428040,causal,2,0.25,0.77899,0.13586,ciciot2023,1
s1428040,causal,2,0.5,0.77878,0.13607,ciciot2023,1
s1428040,causal,2,0.75,0.76252,0.15233,ciciot2023,1
s1428040,causal,2,1.0,0.77058,0.14427,ciciot2023,1
s1428040,causal,3,0.0,0.91485,0.0,ciciot2023,1
s1428040,causal,3,0.25,0.73606,0.17879,ciciot2023,1
s1428040,causal,3,0.5,0.73603,0.17882,ciciot2023,1
s1428040,causal,3,0.75,0.72519,0.18966,ciciot2023,1
s1428040,causal,3,1.0,0.72517,0.18968,ciciot2023,1
s1428040,causal,4,0.0,0.91485,0.0,ciciot2023,1
s1428040,causal,4,0.25,0.91546,-0.00061,ciciot2023,1
s1428040,causal,4,0.5,0.84129,0.07356,ciciot2023,1
s1428040,causal,4,0.75,0.69156,0.22329,ciciot2023,1
s1428040,causal,4,1.0,0.70132,0.21353,ciciot2023,1
s1428040,causal,17,0.0,0.91485,0.0,ciciot2023,1
s1428040,causal,17,0.25,0.87243,0.04242,ciciot2023,1
s1428040,causal,17,0.5,0.80154,0.11331,ciciot2023,1
s1428040,causal,17,0.75,0.80121,0.11364,ciciot2023,1
s1428040,causal,17,1.0,0.80121,0.11364,ciciot2023,1
s1428040,causal,34,0.0,0.91485,0.0,ciciot2023,1
s1428040,causal,34,0.25,0.17832,0.73653,ciciot2023,1
s1428040,causal,34,0.5,0.17833,0.73653,ciciot2023,1
s1428040,causal,34,0.75,0.17829,0.73656,ciciot2023,1
s1428040,causal,34,1.0,0.17827,0.73658,ciciot2023,1
s1428040,causal,39,0.0,0.91485,0.0,ciciot2023,1
s1428040,causal,39,0.25,0.91484,1e-05,ciciot2023,1
s1428040,causal,39,0.5,0.85933,0.05553,ciciot2023,1
s1428040,causal,39,0.75,0.6135,0.30135,ciciot2023,1
s1428040,causal,39,1.0,0.65537,0.25948,ciciot2023,1
s1428040,non_causal,11,0.0,0.91485,0.0,ciciot2023,1
s1428040,non_causal,11,0.25,0.91485,0.0,ciciot2023,1
s1428040,non_causal,11,0.5,0.91485,0.0,ciciot2023,1
s1428040,non_causal,11,0.75,0.91485,0.0,ciciot2023,1
s1428040,non_causal,11,1.0,0.91485,0.0,ciciot2023,1
s1428040,non_causal,12,0.0,0.91485,0.0,ciciot2023,1
s1428040,non_causal,12,0.25,0.91485,0.0,ciciot2023,1
s1428040,non_causal,12,0.5,0.91485,0.0,ciciot2023,1
s1428040,non_causal,12,0.75,0.91485,0.0,ciciot2023,1
s1428040,non_causal,12,1.0,0.91485,0.0,ciciot2023,1
s1428040,non_causal,0,0.0,0.91485,0.0,ciciot2023,1
s1428040,non_causal,0,0.25,0.97637,-0.06152,ciciot2023,1
s1428040,non_causal,0,0.5,0.97634,-0.06149,ciciot2023,1
s1428040,non_causal,0,0.75,0.98017,-0.06532,ciciot2023,1
s1428040,non_causal,0,1.0,0.98017,-0.06532,ciciot2023,1
s838797,causal,1,0.0,0.90139,0.0,ciciot2023,1
s838797,causal,1,0.25,0.20125,0.70014,ciciot2023,1
s838797,causal,1,0.5,0.20122,0.70017,ciciot2023,1
s838797,causal,1,0.75,0.20121,0.70017,ciciot2023,1
s838797,causal,1,1.0,0.20121,0.70017,ciciot2023,1
s838797,causal,17,0.0,0.90139,0.0,ciciot2023,1
s838797,causal,17,0.25,0.90024,0.00114,ciciot2023,1
s838797,causal,17,0.5,0.84049,0.0609,ciciot2023,1
s838797,causal,17,0.75,0.84013,0.06126,ciciot2023,1
s838797,causal,17,1.0,0.84012,0.06127,ciciot2023,1
s838797,causal,30,0.0,0.90139,0.0,ciciot2023,1
s838797,causal,30,0.25,0.84785,0.05353,ciciot2023,1
s838797,causal,30,0.5,0.84774,0.05365,ciciot2023,1
s838797,causal,30,0.75,0.84774,0.05365,ciciot2023,1
s838797,causal,30,1.0,0.84773,0.05366,ciciot2023,1
s838797,causal,33,0.0,0.90139,0.0,ciciot2023,1
s838797,causal,33,0.25,0.7817,0.11969,ciciot2023,1
s838797,causal,33,0.5,0.78167,0.11971,ciciot2023,1
s838797,causal,33,0.75,0.78117,0.12022,ciciot2023,1
s838797,causal,33,1.0,0.78117,0.12022,ciciot2023,1
s838797,causal,34,0.0,0.90139,0.0,ciciot2023,1
s838797,causal,34,0.25,0.44672,0.45467,ciciot2023,1
s838797,causal,34,0.5,0.44673,0.45466,ciciot2023,1
s838797,causal,34,0.75,0.44668,0.45471,ciciot2023,1
s838797,causal,34,1.0,0.44665,0.45474,ciciot2023,1
s838797,causal,39,0.0,0.90139,0.0,ciciot2023,1
s838797,causal,39,0.25,0.89775,0.00363,ciciot2023,1
s838797,causal,39,0.5,0.77624,0.12515,ciciot2023,1
s838797,causal,39,0.75,0.69356,0.20782,ciciot2023,1
s838797,causal,39,1.0,0.76328,0.13811,ciciot2023,1
s838797,non_causal,5,0.0,0.90139,0.0,ciciot2023,1
s838797,non_causal,5,0.25,0.90139,0.0,ciciot2023,1
s838797,non_causal,5,0.5,0.90139,0.0,ciciot2023,1
s838797,non_causal,5,0.75,0.90139,0.0,ciciot2023,1
s838797,non_causal,5,1.0,0.90139,0.0,ciciot2023,1
s838797,non_causal,32,0.0,0.90139,0.0,ciciot2023,1
s838797,non_causal,32,0.25,0.90788,-0.00649,ciciot2023,1
s838797,non_causal,32,0.5,0.90786,-0.00648,ciciot2023,1
s838797,non_causal,32,0.75,0.90785,-0.00646,ciciot2023,1
s838797,non_causal,32,1.0,0.90785,-0.00646,ciciot2023,1
s838797,non_causal,29,0.0,0.90139,0.0,ciciot2023,1
s838797,non_causal,29,0.25,0.82832,0.07306,ciciot2023,1
s838797,non_causal,29,0.5,0.87886,0.02253,ciciot2023,1
s838797,non_causal,29,0.75,0.87881,0.02257,ciciot2023,1
s838797,non_causal,29,1.0,0.87879,0.0226,ciciot2023,1
s973983,causal,1,0.0,0.90564,0.0,ciciot2023,1
s973983,causal,1,0.25,0.85413,0.05151,ciciot2023,1
s973983,causal,1,0.5,0.85405,0.05159,ciciot2023,1
s973983,causal,1,0.75,0.85404,0.0516,ciciot2023,1
s973983,causal,1,1.0,0.85404,0.0516,ciciot2023,1
s973983,causal,2,0.0,0.90564,0.0,ciciot2023,1
s973983,causal,2,0.25,0.4218,0.48384,ciciot2023,1
s973983,causal,2,0.5,0.37254,0.5331,ciciot2023,1
s973983,causal,2,0.75,0.37253,0.53311,ciciot2023,1
s973983,causal,2,1.0,0.37207,0.53357,ciciot2023,1
s973983,causal,3,0.0,0.90564,0.0,ciciot2023,1
s973983,causal,3,0.25,0.40701,0.49863,ciciot2023,1
s973983,causal,3,0.5,0.40697,0.49867,ciciot2023,1
s973983,causal,3,0.75,0.42388,0.48176,ciciot2023,1
s973983,causal,3,1.0,0.42386,0.48178,ciciot2023,1
s973983,causal,15,0.0,0.90564,0.0,ciciot2023,1
s973983,causal,15,0.25,0.79554,0.1101,ciciot2023,1
s973983,causal,15,0.5,0.78218,0.12346,ciciot2023,1
s973983,causal,15,0.75,0.80304,0.1026,ciciot2023,1
s973983,causal,15,1.0,0.81998,0.08566,ciciot2023,1
s973983,causal,17,0.0,0.90564,0.0,ciciot2023,1
s973983,causal,17,0.25,0.83921,0.06643,ciciot2023,1
s973983,causal,17,0.5,0.75309,0.15255,ciciot2023,1
s973983,causal,17,0.75,0.75289,0.15275,ciciot2023,1
s973983,causal,17,1.0,0.75289,0.15275,ciciot2023,1
s973983,causal,33,0.0,0.90564,0.0,ciciot2023,1
s973983,causal,33,0.25,0.82985,0.07579,ciciot2023,1
s973983,causal,33,0.5,0.8298,0.07584,ciciot2023,1
s973983,causal,33,0.75,0.82868,0.07696,ciciot2023,1
s973983,causal,33,1.0,0.82868,0.07696,ciciot2023,1
s973983,causal,34,0.0,0.90564,0.0,ciciot2023,1
s973983,causal,34,0.25,0.45565,0.44999,ciciot2023,1
s973983,causal,34,0.5,0.45566,0.44998,ciciot2023,1
s973983,causal,34,0.75,0.45559,0.45005,ciciot2023,1
s973983,causal,34,1.0,0.45558,0.45006,ciciot2023,1
s973983,causal,39,0.0,0.90564,0.0,ciciot2023,1
s973983,causal,39,0.25,0.86178,0.04386,ciciot2023,1
s973983,causal,39,0.5,0.62944,0.2762,ciciot2023,1
s973983,causal,39,0.75,0.62877,0.27687,ciciot2023,1
s973983,causal,39,1.0,0.67317,0.23247,ciciot2023,1
s973983,non_causal,36,0.0,0.90564,0.0,ciciot2023,1
s973983,non_causal,36,0.25,0.90369,0.00195,ciciot2023,1
s973983,non_causal,36,0.5,0.90367,0.00197,ciciot2023,1
s973983,non_causal,36,0.75,0.90367,0.00197,ciciot2023,1
s973983,non_causal,36,1.0,0.93233,-0.02669,ciciot2023,1
s973983,non_causal,22,0.0,0.90564,0.0,ciciot2023,1
s973983,non_causal,22,0.25,0.90564,0.0,ciciot2023,1
s973983,non_causal,22,0.5,0.90564,0.0,ciciot2023,1
s973983,non_causal,22,0.75,0.90564,0.0,ciciot2023,1
s973983,non_causal,22,1.0,0.90564,0.0,ciciot2023,1
s973983,non_causal,11,0.0,0.90564,0.0,ciciot2023,1
s973983,non_causal,11,0.25,0.90564,0.0,ciciot2023,1
s973983,non_causal,11,0.5,0.90564,0.0,ciciot2023,1
s973983,non_causal,11,0.75,0.90564,0.0,ciciot2023,1
s973983,non_causal,11,1.0,0.90564,0.0,ciciot2023,1
s360031,causal,1,0.0,0.55785,0.0,ciciot2023,1
s360031,causal,1,0.25,0.23828,0.31957,ciciot2023,1
s360031,causal,1,0.5,0.23825,0.3196,ciciot2023,1
s360031,causal,1,0.75,0.23825,0.31961,ciciot2023,1
s360031,causal,1,1.0,0.23825,0.31961,ciciot2023,1
s360031,causal,2,0.0,0.55785,0.0,ciciot2023,1
s360031,causal,2,0.25,0.48583,0.07203,ciciot2023,1
s360031,causal,2,0.5,0.48583,0.07203,ciciot2023,1
s360031,causal,2,0.75,0.46101,0.09684,ciciot2023,1
s360031,causal,2,1.0,0.47271,0.08514,ciciot2023,1
s360031,causal,3,0.0,0.55785,0.0,ciciot2023,1
s360031,causal,3,0.25,0.41001,0.14785,ciciot2023,1
s360031,causal,3,0.5,0.47021,0.08764,ciciot2023,1
s360031,causal,3,0.75,0.47018,0.08767,ciciot2023,1
s360031,causal,3,1.0,0.47017,0.08768,ciciot2023,1
s360031,causal,13,0.0,0.55785,0.0,ciciot2023,1
s360031,causal,13,0.25,0.55785,0.0,ciciot2023,1
s360031,causal,13,0.5,0.50738,0.05047,ciciot2023,1
s360031,causal,13,0.75,0.49998,0.05788,ciciot2023,1
s360031,causal,13,1.0,0.48567,0.07218,ciciot2023,1
s360031,causal,14,0.0,0.55785,0.0,ciciot2023,1
s360031,causal,14,0.25,0.52281,0.03504,ciciot2023,1
s360031,causal,14,0.5,0.50693,0.05093,ciciot2023,1
s360031,causal,14,0.75,0.50578,0.05207,ciciot2023,1
s360031,causal,14,1.0,0.50114,0.05672,ciciot2023,1
s360031,causal,15,0.0,0.55785,0.0,ciciot2023,1
s360031,causal,15,0.25,0.31725,0.2406,ciciot2023,1
s360031,causal,15,0.5,0.31721,0.24065,ciciot2023,1
s360031,causal,15,0.75,0.3232,0.23465,ciciot2023,1
s360031,causal,15,1.0,0.3232,0.23465,ciciot2023,1
s360031,causal,30,0.0,0.55785,0.0,ciciot2023,1
s360031,causal,30,0.25,0.49484,0.06302,ciciot2023,1
s360031,causal,30,0.5,0.49476,0.0631,ciciot2023,1
s360031,causal,30,0.75,0.49476,0.0631,ciciot2023,1
s360031,causal,30,1.0,0.49475,0.0631,ciciot2023,1
s360031,causal,33,0.0,0.55785,0.0,ciciot2023,1
s360031,causal,33,0.25,0.32372,0.23413,ciciot2023,1
s360031,causal,33,0.5,0.32371,0.23415,ciciot2023,1
s360031,causal,33,0.75,0.3234,0.23445,ciciot2023,1
s360031,causal,33,1.0,0.3234,0.23445,ciciot2023,1
s360031,causal,34,0.0,0.55785,0.0,ciciot2023,1
s360031,causal,34,0.25,0.28014,0.27772,ciciot2023,1
s360031,causal,34,0.5,0.28014,0.27771,ciciot2023,1
s360031,causal,34,0.75,0.28012,0.27773,ciciot2023,1
s360031,causal,34,1.0,0.28012,0.27774,ciciot2023,1
s360031,causal,39,0.0,0.55785,0.0,ciciot2023,1
s360031,causal,39,0.25,0.5031,0.05476,ciciot2023,1
s360031,causal,39,0.5,0.23672,0.32114,ciciot2023,1
s360031,causal,39,0.75,0.37389,0.18397,ciciot2023,1
s360031,causal,39,1.0,0.48199,0.07586,ciciot2023,1
s360031,non_causal,29,0.0,0.55785,0.0,ciciot2023,1
s360031,non_causal,29,0.25,0.46258,0.09527,ciciot2023,1
s360031,non_causal,29,0.5,0.56454,-0.00669,ciciot2023,1
s360031,non_causal,29,0.75,0.5645,-0.00664,ciciot2023,1
s360031,non_causal,29,1.0,0.56413,-0.00628,ciciot2023,1
s360031,non_causal,18,0.0,0.55785,0.0,ciciot2023,1
s360031,non_causal,18,0.25,0.55785,0.0,ciciot2023,1
s360031,non_causal,18,0.5,0.55785,0.0,ciciot2023,1
s360031,non_causal,18,0.75,0.55785,0.0,ciciot2023,1
s360031,non_causal,18,1.0,0.55785,0.0,ciciot2023,1
s360031,non_causal,31,0.0,0.55785,0.0,ciciot2023,1
s360031,non_causal,31,0.25,0.59985,-0.04199,ciciot2023,1
s360031,non_causal,31,0.5,0.59973,-0.04188,ciciot2023,1
s360031,non_causal,31,0.75,0.59971,-0.04186,ciciot2023,1
s360031,non_causal,31,1.0,0.5997,-0.04185,ciciot2023,1
s1323774,causal,3,0.0,0.85619,0.0,ciciot2023,1
s1323774,causal,3,0.25,0.72421,0.13197,ciciot2023,1
s1323774,causal,3,0.5,0.64442,0.21176,ciciot2023,1
s1323774,causal,3,0.75,0.63172,0.22446,ciciot2023,1
s1323774,causal,3,1.0,0.63172,0.22447,ciciot2023,1
s1323774,causal,4,0.0,0.85619,0.0,ciciot2023,1
s1323774,causal,4,0.25,0.73979,0.1164,ciciot2023,1
s1323774,causal,4,0.5,0.66233,0.19386,ciciot2023,1
s1323774,causal,4,0.75,0.6585,0.19769,ciciot2023,1
s1323774,causal,4,1.0,0.71294,0.14325,ciciot2023,1
s1323774,causal,13,0.0,0.85619,0.0,ciciot2023,1
s1323774,causal,13,0.25,0.88496,-0.02877,ciciot2023,1
s1323774,causal,13,0.5,0.89402,-0.03784,ciciot2023,1
s1323774,causal,13,0.75,0.8198,0.03638,ciciot2023,1
s1323774,causal,13,1.0,0.76822,0.08797,ciciot2023,1
s1323774,causal,15,0.0,0.85619,0.0,ciciot2023,1
s1323774,causal,15,0.25,0.79855,0.05764,ciciot2023,1
s1323774,causal,15,0.5,0.79838,0.05781,ciciot2023,1
s1323774,causal,15,0.75,0.77934,0.07684,ciciot2023,1
s1323774,causal,15,1.0,0.77934,0.07685,ciciot2023,1
s1323774,causal,17,0.0,0.85619,0.0,ciciot2023,1
s1323774,causal,17,0.25,0.84399,0.0122,ciciot2023,1
s1323774,causal,17,0.5,0.76201,0.09418,ciciot2023,1
s1323774,causal,17,0.75,0.76176,0.09443,ciciot2023,1
s1323774,causal,17,1.0,0.76176,0.09443,ciciot2023,1
s1323774,causal,30,0.0,0.85619,0.0,ciciot2023,1
s1323774,causal,30,0.25,0.52905,0.32714,ciciot2023,1
s1323774,causal,30,0.5,0.52893,0.32725,ciciot2023,1
s1323774,causal,30,0.75,0.52893,0.32725,ciciot2023,1
s1323774,causal,30,1.0,0.52893,0.32726,ciciot2023,1
s1323774,causal,34,0.0,0.85619,0.0,ciciot2023,1
s1323774,causal,34,0.25,0.09871,0.75747,ciciot2023,1
s1323774,causal,34,0.5,0.09871,0.75747,ciciot2023,1
s1323774,causal,34,0.75,0.09871,0.75748,ciciot2023,1
s1323774,causal,34,1.0,0.0987,0.75748,ciciot2023,1
s1323774,non_causal,40,0.0,0.85619,0.0,ciciot2023,1
s1323774,non_causal,40,0.25,0.85619,0.0,ciciot2023,1
s1323774,non_causal,40,0.5,0.85619,0.0,ciciot2023,1
s1323774,non_causal,40,0.75,0.85619,0.0,ciciot2023,1
s1323774,non_causal,40,1.0,0.85619,0.0,ciciot2023,1
s1323774,non_causal,9,0.0,0.85619,0.0,ciciot2023,1
s1323774,non_causal,9,0.25,0.85619,0.0,ciciot2023,1
s1323774,non_causal,9,0.5,0.85619,0.0,ciciot2023,1
s1323774,non_causal,9,0.75,0.85619,0.0,ciciot2023,1
s1323774,non_causal,9,1.0,0.85619,0.0,ciciot2023,1
s1323774,non_causal,36,0.0,0.85619,0.0,ciciot2023,1
s1323774,non_causal,36,0.25,0.83162,0.02456,ciciot2023,1
s1323774,non_causal,36,0.5,0.83161,0.02458,ciciot2023,1
s1323774,non_causal,36,0.75,0.83161,0.02458,ciciot2023,1
s1323774,non_causal,36,1.0,0.94943,-0.09325,ciciot2023,1
s327326,causal,1,0.0,0.90255,0.0,ciciot2023,1
s327326,causal,1,0.25,0.1673,0.73525,ciciot2023,1
s327326,causal,1,0.5,0.16729,0.73526,ciciot2023,1
s327326,causal,1,0.75,0.16728,0.73526,ciciot2023,1
s327326,causal,1,1.0,0.16728,0.73526,ciciot2023,1
s327326,causal,3,0.0,0.90255,0.0,ciciot2023,1
s327326,causal,3,0.25,0.85471,0.04784,ciciot2023,1
s327326,causal,3,0.5,0.85469,0.04786,ciciot2023,1
s327326,causal,3,0.75,0.84772,0.05483,ciciot2023,1
s327326,causal,3,1.0,0.84771,0.05483,ciciot2023,1
s327326,causal,4,0.0,0.90255,0.0,ciciot2023,1
s327326,causal,4,0.25,0.8596,0.04295,ciciot2023,1
s327326,causal,4,0.5,0.84697,0.05558,ciciot2023,1
s327326,causal,4,0.75,0.82551,0.07704,ciciot2023,1
s327326,causal,4,1.0,0.84128,0.06127,ciciot2023,1
s327326,causal,17,0.0,0.90255,0.0,ciciot2023,1
s327326,causal,17,0.25,0.89534,0.00721,ciciot2023,1
s327326,causal,17,0.5,0.83552,0.06703,ciciot2023,1
s327326,causal,17,0.75,0.83523,0.06732,ciciot2023,1
s327326,causal,17,1.0,0.83522,0.06732,ciciot2023,1
s327326,causal,30,0.0,0.90255,0.0,ciciot2023,1
s327326,causal,30,0.25,0.84904,0.05351,ciciot2023,1
s327326,causal,30,0.5,0.84891,0.05364,ciciot2023,1
s327326,causal,30,0.75,0.84891,0.05364,ciciot2023,1
s327326,causal,30,1.0,0.8489,0.05365,ciciot2023,1
s327326,causal,33,0.0,0.90255,0.0,ciciot2023,1
s327326,causal,33,0.25,0.71501,0.18754,ciciot2023,1
s327326,causal,33,0.5,0.71499,0.18756,ciciot2023,1
s327326,causal,33,0.75,0.71444,0.18811,ciciot2023,1
s327326,causal,33,1.0,0.71444,0.18811,ciciot2023,1
s327326,causal,34,0.0,0.90255,0.0,ciciot2023,1
s327326,causal,34,0.25,0.18239,0.72016,ciciot2023,1
s327326,causal,34,0.5,0.1824,0.72015,ciciot2023,1
s327326,causal,34,0.75,0.18236,0.72019,ciciot2023,1
s327326,causal,34,1.0,0.18234,0.72021,ciciot2023,1
s327326,causal,39,0.0,0.90255,0.0,ciciot2023,1
s327326,causal,39,0.25,0.90252,2e-05,ciciot2023,1
s327326,causal,39,0.5,0.84037,0.06218,ciciot2023,1
s327326,causal,39,0.75,0.57583,0.32672,ciciot2023,1
s327326,causal,39,1.0,0.61952,0.28303,ciciot2023,1
s327326,non_causal,2,0.0,0.90255,0.0,ciciot2023,1
s327326,non_causal,2,0.25,0.94261,-0.04006,ciciot2023,1
s327326,non_causal,2,0.5,0.93034,-0.02779,ciciot2023,1
s327326,non_causal,2,0.75,0.92415,-0.0216,ciciot2023,1
s327326,non_causal,2,1.0,0.92706,-0.02451,ciciot2023,1
s327326,non_causal,16,0.0,0.90255,0.0,ciciot2023,1
s327326,non_causal,16,0.25,0.90638,-0.00383,ciciot2023,1
s327326,non_causal,16,0.5,0.90628,-0.00373,ciciot2023,1
s327326,non_causal,16,0.75,0.90633,-0.00378,ciciot2023,1
s327326,non_causal,16,1.0,0.90633,-0.00378,ciciot2023,1
s327326,non_causal,9,0.0,0.90255,0.0,ciciot2023,1
s327326,non_causal,9,0.25,0.90255,0.0,ciciot2023,1
s327326,non_causal,9,0.5,0.90255,0.0,ciciot2023,1
s327326,non_causal,9,0.75,0.90255,0.0,ciciot2023,1
s327326,non_causal,9,1.0,0.90255,0.0,ciciot2023,1
s1046314,causal,3,0.0,0.83865,0.0,ciciot2023,1
s1046314,causal,3,0.25,0.50303,0.33561,ciciot2023,1
s1046314,causal,3,0.5,0.57065,0.26799,ciciot2023,1
s1046314,causal,3,0.75,0.58938,0.24926,ciciot2023,1
s1046314,causal,3,1.0,0.58936,0.24928,ciciot2023,1
s1046314,causal,4,0.0,0.83865,0.0,ciciot2023,1
s1046314,causal,4,0.25,0.84218,-0.00353,ciciot2023,1
s1046314,causal,4,0.5,0.86869,-0.03004,ciciot2023,1
s1046314,causal,4,0.75,0.77645,0.06219,ciciot2023,1
s1046314,causal,4,1.0,0.78416,0.05449,ciciot2023,1
s1046314,causal,17,0.0,0.83865,0.0,ciciot2023,1
s1046314,causal,17,0.25,0.57662,0.26202,ciciot2023,1
s1046314,causal,17,0.5,0.4402,0.39845,ciciot2023,1
s1046314,causal,17,0.75,0.44002,0.39863,ciciot2023,1
s1046314,causal,17,1.0,0.44002,0.39863,ciciot2023,1
s1046314,causal,30,0.0,0.83865,0.0,ciciot2023,1
s1046314,causal,30,0.25,0.75402,0.08463,ciciot2023,1
s1046314,causal,30,0.5,0.75386,0.08478,ciciot2023,1
s1046314,causal,30,0.75,0.75386,0.08478,ciciot2023,1
s1046314,causal,30,1.0,0.75385,0.08479,ciciot2023,1
s1046314,causal,33,0.0,0.83865,0.0,ciciot2023,1
s1046314,causal,33,0.25,0.64698,0.19166,ciciot2023,1
s1046314,causal,33,0.5,0.64695,0.1917,ciciot2023,1
s1046314,causal,33,0.75,0.64613,0.19251,ciciot2023,1
s1046314,causal,33,1.0,0.64613,0.19251,ciciot2023,1
s1046314,causal,34,0.0,0.83865,0.0,ciciot2023,1
s1046314,causal,34,0.25,0.22859,0.61005,ciciot2023,1
s1046314,causal,34,0.5,0.2286,0.61005,ciciot2023,1
s1046314,causal,34,0.75,0.22857,0.61008,ciciot2023,1
s1046314,causal,34,1.0,0.22855,0.61009,ciciot2023,1
s1046314,causal,39,0.0,0.83865,0.0,ciciot2023,1
s1046314,causal,39,0.25,0.83863,1e-05,ciciot2023,1
s1046314,causal,39,0.5,0.86088,-0.02224,ciciot2023,1
s1046314,causal,39,0.75,0.56918,0.26947,ciciot2023,1
s1046314,causal,39,1.0,0.61331,0.22533,ciciot2023,1
s1046314,non_causal,11,0.0,0.83865,0.0,ciciot2023,1
s1046314,non_causal,11,0.25,0.83865,0.0,ciciot2023,1
s1046314,non_causal,11,0.5,0.83865,0.0,ciciot2023,1
s1046314,non_causal,11,0.75,0.83865,0.0,ciciot2023,1
s1046314,non_causal,11,1.0,0.83865,0.0,ciciot2023,1
s1046314,non_causal,20,0.0,0.83865,0.0,ciciot2023,1
s1046314,non_causal,20,0.25,0.83865,0.0,ciciot2023,1
s1046314,non_causal,20,0.5,0.83865,0.0,ciciot2023,1
s1046314,non_causal,20,0.75,0.83865,0.0,ciciot2023,1
s1046314,non_causal,20,1.0,0.83865,0.0,ciciot2023,1
s1046314,non_causal,40,0.0,0.83865,0.0,ciciot2023,1
s1046314,non_causal,40,0.25,0.83865,0.0,ciciot2023,1
s1046314,non_causal,40,0.5,0.83865,0.0,ciciot2023,1
s1046314,non_causal,40,0.75,0.83865,0.0,ciciot2023,1
s1046314,non_causal,40,1.0,0.83865,0.0,ciciot2023,1
s1540603,causal,1,0.0,0.87735,0.0,ciciot2023,2
s1540603,causal,1,0.25,0.23204,0.64531,ciciot2023,2
s1540603,causal,1,0.5,0.33794,0.53941,ciciot2023,2
s1540603,causal,1,0.75,0.33785,0.5395,ciciot2023,2
s1540603,causal,1,1.0,0.33785,0.5395,ciciot2023,2
s1540603,causal,3,0.0,0.87735,0.0,ciciot2023,2
s1540603,causal,3,0.25,0.74582,0.13153,ciciot2023,2
s1540603,causal,3,0.5,0.73428,0.14307,ciciot2023,2
s1540603,causal,3,0.75,0.73445,0.1429,ciciot2023,2
s1540603,causal,3,1.0,0.73472,0.14263,ciciot2023,2
s1540603,causal,14,0.0,0.87735,0.0,ciciot2023,2
s1540603,causal,14,0.25,0.80309,0.07426,ciciot2023,2
s1540603,causal,14,0.5,0.78984,0.0875,ciciot2023,2
s1540603,causal,14,0.75,0.77277,0.10458,ciciot2023,2
s1540603,causal,14,1.0,0.71301,0.16434,ciciot2023,2
s1540603,causal,16,0.0,0.87735,0.0,ciciot2023,2
s1540603,causal,16,0.25,0.84672,0.03063,ciciot2023,2
s1540603,causal,16,0.5,0.84669,0.03065,ciciot2023,2
s1540603,causal,16,0.75,0.68078,0.19657,ciciot2023,2
s1540603,causal,16,1.0,0.68078,0.19657,ciciot2023,2
s1540603,causal,30,0.0,0.87735,0.0,ciciot2023,2
s1540603,causal,30,0.25,0.4149,0.46245,ciciot2023,2
s1540603,causal,30,0.5,0.41476,0.46259,ciciot2023,2
s1540603,causal,30,0.75,0.41455,0.4628,ciciot2023,2
s1540603,causal,30,1.0,0.41455,0.4628,ciciot2023,2
s1540603,causal,34,0.0,0.87735,0.0,ciciot2023,2
s1540603,causal,34,0.25,0.73181,0.14554,ciciot2023,2
s1540603,causal,34,0.5,0.73178,0.14557,ciciot2023,2
s1540603,causal,34,0.75,0.73178,0.14557,ciciot2023,2
s1540603,causal,34,1.0,0.73174,0.14561,ciciot2023,2
s1540603,non_causal,31,0.0,0.87735,0.0,ciciot2023,2
s1540603,non_causal,31,0.25,0.85632,0.02103,ciciot2023,2
s1540603,non_causal,31,0.5,0.8563,0.02105,ciciot2023,2
s1540603,non_causal,31,0.75,0.8563,0.02105,ciciot2023,2
s1540603,non_causal,31,1.0,0.85629,0.02106,ciciot2023,2
s1540603,non_causal,9,0.0,0.87735,0.0,ciciot2023,2
s1540603,non_causal,9,0.25,0.87735,0.0,ciciot2023,2
s1540603,non_causal,9,0.5,0.87735,0.0,ciciot2023,2
s1540603,non_causal,9,0.75,0.87735,0.0,ciciot2023,2
s1540603,non_causal,9,1.0,0.87735,0.0,ciciot2023,2
s1540603,non_causal,32,0.0,0.87735,0.0,ciciot2023,2
s1540603,non_causal,32,0.25,0.85045,0.0269,ciciot2023,2
s1540603,non_causal,32,0.5,0.85044,0.02691,ciciot2023,2
s1540603,non_causal,32,0.75,0.85044,0.02691,ciciot2023,2
s1540603,non_causal,32,1.0,0.85044,0.02691,ciciot2023,2
s727962,causal,1,0.0,0.97735,0.0,ciciot2023,2
s727962,causal,1,0.25,0.08573,0.89163,ciciot2023,2
s727962,causal,1,0.5,0.13702,0.84034,ciciot2023,2
s727962,causal,1,0.75,0.137,0.84035,ciciot2023,2
s727962,causal,1,1.0,0.137,0.84035,ciciot2023,2
s727962,causal,14,0.0,0.97735,0.0,ciciot2023,2
s727962,causal,14,0.25,0.96148,0.01587,ciciot2023,2
s727962,causal,14,0.5,0.95104,0.02631,ciciot2023,2
s727962,causal,14,0.75,0.93868,0.03867,ciciot2023,2
s727962,causal,14,1.0,0.91922,0.05813,ciciot2023,2
s727962,causal,16,0.0,0.97735,0.0,ciciot2023,2
s727962,causal,16,0.25,0.95693,0.02042,ciciot2023,2
s727962,causal,16,0.5,0.9569,0.02045,ciciot2023,2
s727962,causal,16,0.75,0.91591,0.06144,ciciot2023,2
s727962,causal,16,1.0,0.91591,0.06144,ciciot2023,2
s727962,causal,30,0.0,0.97735,0.0,ciciot2023,2
s727962,causal,30,0.25,0.85627,0.12109,ciciot2023,2
s727962,causal,30,0.5,0.85627,0.12109,ciciot2023,2
s727962,causal,30,0.75,0.85574,0.12161,ciciot2023,2
s727962,causal,30,1.0,0.85574,0.12161,ciciot2023,2
s727962,causal,34,0.0,0.97735,0.0,ciciot2023,2
s727962,causal,34,0.25,0.69883,0.27852,ciciot2023,2
s727962,causal,34,0.5,0.69876,0.27859,ciciot2023,2
s727962,causal,34,0.75,0.69862,0.27873,ciciot2023,2
s727962,causal,34,1.0,0.69875,0.2786,ciciot2023,2
s727962,non_causal,3,0.0,0.97735,0.0,ciciot2023,2
s727962,non_causal,3,0.25,0.98005,-0.0027,ciciot2023,2
s727962,non_causal,3,0.5,0.99134,-0.01399,ciciot2023,2
s727962,non_causal,3,0.75,0.99134,-0.01399,ciciot2023,2
s727962,non_causal,3,1.0,0.99132,-0.01397,ciciot2023,2
s727962,non_causal,28,0.0,0.97735,0.0,ciciot2023,2
s727962,non_causal,28,0.25,0.97735,0.0,ciciot2023,2
s727962,non_causal,28,0.5,0.97735,0.0,ciciot2023,2
s727962,non_causal,28,0.75,0.97735,0.0,ciciot2023,2
s727962,non_causal,28,1.0,0.97735,0.0,ciciot2023,2
s727962,non_causal,21,0.0,0.97735,0.0,ciciot2023,2
s727962,non_causal,21,0.25,0.97735,0.0,ciciot2023,2
s727962,non_causal,21,0.5,0.97735,0.0,ciciot2023,2
s727962,non_causal,21,0.75,0.97735,0.0,ciciot2023,2
s727962,non_causal,21,1.0,0.97735,0.0,ciciot2023,2
s156845,causal,1,0.0,0.95154,0.0,ciciot2023,2
s156845,causal,1,0.25,0.80666,0.14488,ciciot2023,2
s156845,causal,1,0.5,0.87521,0.07633,ciciot2023,2
s156845,causal,1,0.75,0.87516,0.07638,ciciot2023,2
s156845,causal,1,1.0,0.87516,0.07638,ciciot2023,2
s156845,causal,4,0.0,0.95154,0.0,ciciot2023,2
s156845,causal,4,0.25,0.92575,0.0258,ciciot2023,2
s156845,causal,4,0.5,0.88449,0.06706,ciciot2023,2
s156845,causal,4,0.75,0.84499,0.10655,ciciot2023,2
s156845,causal,4,1.0,0.85167,0.09987,ciciot2023,2
s156845,causal,14,0.0,0.95154,0.0,ciciot2023,2
s156845,causal,14,0.25,0.8772,0.07435,ciciot2023,2
s156845,causal,14,0.5,0.85876,0.09278,ciciot2023,2
s156845,causal,14,0.75,0.83622,0.11532,ciciot2023,2
s156845,causal,14,1.0,0.77875,0.17279,ciciot2023,2
s156845,causal,16,0.0,0.95154,0.0,ciciot2023,2
s156845,causal,16,0.25,0.91216,0.03938,ciciot2023,2
s156845,causal,16,0.5,0.91213,0.03942,ciciot2023,2
s156845,causal,16,0.75,0.84671,0.10484,ciciot2023,2
s156845,causal,16,1.0,0.84671,0.10484,ciciot2023,2
s156845,causal,34,0.0,0.95154,0.0,ciciot2023,2
s156845,causal,34,0.25,0.71168,0.23987,ciciot2023,2
s156845,causal,34,0.5,0.71162,0.23992,ciciot2023,2
s156845,causal,34,0.75,0.71151,0.24004,ciciot2023,2
s156845,causal,34,1.0,0.71159,0.23995,ciciot2023,2
s156845,non_causal,3,0.0,0.95154,0.0,ciciot2023,2
s156845,non_causal,3,0.25,0.9223,0.02924,ciciot2023,2
s156845,non_causal,3,0.5,0.96517,-0.01362,ciciot2023,2
s156845,non_causal,3,0.75,0.96516,-0.01362,ciciot2023,2
s156845,non_causal,3,1.0,0.96513,-0.01359,ciciot2023,2
s156845,non_causal,30,0.0,0.95154,0.0,ciciot2023,2
s156845,non_causal,30,0.25,0.9247,0.02684,ciciot2023,2
s156845,non_causal,30,0.5,0.9247,0.02684,ciciot2023,2
s156845,non_causal,30,0.75,0.9245,0.02704,ciciot2023,2
s156845,non_causal,30,1.0,0.9245,0.02704,ciciot2023,2
s156845,non_causal,9,0.0,0.95154,0.0,ciciot2023,2
s156845,non_causal,9,0.25,0.95154,0.0,ciciot2023,2
s156845,non_causal,9,0.5,0.95154,0.0,ciciot2023,2
s156845,non_causal,9,0.75,0.95154,0.0,ciciot2023,2
s156845,non_causal,9,1.0,0.95154,0.0,ciciot2023,2
s326735,causal,1,0.0,0.95188,0.0,ciciot2023,2
s326735,causal,1,0.25,0.7714,0.18048,ciciot2023,2
s326735,causal,1,0.5,0.85048,0.1014,ciciot2023,2
s326735,causal,1,0.75,0.85043,0.10145,ciciot2023,2
s326735,causal,1,1.0,0.85043,0.10145,ciciot2023,2
s326735,causal,4,0.0,0.95188,0.0,ciciot2023,2
s326735,causal,4,0.25,0.93591,0.01598,ciciot2023,2
s326735,causal,4,0.5,0.83337,0.11851,ciciot2023,2
s326735,causal,4,0.75,0.82657,0.12531,ciciot2023,2
s326735,causal,4,1.0,0.83466,0.11723,ciciot2023,2
s326735,causal,14,0.0,0.95188,0.0,ciciot2023,2
s326735,causal,14,0.25,0.90544,0.04645,ciciot2023,2
s326735,causal,14,0.5,0.89164,0.06024,ciciot2023,2
s326735,causal,14,0.75,0.87631,0.07557,ciciot2023,2
s326735,causal,14,1.0,0.83547,0.11641,ciciot2023,2
s326735,causal,16,0.0,0.95188,0.0,ciciot2023,2
s326735,causal,16,0.25,0.90679,0.04509,ciciot2023,2
s326735,causal,16,0.5,0.90675,0.04513,ciciot2023,2
s326735,causal,16,0.75,0.8262,0.12568,ciciot2023,2
s326735,causal,16,1.0,0.8262,0.12568,ciciot2023,2
s326735,causal,34,0.0,0.95188,0.0,ciciot2023,2
s326735,causal,34,0.25,0.65318,0.2987,ciciot2023,2
s326735,causal,34,0.5,0.6531,0.29878,ciciot2023,2
s326735,causal,34,0.75,0.65295,0.29893,ciciot2023,2
s326735,causal,34,1.0,0.65309,0.29879,ciciot2023,2
s326735,non_causal,12,0.0,0.95188,0.0,ciciot2023,2
s326735,non_causal,12,0.25,0.95188,0.0,ciciot2023,2
s326735,non_causal,12,0.5,0.95188,0.0,ciciot2023,2
s326735,non_causal,12,0.75,0.95188,0.0,ciciot2023,2
s326735,non_causal,12,1.0,0.95188,0.0,ciciot2023,2
s326735,non_causal,33,0.0,0.95188,0.0,ciciot2023,2
s326735,non_causal,33,0.25,0.91494,0.03694,ciciot2023,2
s326735,non_causal,33,0.5,0.91493,0.03695,ciciot2023,2
s326735,non_causal,33,0.75,0.91492,0.03696,ciciot2023,2
s326735,non_causal,33,1.0,0.91492,0.03696,ciciot2023,2
s326735,non_causal,15,0.0,0.95188,0.0,ciciot2023,2
s326735,non_causal,15,0.25,0.93836,0.01352,ciciot2023,2
s326735,non_causal,15,0.5,0.93767,0.01421,ciciot2023,2
s326735,non_causal,15,0.75,0.93762,0.01426,ciciot2023,2
s326735,non_causal,15,1.0,0.94394,0.00794,ciciot2023,2
s809644,causal,1,0.0,0.91848,0.0,ciciot2023,2
s809644,causal,1,0.25,0.10505,0.81342,ciciot2023,2
s809644,causal,1,0.5,0.1659,0.75258,ciciot2023,2
s809644,causal,1,0.75,0.16589,0.75259,ciciot2023,2
s809644,causal,1,1.0,0.16589,0.75259,ciciot2023,2
s809644,causal,14,0.0,0.91848,0.0,ciciot2023,2
s809644,causal,14,0.25,0.86206,0.05642,ciciot2023,2
s809644,causal,14,0.5,0.84433,0.07415,ciciot2023,2
s809644,causal,14,0.75,0.82365,0.09483,ciciot2023,2
s809644,causal,14,1.0,0.78915,0.12933,ciciot2023,2
s809644,causal,16,0.0,0.91848,0.0,ciciot2023,2
s809644,causal,16,0.25,0.85236,0.06612,ciciot2023,2
s809644,causal,16,0.5,0.85232,0.06615,ciciot2023,2
s809644,causal,16,0.75,0.7367,0.18178,ciciot2023,2
s809644,causal,16,1.0,0.7367,0.18178,ciciot2023,2
s809644,causal,30,0.0,0.91848,0.0,ciciot2023,2
s809644,causal,30,0.25,0.56832,0.35016,ciciot2023,2
s809644,causal,30,0.5,0.56832,0.35016,ciciot2023,2
s809644,causal,30,0.75,0.56781,0.35067,ciciot2023,2
s809644,causal,30,1.0,0.56781,0.35067,ciciot2023,2
s809644,causal,33,0.0,0.91848,0.0,ciciot2023,2
s809644,causal,33,0.25,0.86541,0.05307,ciciot2023,2
s809644,causal,33,0.5,0.8654,0.05307,ciciot2023,2
s809644,causal,33,0.75,0.86539,0.05308,ciciot2023,2
s809644,causal,33,1.0,0.86539,0.05308,ciciot2023,2
s809644,causal,34,0.0,0.91848,0.0,ciciot2023,2
s809644,causal,34,0.25,0.50651,0.41196,ciciot2023,2
s809644,causal,34,0.5,0.50647,0.41201,ciciot2023,2
s809644,causal,34,0.75,0.50638,0.4121,ciciot2023,2
s809644,causal,34,1.0,0.50646,0.41202,ciciot2023,2
s809644,non_causal,25,0.0,0.91848,0.0,ciciot2023,2
s809644,non_causal,25,0.25,0.91848,0.0,ciciot2023,2
s809644,non_causal,25,0.5,0.91848,0.0,ciciot2023,2
s809644,non_causal,25,0.75,0.91848,0.0,ciciot2023,2
s809644,non_causal,25,1.0,0.91848,0.0,ciciot2023,2
s809644,non_causal,28,0.0,0.91848,0.0,ciciot2023,2
s809644,non_causal,28,0.25,0.91848,0.0,ciciot2023,2
s809644,non_causal,28,0.5,0.91848,0.0,ciciot2023,2
s809644,non_causal,28,0.75,0.91848,0.0,ciciot2023,2
s809644,non_causal,28,1.0,0.91848,0.0,ciciot2023,2
s809644,non_causal,6,0.0,0.91848,0.0,ciciot2023,2
s809644,non_causal,6,0.25,0.91848,0.0,ciciot2023,2
s809644,non_causal,6,0.5,0.91848,0.0,ciciot2023,2
s809644,non_causal,6,0.75,0.91848,0.0,ciciot2023,2
s809644,non_causal,6,1.0,0.91848,0.0,ciciot2023,2
s952856,causal,1,0.0,0.93722,0.0,ciciot2023,2
s952856,causal,1,0.25,0.09824,0.83897,ciciot2023,2
s952856,causal,1,0.5,0.15573,0.78149,ciciot2023,2
s952856,causal,1,0.75,0.15571,0.78151,ciciot2023,2
s952856,causal,1,1.0,0.15571,0.78151,ciciot2023,2
s952856,causal,14,0.0,0.93722,0.0,ciciot2023,2
s952856,causal,14,0.25,0.9103,0.02692,ciciot2023,2
s952856,causal,14,0.5,0.90281,0.03441,ciciot2023,2
s952856,causal,14,0.75,0.89562,0.04159,ciciot2023,2
s952856,causal,14,1.0,0.87256,0.06466,ciciot2023,2
s952856,causal,16,0.0,0.93722,0.0,ciciot2023,2
s952856,causal,16,0.25,0.88172,0.0555,ciciot2023,2
s952856,causal,16,0.5,0.88169,0.05553,ciciot2023,2
s952856,causal,16,0.75,0.78339,0.15383,ciciot2023,2
s952856,causal,16,1.0,0.78339,0.15383,ciciot2023,2
s952856,causal,30,0.0,0.93722,0.0,ciciot2023,2
s952856,causal,30,0.25,0.69448,0.24274,ciciot2023,2
s952856,causal,30,0.5,0.69448,0.24274,ciciot2023,2
s952856,causal,30,0.75,0.69403,0.24319,ciciot2023,2
s952856,causal,30,1.0,0.69403,0.24319,ciciot2023,2
s952856,causal,34,0.0,0.93722,0.0,ciciot2023,2
s952856,causal,34,0.25,0.51615,0.42107,ciciot2023,2
s952856,causal,34,0.5,0.51609,0.42112,ciciot2023,2
s952856,causal,34,0.75,0.51602,0.4212,ciciot2023,2
s952856,causal,34,1.0,0.51609,0.42113,ciciot2023,2
s952856,non_causal,39,0.0,0.93722,0.0,ciciot2023,2
s952856,non_causal,39,0.25,0.93681,0.00041,ciciot2023,2
s952856,non_causal,39,0.5,0.96461,-0.02739,ciciot2023,2
s952856,non_causal,39,0.75,0.89699,0.04023,ciciot2023,2
s952856,non_causal,39,1.0,0.95387,-0.01665,ciciot2023,2
s952856,non_causal,31,0.0,0.93722,0.0,ciciot2023,2
s952856,non_causal,31,0.25,0.93056,0.00666,ciciot2023,2
s952856,non_causal,31,0.5,0.93053,0.00669,ciciot2023,2
s952856,non_causal,31,0.75,0.93053,0.00669,ciciot2023,2
s952856,non_causal,31,1.0,0.93053,0.00669,ciciot2023,2
s952856,non_causal,11,0.0,0.93722,0.0,ciciot2023,2
s952856,non_causal,11,0.25,0.93722,0.0,ciciot2023,2
s952856,non_causal,11,0.5,0.93722,0.0,ciciot2023,2
s952856,non_causal,11,0.75,0.93722,0.0,ciciot2023,2
s952856,non_causal,11,1.0,0.93722,0.0,ciciot2023,2
s1555738,causal,1,0.0,0.99312,0.0,ciciot2023,2
s1555738,causal,1,0.25,0.23055,0.76256,ciciot2023,2
s1555738,causal,1,0.5,0.33637,0.65675,ciciot2023,2
s1555738,causal,1,0.75,0.33631,0.65681,ciciot2023,2
s1555738,causal,1,1.0,0.33631,0.65681,ciciot2023,2
s1555738,causal,34,0.0,0.99312,0.0,ciciot2023,2
s1555738,causal,34,0.25,0.71385,0.27927,ciciot2023,2
s1555738,causal,34,0.5,0.71373,0.27938,ciciot2023,2
s1555738,causal,34,0.75,0.71347,0.27964,ciciot2023,2
s1555738,causal,34,1.0,0.71371,0.27941,ciciot2023,2
s1555738,non_causal,8,0.0,0.99312,0.0,ciciot2023,2
s1555738,non_causal,8,0.25,0.99312,0.0,ciciot2023,2
s1555738,non_causal,8,0.5,0.99312,0.0,ciciot2023,2
s1555738,non_causal,8,0.75,0.99312,0.0,ciciot2023,2
s1555738,non_causal,8,1.0,0.99312,0.0,ciciot2023,2
s1555738,non_causal,24,0.0,0.99312,0.0,ciciot2023,2
s1555738,non_causal,24,0.25,0.99312,0.0,ciciot2023,2
s1555738,non_causal,24,0.5,0.99312,0.0,ciciot2023,2
s1555738,non_causal,24,0.75,0.99312,0.0,ciciot2023,2
s1555738,non_causal,24,1.0,0.99312,0.0,ciciot2023,2
s1555738,non_causal,5,0.0,0.99312,0.0,ciciot2023,2
s1555738,non_causal,5,0.25,0.99312,0.0,ciciot2023,2
s1555738,non_causal,5,0.5,0.99312,0.0,ciciot2023,2
s1555738,non_causal,5,0.75,0.99312,0.0,ciciot2023,2
s1555738,non_causal,5,1.0,0.99312,0.0,ciciot2023,2
s538541,causal,1,0.0,0.96627,0.0,ciciot2023,2
s538541,causal,1,0.25,0.74336,0.22291,ciciot2023,2
s538541,causal,1,0.5,0.83023,0.13604,ciciot2023,2
s538541,causal,1,0.75,0.8302,0.13608,ciciot2023,2
s538541,causal,1,1.0,0.8302,0.13608,ciciot2023,2
s538541,causal,14,0.0,0.96627,0.0,ciciot2023,2
s538541,causal,14,0.25,0.91757,0.04871,ciciot2023,2
s538541,causal,14,0.5,0.90088,0.0654,ciciot2023,2
s538541,causal,14,0.75,0.88183,0.08444,ciciot2023,2
s538541,causal,14,1.0,0.85548,0.11079,ciciot2023,2
s538541,causal,33,0.0,0.96627,0.0,ciciot2023,2
s538541,causal,33,0.25,0.9101,0.05617,ciciot2023,2
s538541,causal,33,0.5,0.91009,0.05619,ciciot2023,2
s538541,causal,33,0.75,0.91008,0.0562,ciciot2023,2
s538541,causal,33,1.0,0.91008,0.0562,ciciot2023,2
s538541,causal,34,0.0,0.96627,0.0,ciciot2023,2
s538541,causal,34,0.25,0.78003,0.18624,ciciot2023,2
s538541,causal,34,0.5,0.77998,0.1863,ciciot2023,2
s538541,causal,34,0.75,0.77986,0.18641,ciciot2023,2
s538541,causal,34,1.0,0.77994,0.18634,ciciot2023,2
s538541,non_causal,28,0.0,0.96627,0.0,ciciot2023,2
s538541,non_causal,28,0.25,0.96627,0.0,ciciot2023,2
s538541,non_causal,28,0.5,0.96627,0.0,ciciot2023,2
s538541,non_causal,28,0.75,0.96627,0.0,ciciot2023,2
s538541,non_causal,28,1.0,0.96627,0.0,ciciot2023,2
s538541,non_causal,27,0.0,0.96627,0.0,ciciot2023,2
s538541,non_causal,27,0.25,0.96627,0.0,ciciot2023,2
s538541,non_causal,27,0.5,0.96627,0.0,ciciot2023,2
s538541,non_causal,27,0.75,0.96627,0.0,ciciot2023,2
s538541,non_causal,27,1.0,0.96627,0.0,ciciot2023,2
s538541,non_causal,35,0.0,0.96627,0.0,ciciot2023,2
s538541,non_causal,35,0.25,0.96627,0.0,ciciot2023,2
s538541,non_causal,35,0.5,0.96627,0.0,ciciot2023,2
s538541,non_causal,35,0.75,0.96627,0.0,ciciot2023,2
s538541,non_causal,35,1.0,0.96627,0.0,ciciot2023,2
s1436496,causal,1,0.0,0.92627,0.0,ciciot2023,2
s1436496,causal,1,0.25,0.15229,0.77398,ciciot2023,2
s1436496,causal,1,0.5,0.23303,0.69324,ciciot2023,2
s1436496,causal,1,0.75,0.23297,0.6933,ciciot2023,2
s1436496,causal,1,1.0,0.23297,0.6933,ciciot2023,2
s1436496,causal,14,0.0,0.92627,0.0,ciciot2023,2
s1436496,causal,14,0.25,0.90158,0.02469,ciciot2023,2
s1436496,causal,14,0.5,0.89144,0.03483,ciciot2023,2
s1436496,causal,14,0.75,0.88009,0.04618,ciciot2023,2
s1436496,causal,14,1.0,0.84172,0.08455,ciciot2023,2
s1436496,causal,16,0.0,0.92627,0.0,ciciot2023,2
s1436496,causal,16,0.25,0.83083,0.09544,ciciot2023,2
s1436496,causal,16,0.5,0.83078,0.09549,ciciot2023,2
s1436496,causal,16,0.75,0.70426,0.22201,ciciot2023,2
s1436496,causal,16,1.0,0.70426,0.22201,ciciot2023,2
s1436496,causal,30,0.0,0.92627,0.0,ciciot2023,2
s1436496,causal,30,0.25,0.59493,0.33134,ciciot2023,2
s1436496,causal,30,0.5,0.59493,0.33134,ciciot2023,2
s1436496,causal,30,0.75,0.59439,0.33188,ciciot2023,2
s1436496,causal,30,1.0,0.59439,0.33188,ciciot2023,2
s1436496,causal,34,0.0,0.92627,0.0,ciciot2023,2
s1436496,causal,34,0.25,0.79333,0.13294,ciciot2023,2
s1436496,causal,34,0.5,0.79327,0.133,ciciot2023,2
s1436496,causal,34,0.75,0.79326,0.133,ciciot2023,2
s1436496,causal,34,1.0,0.79326,0.13301,ciciot2023,2
s1436496,non_causal,3,0.0,0.92627,0.0,ciciot2023,2
s1436496,non_causal,3,0.25,0.91857,0.0077,ciciot2023,2
s1436496,non_causal,3,0.5,0.95595,-0.02968,ciciot2023,2
s1436496,non_causal,3,0.75,0.95595,-0.02968,ciciot2023,2
s1436496,non_causal,3,1.0,0.95593,-0.02966,ciciot2023,2
s1436496,non_causal,8,0.0,0.92627,0.0,ciciot2023,2
s1436496,non_causal,8,0.25,0.92627,0.0,ciciot2023,2
s1436496,non_causal,8,0.5,0.92627,0.0,ciciot2023,2
s1436496,non_causal,8,0.75,0.92627,0.0,ciciot2023,2
s1436496,non_causal,8,1.0,0.92627,0.0,ciciot2023,2
s1436496,non_causal,5,0.0,0.92627,0.0,ciciot2023,2
s1436496,non_causal,5,0.25,0.92627,0.0,ciciot2023,2
s1436496,non_causal,5,0.5,0.92627,0.0,ciciot2023,2
s1436496,non_causal,5,0.75,0.92627,0.0,ciciot2023,2
s1436496,non_causal,5,1.0,0.92627,0.0,ciciot2023,2
s656651,causal,1,0.0,0.88992,0.0,ciciot2023,2
s656651,causal,1,0.25,0.17118,0.71874,ciciot2023,2
s656651,causal,1,0.5,0.25908,0.63084,ciciot2023,2
s656651,causal,1,0.75,0.25906,0.63086,ciciot2023,2
s656651,causal,1,1.0,0.25906,0.63086,ciciot2023,2
s656651,causal,14,0.0,0.88992,0.0,ciciot2023,2
s656651,causal,14,0.25,0.82931,0.06061,ciciot2023,2
s656651,causal,14,0.5,0.81592,0.074,ciciot2023,2
s656651,causal,14,0.75,0.80103,0.0889,ciciot2023,2
s656651,causal,14,1.0,0.76163,0.12829,ciciot2023,2
s656651,causal,16,0.0,0.88992,0.0,ciciot2023,2
s656651,causal,16,0.25,0.80175,0.08817,ciciot2023,2
s656651,causal,16,0.5,0.8017,0.08822,ciciot2023,2
s656651,causal,16,0.75,0.66214,0.22778,ciciot2023,2
s656651,causal,16,1.0,0.66214,0.22778,ciciot2023,2
s656651,causal,30,0.0,0.88992,0.0,ciciot2023,2
s656651,causal,30,0.25,0.53458,0.35534,ciciot2023,2
s656651,causal,30,0.5,0.53458,0.35534,ciciot2023,2
s656651,causal,30,0.75,0.5341,0.35582,ciciot2023,2
s656651,causal,30,1.0,0.5341,0.35582,ciciot2023,2
s656651,causal,33,0.0,0.88992,0.0,ciciot2023,2
s656651,causal,33,0.25,0.81239,0.07753,ciciot2023,2
s656651,causal,33,0.5,0.81239,0.07754,ciciot2023,2
s656651,causal,33,0.75,0.81238,0.07754,ciciot2023,2
s656651,causal,33,1.0,0.81238,0.07754,ciciot2023,2
s656651,causal,34,0.0,0.88992,0.0,ciciot2023,2
s656651,causal,34,0.25,0.39645,0.49347,ciciot2023,2
s656651,causal,34,0.5,0.39642,0.4935,ciciot2023,2
s656651,causal,34,0.75,0.39634,0.49358,ciciot2023,2
s656651,causal,34,1.0,0.39641,0.49351,ciciot2023,2
s656651,non_causal,9,0.0,0.88992,0.0,ciciot2023,2
s656651,non_causal,9,0.25,0.88992,0.0,ciciot2023,2
s656651,non_causal,9,0.5,0.88992,0.0,ciciot2023,2
s656651,non_causal,9,0.75,0.88992,0.0,ciciot2023,2
s656651,non_causal,9,1.0,0.88992,0.0,ciciot2023,2
s656651,non_causal,20,0.0,0.88992,0.0,ciciot2023,2
s656651,non_causal,20,0.25,0.88992,0.0,ciciot2023,2
s656651,non_causal,20,0.5,0.88992,0.0,ciciot2023,2
s656651,non_causal,20,0.75,0.88992,0.0,ciciot2023,2
s656651,non_causal,20,1.0,0.88992,0.0,ciciot2023,2
s656651,non_causal,39,0.0,0.88992,0.0,ciciot2023,2
s656651,non_causal,39,0.25,0.88924,0.00068,ciciot2023,2
s656651,non_causal,39,0.5,0.93655,-0.04663,ciciot2023,2
s656651,non_causal,39,0.75,0.82505,0.06487,ciciot2023,2
s656651,non_causal,39,1.0,0.91808,-0.02816,ciciot2023,2
s810919,causal,1,0.0,0.95898,0.0,ciciot2023,2
s810919,causal,1,0.25,0.1307,0.82827,ciciot2023,2
s810919,causal,1,0.5,0.20292,0.75605,ciciot2023,2
s810919,causal,1,0.75,0.2029,0.75607,ciciot2023,2
s810919,causal,1,1.0,0.2029,0.75607,ciciot2023,2
s810919,causal,14,0.0,0.95898,0.0,ciciot2023,2
s810919,causal,14,0.25,0.93654,0.02244,ciciot2023,2
s810919,causal,14,0.5,0.92731,0.03166,ciciot2023,2
s810919,causal,14,0.75,0.91712,0.04186,ciciot2023,2
s810919,causal,14,1.0,0.89313,0.06585,ciciot2023,2
s810919,causal,16,0.0,0.95898,0.0,ciciot2023,2
s810919,causal,16,0.25,0.92679,0.03219,ciciot2023,2
s810919,causal,16,0.5,0.92676,0.03222,ciciot2023,2
s810919,causal,16,0.75,0.86055,0.09843,ciciot2023,2
s810919,causal,16,1.0,0.86055,0.09843,ciciot2023,2
s810919,causal,30,0.0,0.95898,0.0,ciciot2023,2
s810919,causal,30,0.25,0.77747,0.18151,ciciot2023,2
s810919,causal,30,0.5,0.77747,0.18151,ciciot2023,2
s810919,causal,30,0.75,0.77689,0.18209,ciciot2023,2
s810919,causal,30,1.0,0.7769,0.18208,ciciot2023,2
s810919,causal,34,0.0,0.95898,0.0,ciciot2023,2
s810919,causal,34,0.25,0.58095,0.37803,ciciot2023,2
s810919,causal,34,0.5,0.58089,0.37809,ciciot2023,2
s810919,causal,34,0.75,0.58076,0.37822,ciciot2023,2
s810919,causal,34,1.0,0.58088,0.3781,ciciot2023,2
s810919,non_causal,22,0.0,0.95898,0.0,ciciot2023,2
s810919,non_causal,22,0.25,0.95898,0.0,ciciot2023,2
s810919,non_causal,22,0.5,0.95898,0.0,ciciot2023,2
s810919,non_causal,22,0.75,0.95898,0.0,ciciot2023,2
s810919,non_causal,22,1.0,0.95898,0.0,ciciot2023,2
s810919,non_causal,36,0.0,0.95898,0.0,ciciot2023,2
s810919,non_causal,36,0.25,0.85658,0.10239,ciciot2023,2
s810919,non_causal,36,0.5,0.85655,0.10243,ciciot2023,2
s810919,non_causal,36,0.75,0.85655,0.10243,ciciot2023,2
s810919,non_causal,36,1.0,0.94358,0.0154,ciciot2023,2
s810919,non_causal,29,0.0,0.95898,0.0,ciciot2023,2
s810919,non_causal,29,0.25,0.93664,0.02233,ciciot2023,2
s810919,non_causal,29,0.5,0.93665,0.02233,ciciot2023,2
s810919,non_causal,29,0.75,0.93665,0.02233,ciciot2023,2
s810919,non_causal,29,1.0,0.93665,0.02233,ciciot2023,2
s365928,causal,1,0.0,0.68493,0.0,ciciot2023,2
s365928,causal,1,0.25,0.30466,0.38027,ciciot2023,2
s365928,causal,1,0.5,0.42538,0.25955,ciciot2023,2
s365928,causal,1,0.75,0.4253,0.25963,ciciot2023,2
s365928,causal,1,1.0,0.42529,0.25964,ciciot2023,2
s365928,causal,3,0.0,0.68493,0.0,ciciot2023,2
s365928,causal,3,0.25,0.47937,0.20556,ciciot2023,2
s365928,causal,3,0.5,0.46332,0.22161,ciciot2023,2
s365928,causal,3,0.75,0.46331,0.22162,ciciot2023,2
s365928,causal,3,1.0,0.46329,0.22164,ciciot2023,2
s365928,causal,14,0.0,0.68493,0.0,ciciot2023,2
s365928,causal,14,0.25,0.6257,0.05923,ciciot2023,2
s365928,causal,14,0.5,0.61099,0.07394,ciciot2023,2
s365928,causal,14,0.75,0.59559,0.08933,ciciot2023,2
s365928,causal,14,1.0,0.57899,0.10594,ciciot2023,2
s365928,causal,30,0.0,0.68493,0.0,ciciot2023,2
s365928,causal,30,0.25,0.3487,0.33623,ciciot2023,2
s365928,causal,30,0.5,0.3487,0.33622,ciciot2023,2
s365928,causal,30,0.75,0.34863,0.3363,ciciot2023,2
s365928,causal,30,1.0,0.34863,0.3363,ciciot2023,2
s365928,causal,34,0.0,0.68493,0.0,ciciot2023,2
s365928,causal,34,0.25,0.51971,0.16522,ciciot2023,2
s365928,causal,34,0.5,0.51969,0.16524,ciciot2023,2
s365928,causal,34,0.75,0.51969,0.16524,ciciot2023,2
s365928,causal,34,1.0,0.51968,0.16525,ciciot2023,2
s365928,non_causal,10,0.0,0.68493,0.0,ciciot2023,2
s365928,non_causal,10,0.25,0.68493,0.0,ciciot2023,2
s365928,non_causal,10,0.5,0.68493,0.0,ciciot2023,2
s365928,non_causal,10,0.75,0.68493,0.0,ciciot2023,2
s365928,non_causal,10,1.0,0.68493,0.0,ciciot2023,2
s365928,non_causal,15,0.0,0.68493,0.0,ciciot2023,2
s365928,non_causal,15,0.25,0.69034,-0.00541,ciciot2023,2
s365928,non_causal,15,0.5,0.70039,-0.01547,ciciot2023,2
s365928,non_causal,15,0.75,0.70036,-0.01543,ciciot2023,2
s365928,non_causal,15,1.0,0.72363,-0.0387,ciciot2023,2
s365928,non_causal,12,0.0,0.68493,0.0,ciciot2023,2
s365928,non_causal,12,0.25,0.68493,0.0,ciciot2023,2
s365928,non_causal,12,0.5,0.68493,0.0,ciciot2023,2
s365928,non_causal,12,0.75,0.68493,0.0,ciciot2023,2
s365928,non_causal,12,1.0,0.68493,0.0,ciciot2023,2
s1348138,causal,1,0.0,0.88932,0.0,ciciot2023,2
s1348138,causal,1,0.25,0.53985,0.34946,ciciot2023,2
s1348138,causal,1,0.5,0.66493,0.22438,ciciot2023,2
s1348138,causal,1,0.75,0.6649,0.22441,ciciot2023,2
s1348138,causal,1,1.0,0.6649,0.22442,ciciot2023,2
s1348138,causal,4,0.0,0.88932,0.0,ciciot2023,2
s1348138,causal,4,0.25,0.88932,-0.0,ciciot2023,2
s1348138,causal,4,0.5,0.80008,0.08924,ciciot2023,2
s1348138,causal,4,0.75,0.81434,0.07497,ciciot2023,2
s1348138,causal,4,1.0,0.81092,0.07839,ciciot2023,2
s1348138,causal,14,0.0,0.88932,0.0,ciciot2023,2
s1348138,causal,14,0.25,0.81552,0.0738,ciciot2023,2
s1348138,causal,14,0.5,0.79989,0.08943,ciciot2023,2
s1348138,causal,14,0.75,0.7822,0.10711,ciciot2023,2
s1348138,causal,14,1.0,0.76289,0.12642,ciciot2023,2
s1348138,causal,16,0.0,0.88932,0.0,ciciot2023,2
s1348138,causal,16,0.25,0.87178,0.01754,ciciot2023,2
s1348138,causal,16,0.5,0.87175,0.01757,ciciot2023,2
s1348138,causal,16,0.75,0.80158,0.08774,ciciot2023,2
s1348138,causal,16,1.0,0.80158,0.08774,ciciot2023,2
s1348138,causal,30,0.0,0.88932,0.0,ciciot2023,2
s1348138,causal,30,0.25,0.78246,0.10685,ciciot2023,2
s1348138,causal,30,0.5,0.78246,0.10685,ciciot2023,2
s1348138,causal,30,0.75,0.78229,0.10703,ciciot2023,2
s1348138,causal,30,1.0,0.78229,0.10703,ciciot2023,2
s1348138,causal,33,0.0,0.88932,0.0,ciciot2023,2
s1348138,causal,33,0.25,0.82401,0.0653,ciciot2023,2
s1348138,causal,33,0.5,0.82401,0.06531,ciciot2023,2
s1348138,causal,33,0.75,0.824,0.06532,ciciot2023,2
s1348138,causal,33,1.0,0.824,0.06532,ciciot2023,2
s1348138,causal,34,0.0,0.88932,0.0,ciciot2023,2
s1348138,causal,34,0.25,0.53947,0.34985,ciciot2023,2
s1348138,causal,34,0.5,0.53943,0.34988,ciciot2023,2
s1348138,causal,34,0.75,0.53936,0.34995,ciciot2023,2
s1348138,causal,34,1.0,0.53941,0.34991,ciciot2023,2
s1348138,non_causal,26,0.0,0.88932,0.0,ciciot2023,2
s1348138,non_causal,26,0.25,0.88932,0.0,ciciot2023,2
s1348138,non_causal,26,0.5,0.88932,0.0,ciciot2023,2
s1348138,non_causal,26,0.75,0.88932,0.0,ciciot2023,2
s1348138,non_causal,26,1.0,0.88932,0.0,ciciot2023,2
s1348138,non_causal,23,0.0,0.88932,0.0,ciciot2023,2
s1348138,non_causal,23,0.25,0.97206,-0.08274,ciciot2023,2
s1348138,non_causal,23,0.5,0.97206,-0.08274,ciciot2023,2
s1348138,non_causal,23,0.75,0.97206,-0.08274,ciciot2023,2
s1348138,non_causal,23,1.0,0.97206,-0.08274,ciciot2023,2
s1348138,non_causal,20,0.0,0.88932,0.0,ciciot2023,2
s1348138,non_causal,20,0.25,0.88932,0.0,ciciot2023,2
s1348138,non_causal,20,0.5,0.88932,0.0,ciciot2023,2
s1348138,non_causal,20,0.75,0.88932,0.0,ciciot2023,2
s1348138,non_causal,20,1.0,0.88932,0.0,ciciot2023,2
s755175,causal,1,0.0,0.85707,0.0,ciciot2023,2
s755175,causal,1,0.25,0.605,0.25207,ciciot2023,2
s755175,causal,1,0.5,0.72124,0.13583,ciciot2023,2
s755175,causal,1,0.75,0.7212,0.13587,ciciot2023,2
s755175,causal,1,1.0,0.7212,0.13587,ciciot2023,2
s755175,causal,4,0.0,0.85707,0.0,ciciot2023,2
s755175,causal,4,0.25,0.83734,0.01973,ciciot2023,2
s755175,causal,4,0.5,0.83924,0.01783,ciciot2023,2
s755175,causal,4,0.75,0.77703,0.08004,ciciot2023,2
s755175,causal,4,1.0,0.76682,0.09025,ciciot2023,2
s755175,causal,14,0.0,0.85707,0.0,ciciot2023,2
s755175,causal,14,0.25,0.57209,0.28498,ciciot2023,2
s755175,causal,14,0.5,0.56022,0.29685,ciciot2023,2
s755175,causal,14,0.75,0.54665,0.31042,ciciot2023,2
s755175,causal,14,1.0,0.52392,0.33314,ciciot2023,2
s755175,causal,16,0.0,0.85707,0.0,ciciot2023,2
s755175,causal,16,0.25,0.80634,0.05073,ciciot2023,2
s755175,causal,16,0.5,0.80631,0.05076,ciciot2023,2
s755175,causal,16,0.75,0.71171,0.14536,ciciot2023,2
s755175,causal,16,1.0,0.71171,0.14536,ciciot2023,2
s755175,causal,30,0.0,0.85707,0.0,ciciot2023,2
s755175,causal,30,0.25,0.69035,0.16672,ciciot2023,2
s755175,causal,30,0.5,0.69035,0.16672,ciciot2023,2
s755175,causal,30,0.75,0.69016,0.1669,ciciot2023,2
s755175,causal,30,1.0,0.69016,0.1669,ciciot2023,2
s755175,causal,31,0.0,0.85707,0.0,ciciot2023,2
s755175,causal,31,0.25,0.79821,0.05886,ciciot2023,2
s755175,causal,31,0.5,0.79813,0.05894,ciciot2023,2
s755175,causal,31,0.75,0.79813,0.05894,ciciot2023,2
s755175,causal,31,1.0,0.79812,0.05895,ciciot2023,2
s755175,causal,34,0.0,0.85707,0.0,ciciot2023,2
s755175,causal,34,0.25,0.62726,0.2298,ciciot2023,2
s755175,causal,34,0.5,0.62724,0.22983,ciciot2023,2
s755175,causal,34,0.75,0.6272,0.22987,ciciot2023,2
s755175,causal,34,1.0,0.62723,0.22984,ciciot2023,2
s755175,non_causal,17,0.0,0.85707,0.0,ciciot2023,2
s755175,non_causal,17,0.25,0.85267,0.0044,ciciot2023,2
s755175,non_causal,17,0.5,0.8523,0.00477,ciciot2023,2
s755175,non_causal,17,0.75,0.85228,0.00479,ciciot2023,2
s755175,non_causal,17,1.0,0.85228,0.00479,ciciot2023,2
s755175,non_causal,9,0.0,0.85707,0.0,ciciot2023,2
s755175,non_causal,9,0.25,0.85707,0.0,ciciot2023,2
s755175,non_causal,9,0.5,0.85707,0.0,ciciot2023,2
s755175,non_causal,9,0.75,0.85707,0.0,ciciot2023,2
s755175,non_causal,9,1.0,0.85707,0.0,ciciot2023,2
s755175,non_causal,32,0.0,0.85707,0.0,ciciot2023,2
s755175,non_causal,32,0.25,0.86761,-0.01054,ciciot2023,2
s755175,non_causal,32,0.5,0.86761,-0.01054,ciciot2023,2
s755175,non_causal,32,0.75,0.86761,-0.01054,ciciot2023,2
s755175,non_causal,32,1.0,0.86761,-0.01054,ciciot2023,2
s1259916,causal,1,0.0,0.93144,0.0,ciciot2023,2
s1259916,causal,1,0.25,0.0673,0.86414,ciciot2023,2
s1259916,causal,1,0.5,0.11099,0.82045,ciciot2023,2
s1259916,causal,1,0.75,0.11095,0.82049,ciciot2023,2
s1259916,causal,1,1.0,0.11095,0.82049,ciciot2023,2
s1259916,causal,14,0.0,0.93144,0.0,ciciot2023,2
s1259916,causal,14,0.25,0.92751,0.00393,ciciot2023,2
s1259916,causal,14,0.5,0.91808,0.01336,ciciot2023,2
s1259916,causal,14,0.75,0.90839,0.02305,ciciot2023,2
s1259916,causal,14,1.0,0.87496,0.05648,ciciot2023,2
s1259916,causal,16,0.0,0.93144,0.0,ciciot2023,2
s1259916,causal,16,0.25,0.63529,0.29615,ciciot2023,2
s1259916,causal,16,0.5,0.63522,0.29622,ciciot2023,2
s1259916,causal,16,0.75,0.47358,0.45786,ciciot2023,2
s1259916,causal,16,1.0,0.47357,0.45787,ciciot2023,2
s1259916,causal,17,0.0,0.93144,0.0,ciciot2023,2
s1259916,causal,17,0.25,0.87338,0.05806,ciciot2023,2
s1259916,causal,17,0.5,0.8729,0.05854,ciciot2023,2
s1259916,causal,17,0.75,0.87284,0.0586,ciciot2023,2
s1259916,causal,17,1.0,0.87285,0.05859,ciciot2023,2
s1259916,causal,30,0.0,0.93144,0.0,ciciot2023,2
s1259916,causal,30,0.25,0.57062,0.36082,ciciot2023,2
s1259916,causal,30,0.5,0.57062,0.36082,ciciot2023,2
s1259916,causal,30,0.75,0.56985,0.36159,ciciot2023,2
s1259916,causal,30,1.0,0.56986,0.36158,ciciot2023,2
s1259916,causal,34,0.0,0.93144,0.0,ciciot2023,2
s1259916,causal,34,0.25,0.75124,0.1802,ciciot2023,2
s1259916,causal,34,0.5,0.75116,0.18028,ciciot2023,2
s1259916,causal,34,0.75,0.75115,0.18029,ciciot2023,2
s1259916,causal,34,1.0,0.75115,0.18029,ciciot2023,2
s1259916,non_causal,15,0.0,0.93144,0.0,ciciot2023,2
s1259916,non_causal,15,0.25,0.92707,0.00437,ciciot2023,2
s1259916,non_causal,15,0.5,0.92628,0.00516,ciciot2023,2
s1259916,non_causal,15,0.75,0.92623,0.00521,ciciot2023,2
s1259916,non_causal,15,1.0,0.93363,-0.00219,ciciot2023,2
s1259916,non_causal,3,0.0,0.93144,0.0,ciciot2023,2
s1259916,non_causal,3,0.25,0.96562,-0.03418,ciciot2023,2
s1259916,non_causal,3,0.5,0.96836,-0.03692,ciciot2023,2
s1259916,non_causal,3,0.75,0.96836,-0.03692,ciciot2023,2
s1259916,non_causal,3,1.0,0.96834,-0.0369,ciciot2023,2
s1259916,non_causal,32,0.0,0.93144,0.0,ciciot2023,2
s1259916,non_causal,32,0.25,0.91634,0.0151,ciciot2023,2
s1259916,non_causal,32,0.5,0.91634,0.0151,ciciot2023,2
s1259916,non_causal,32,0.75,0.91634,0.0151,ciciot2023,2
s1259916,non_causal,32,1.0,0.91633,0.01511,ciciot2023,2
s571393,causal,1,0.0,0.90909,0.0,ciciot2023,2
s571393,causal,1,0.25,0.14292,0.76617,ciciot2023,2
s571393,causal,1,0.5,0.22022,0.68887,ciciot2023,2
s571393,causal,1,0.75,0.2202,0.68889,ciciot2023,2
s571393,causal,1,1.0,0.2202,0.68889,ciciot2023,2
s571393,causal,14,0.0,0.90909,0.0,ciciot2023,2
s571393,causal,14,0.25,0.84895,0.06014,ciciot2023,2
s571393,causal,14,0.5,0.83559,0.0735,ciciot2023,2
s571393,causal,14,0.75,0.8206,0.08849,ciciot2023,2
s571393,causal,14,1.0,0.7791,0.12999,ciciot2023,2
s571393,causal,16,0.0,0.90909,0.0,ciciot2023,2
s571393,causal,16,0.25,0.83023,0.07886,ciciot2023,2
s571393,causal,16,0.5,0.83018,0.07891,ciciot2023,2
s571393,causal,16,0.75,0.7036,0.20549,ciciot2023,2
s571393,causal,16,1.0,0.7036,0.20549,ciciot2023,2
s571393,causal,30,0.0,0.90909,0.0,ciciot2023,2
s571393,causal,30,0.25,0.58161,0.32748,ciciot2023,2
s571393,causal,30,0.5,0.58161,0.32748,ciciot2023,2
s571393,causal,30,0.75,0.58107,0.32802,ciciot2023,2
s571393,causal,30,1.0,0.58107,0.32802,ciciot2023,2
s571393,causal,33,0.0,0.90909,0.0,ciciot2023,2
s571393,causal,33,0.25,0.84922,0.05987,ciciot2023,2
s571393,causal,33,0.5,0.84922,0.05987,ciciot2023,2
s571393,causal,33,0.75,0.84921,0.05988,ciciot2023,2
s571393,causal,33,1.0,0.84921,0.05988,ciciot2023,2
s571393,causal,34,0.0,0.90909,0.0,ciciot2023,2
s571393,causal,34,0.25,0.46932,0.43977,ciciot2023,2
s571393,causal,34,0.5,0.46927,0.43982,ciciot2023,2
s571393,causal,34,0.75,0.46919,0.43991,ciciot2023,2
s571393,causal,34,1.0,0.46926,0.43983,ciciot2023,2
s571393,non_causal,18,0.0,0.90909,0.0,ciciot2023,2
s571393,non_causal,18,0.25,0.90909,0.0,ciciot2023,2
s571393,non_causal,18,0.5,0.90909,0.0,ciciot2023,2
s571393,non_causal,18,0.75,0.90909,0.0,ciciot2023,2
s571393,non_causal,18,1.0,0.90909,0.0,ciciot2023,2
s571393,non_causal,7,0.0,0.90909,0.0,ciciot2023,2
s571393,non_causal,7,0.25,0.90909,0.0,ciciot2023,2
s571393,non_causal,7,0.5,0.90909,0.0,ciciot2023,2
s571393,non_causal,7,0.75,0.90909,0.0,ciciot2023,2
s571393,non_causal,7,1.0,0.90909,0.0,ciciot2023,2
s571393,non_causal,22,0.0,0.90909,0.0,ciciot2023,2
s571393,non_causal,22,0.25,0.90909,0.0,ciciot2023,2
s571393,non_causal,22,0.5,0.90909,0.0,ciciot2023,2
s571393,non_causal,22,0.75,0.90909,0.0,ciciot2023,2
s571393,non_causal,22,1.0,0.90909,0.0,ciciot2023,2
s778645,causal,1,0.0,0.92534,0.0,ciciot2023,2
s778645,causal,1,0.25,0.63856,0.28678,ciciot2023,2
s778645,causal,1,0.5,0.73977,0.18556,ciciot2023,2
s778645,causal,1,0.75,0.73972,0.18562,ciciot2023,2
s778645,causal,1,1.0,0.73972,0.18562,ciciot2023,2
s778645,causal,14,0.0,0.92534,0.0,ciciot2023,2
s778645,causal,14,0.25,0.91884,0.00649,ciciot2023,2
s778645,causal,14,0.5,0.91118,0.01415,ciciot2023,2
s778645,causal,14,0.75,0.90107,0.02426,ciciot2023,2
s778645,causal,14,1.0,0.85873,0.06661,ciciot2023,2
s778645,causal,16,0.0,0.92534,0.0,ciciot2023,2
s778645,causal,16,0.25,0.91314,0.01219,ciciot2023,2
s778645,causal,16,0.5,0.9131,0.01224,ciciot2023,2
s778645,causal,16,0.75,0.83715,0.08819,ciciot2023,2
s778645,causal,16,1.0,0.83715,0.08819,ciciot2023,2
s778645,causal,29,0.0,0.92534,0.0,ciciot2023,2
s778645,causal,29,0.25,0.87453,0.05081,ciciot2023,2
s778645,causal,29,0.5,0.87454,0.0508,ciciot2023,2
s778645,causal,29,0.75,0.87453,0.0508,ciciot2023,2
s778645,causal,29,1.0,0.87453,0.05081,ciciot2023,2
s778645,causal,34,0.0,0.92534,0.0,ciciot2023,2
s778645,causal,34,0.25,0.63103,0.29431,ciciot2023,2
s778645,causal,34,0.5,0.63095,0.29439,ciciot2023,2
s778645,causal,34,0.75,0.63095,0.29439,ciciot2023,2
s778645,causal,34,1.0,0.63095,0.29439,ciciot2023,2
s778645,non_causal,40,0.0,0.92534,0.0,ciciot2023,2
s778645,non_causal,40,0.25,0.92534,-0.0,ciciot2023,2
s778645,non_causal,40,0.5,0.92534,-0.0,ciciot2023,2
s778645,non_causal,40,0.75,0.92534,-0.0,ciciot2023,2
s778645,non_causal,40,1.0,0.92534,-0.0,ciciot2023,2
s778645,non_causal,24,0.0,0.92534,0.0,ciciot2023,2
s778645,non_causal,24,0.25,0.92534,0.0,ciciot2023,2
s778645,non_causal,24,0.5,0.92534,0.0,ciciot2023,2
s778645,non_causal,24,0.75,0.92534,0.0,ciciot2023,2
s778645,non_causal,24,1.0,0.92534,0.0,ciciot2023,2
s778645,non_causal,13,0.0,0.92534,0.0,ciciot2023,2
s778645,non_causal,13,0.25,0.92534,0.0,ciciot2023,2
s778645,non_causal,13,0.5,0.94549,-0.02015,ciciot2023,2
s778645,non_causal,13,0.75,0.93779,-0.01246,ciciot2023,2
s778645,non_causal,13,1.0,0.9394,-0.01406,ciciot2023,2
s1352897,causal,3,0.0,0.86655,0.0,ciciot2023,2
s1352897,causal,3,0.25,0.2996,0.56695,ciciot2023,2
s1352897,causal,3,0.5,0.29699,0.56956,ciciot2023,2
s1352897,causal,3,0.75,0.30372,0.56283,ciciot2023,2
s1352897,causal,3,1.0,0.30387,0.56269,ciciot2023,2
s1352897,causal,14,0.0,0.86655,0.0,ciciot2023,2
s1352897,causal,14,0.25,0.84908,0.01747,ciciot2023,2
s1352897,causal,14,0.5,0.83175,0.0348,ciciot2023,2
s1352897,causal,14,0.75,0.81112,0.05543,ciciot2023,2
s1352897,causal,14,1.0,0.77359,0.09296,ciciot2023,2
s1352897,causal,16,0.0,0.86655,0.0,ciciot2023,2
s1352897,causal,16,0.25,0.86042,0.00613,ciciot2023,2
s1352897,causal,16,0.5,0.86035,0.0062,ciciot2023,2
s1352897,causal,16,0.75,0.70889,0.15766,ciciot2023,2
s1352897,causal,16,1.0,0.70887,0.15769,ciciot2023,2
s1352897,causal,30,0.0,0.86655,0.0,ciciot2023,2
s1352897,causal,30,0.25,0.7961,0.07045,ciciot2023,2
s1352897,causal,30,0.5,0.79594,0.07061,ciciot2023,2
s1352897,causal,30,0.75,0.79571,0.07084,ciciot2023,2
s1352897,causal,30,1.0,0.79571,0.07084,ciciot2023,2
s1352897,causal,34,0.0,0.86655,0.0,ciciot2023,2
s1352897,causal,34,0.25,0.70974,0.15681,ciciot2023,2
s1352897,causal,34,0.5,0.7097,0.15685,ciciot2023,2
s1352897,causal,34,0.75,0.70969,0.15686,ciciot2023,2
s1352897,causal,34,1.0,0.70966,0.15689,ciciot2023,2
s1352897,non_causal,6,0.0,0.86655,0.0,ciciot2023,2
s1352897,non_causal,6,0.25,0.86655,0.0,ciciot2023,2
s1352897,non_causal,6,0.5,0.86655,0.0,ciciot2023,2
s1352897,non_causal,6,0.75,0.86655,0.0,ciciot2023,2
s1352897,non_causal,6,1.0,0.86655,0.0,ciciot2023,2
s1352897,non_causal,10,0.0,0.86655,0.0,ciciot2023,2
s1352897,non_causal,10,0.25,0.86655,0.0,ciciot2023,2
s1352897,non_causal,10,0.5,0.86655,0.0,ciciot2023,2
s1352897,non_causal,10,0.75,0.86655,0.0,ciciot2023,2
s1352897,non_causal,10,1.0,0.86655,0.0,ciciot2023,2
s1352897,non_causal,32,0.0,0.86655,0.0,ciciot2023,2
s1352897,non_causal,32,0.25,0.86624,0.00032,ciciot2023,2
s1352897,non_causal,32,0.5,0.86622,0.00033,ciciot2023,2
s1352897,non_causal,32,0.75,0.86621,0.00034,ciciot2023,2
s1352897,non_causal,32,1.0,0.86621,0.00034,ciciot2023,2
s1080989,causal,4,0.0,0.81477,0.0,ciciot2023,2
s1080989,causal,4,0.25,0.80417,0.0106,ciciot2023,2
s1080989,causal,4,0.5,0.70032,0.11445,ciciot2023,2
s1080989,causal,4,0.75,0.72444,0.09033,ciciot2023,2
s1080989,causal,4,1.0,0.65857,0.15621,ciciot2023,2
s1080989,causal,14,0.0,0.81477,0.0,ciciot2023,2
s1080989,causal,14,0.25,0.365,0.44978,ciciot2023,2
s1080989,causal,14,0.5,0.35796,0.45682,ciciot2023,2
s1080989,causal,14,0.75,0.35008,0.46469,ciciot2023,2
s1080989,causal,14,1.0,0.34297,0.47181,ciciot2023,2
s1080989,causal,30,0.0,0.81477,0.0,ciciot2023,2
s1080989,causal,30,0.25,0.69461,0.12016,ciciot2023,2
s1080989,causal,30,0.5,0.69461,0.12016,ciciot2023,2
s1080989,causal,30,0.75,0.69427,0.12051,ciciot2023,2
s1080989,causal,30,1.0,0.69427,0.12051,ciciot2023,2
s1080989,causal,31,0.0,0.81477,0.0,ciciot2023,2
s1080989,causal,31,0.25,0.74257,0.0722,ciciot2023,2
s1080989,causal,31,0.5,0.74245,0.07232,ciciot2023,2
s1080989,causal,31,0.75,0.74245,0.07232,ciciot2023,2
s1080989,causal,31,1.0,0.74244,0.07234,ciciot2023,2
s1080989,causal,33,0.0,0.81477,0.0,ciciot2023,2
s1080989,causal,33,0.25,0.68761,0.12716,ciciot2023,2
s1080989,causal,33,0.5,0.6876,0.12718,ciciot2023,2
s1080989,causal,33,0.75,0.68759,0.12719,ciciot2023,2
s1080989,causal,33,1.0,0.68759,0.12719,ciciot2023,2
s1080989,causal,34,0.0,0.81477,0.0,ciciot2023,2
s1080989,causal,34,0.25,0.41933,0.39544,ciciot2023,2
s1080989,causal,34,0.5,0.41929,0.39549,ciciot2023,2
s1080989,causal,34,0.75,0.41919,0.39559,ciciot2023,2
s1080989,causal,34,1.0,0.41926,0.39551,ciciot2023,2
s1080989,non_causal,12,0.0,0.81477,0.0,ciciot2023,2
s1080989,non_causal,12,0.25,0.81477,0.0,ciciot2023,2
s1080989,non_causal,12,0.5,0.81477,0.0,ciciot2023,2
s1080989,non_causal,12,0.75,0.81477,0.0,ciciot2023,2
s1080989,non_causal,12,1.0,0.81477,0.0,ciciot2023,2
s1080989,non_causal,23,0.0,0.81477,0.0,ciciot2023,2
s1080989,non_causal,23,0.25,0.96854,-0.15376,ciciot2023,2
s1080989,non_causal,23,0.5,0.96854,-0.15376,ciciot2023,2
s1080989,non_causal,23,0.75,0.96854,-0.15376,ciciot2023,2
s1080989,non_causal,23,1.0,0.96854,-0.15376,ciciot2023,2
s1080989,non_causal,18,0.0,0.81477,0.0,ciciot2023,2
s1080989,non_causal,18,0.25,0.81477,0.0,ciciot2023,2
s1080989,non_causal,18,0.5,0.81477,0.0,ciciot2023,2
s1080989,non_causal,18,0.75,0.81477,0.0,ciciot2023,2
s1080989,non_causal,18,1.0,0.81477,0.0,ciciot2023,2
s441956,causal,3,0.0,0.68919,0.0,ciciot2023,2
s441956,causal,3,0.25,0.3441,0.34509,ciciot2023,2
s441956,causal,3,0.5,0.62254,0.06665,ciciot2023,2
s441956,causal,3,0.75,0.62253,0.06665,ciciot2023,2
s441956,causal,3,1.0,0.6225,0.06669,ciciot2023,2
s441956,causal,4,0.0,0.68919,0.0,ciciot2023,2
s441956,causal,4,0.25,0.73294,-0.04375,ciciot2023,2
s441956,causal,4,0.5,0.62602,0.06317,ciciot2023,2
s441956,causal,4,0.75,0.27145,0.41773,ciciot2023,2
s441956,causal,4,1.0,0.27334,0.41585,ciciot2023,2
s441956,causal,14,0.0,0.68919,0.0,ciciot2023,2
s441956,causal,14,0.25,0.55392,0.13526,ciciot2023,2
s441956,causal,14,0.5,0.54639,0.1428,ciciot2023,2
s441956,causal,14,0.75,0.53799,0.1512,ciciot2023,2
s441956,causal,14,1.0,0.49606,0.19313,ciciot2023,2
s441956,causal,16,0.0,0.68919,0.0,ciciot2023,2
s441956,causal,16,0.25,0.54006,0.14913,ciciot2023,2
s441956,causal,16,0.5,0.54003,0.14916,ciciot2023,2
s441956,causal,16,0.75,0.38185,0.30734,ciciot2023,2
s441956,causal,16,1.0,0.38185,0.30734,ciciot2023,2
s441956,causal,31,0.0,0.68919,0.0,ciciot2023,2
s441956,causal,31,0.25,0.60241,0.08677,ciciot2023,2
s441956,causal,31,0.5,0.60234,0.08685,ciciot2023,2
s441956,causal,31,0.75,0.60234,0.08685,ciciot2023,2
s441956,causal,31,1.0,0.60233,0.08686,ciciot2023,2
s441956,causal,34,0.0,0.68919,0.0,ciciot2023,2
s441956,causal,34,0.25,0.28004,0.40915,ciciot2023,2
s441956,causal,34,0.5,0.28002,0.40917,ciciot2023,2
s441956,causal,34,0.75,0.28,0.40919,ciciot2023,2
s441956,causal,34,1.0,0.28002,0.40917,ciciot2023,2
s441956,non_causal,32,0.0,0.68919,0.0,ciciot2023,2
s441956,non_causal,32,0.25,0.70791,-0.01872,ciciot2023,2
s441956,non_causal,32,0.5,0.70791,-0.01872,ciciot2023,2
s441956,non_causal,32,0.75,0.70791,-0.01872,ciciot2023,2
s441956,non_causal,32,1.0,0.70791,-0.01872,ciciot2023,2
s441956,non_causal,20,0.0,0.68919,0.0,ciciot2023,2
s441956,non_causal,20,0.25,0.68919,0.0,ciciot2023,2
s441956,non_causal,20,0.5,0.68919,0.0,ciciot2023,2
s441956,non_causal,20,0.75,0.68919,0.0,ciciot2023,2
s441956,non_causal,20,1.0,0.68919,0.0,ciciot2023,2
s441956,non_causal,6,0.0,0.68919,0.0,ciciot2023,2
s441956,non_causal,6,0.25,0.68919,0.0,ciciot2023,2
s441956,non_causal,6,0.5,0.68919,0.0,ciciot2023,2
s441956,non_causal,6,0.75,0.68919,0.0,ciciot2023,2
s441956,non_causal,6,1.0,0.68919,0.0,ciciot2023,2
s926738,causal,1,0.0,0.85887,0.0,ciciot2023,3
s926738,causal,1,0.25,0.58855,0.27032,ciciot2023,3
s926738,causal,1,0.5,0.60803,0.25084,ciciot2023,3
s926738,causal,1,0.75,0.60803,0.25084,ciciot2023,3
s926738,causal,1,1.0,0.60803,0.25084,ciciot2023,3
s926738,causal,2,0.0,0.85887,0.0,ciciot2023,3
s926738,causal,2,0.25,0.61895,0.23992,ciciot2023,3
s926738,causal,2,0.5,0.61852,0.24035,ciciot2023,3
s926738,causal,2,0.75,0.61852,0.24035,ciciot2023,3
s926738,causal,2,1.0,0.47825,0.38062,ciciot2023,3
s926738,causal,3,0.0,0.85887,0.0,ciciot2023,3
s926738,causal,3,0.25,0.74041,0.11846,ciciot2023,3
s926738,causal,3,0.5,0.73007,0.1288,ciciot2023,3
s926738,causal,3,0.75,0.75091,0.10796,ciciot2023,3
s926738,causal,3,1.0,0.75089,0.10799,ciciot2023,3
s926738,causal,4,0.0,0.85887,0.0,ciciot2023,3
s926738,causal,4,0.25,0.83365,0.02522,ciciot2023,3
s926738,causal,4,0.5,0.80761,0.05126,ciciot2023,3
s926738,causal,4,0.75,0.83726,0.02161,ciciot2023,3
s926738,causal,4,1.0,0.79024,0.06863,ciciot2023,3
s926738,causal,14,0.0,0.85887,0.0,ciciot2023,3
s926738,causal,14,0.25,0.81175,0.04712,ciciot2023,3
s926738,causal,14,0.5,0.80866,0.05021,ciciot2023,3
s926738,causal,14,0.75,0.80094,0.05793,ciciot2023,3
s926738,causal,14,1.0,0.80151,0.05736,ciciot2023,3
s926738,causal,17,0.0,0.85887,0.0,ciciot2023,3
s926738,causal,17,0.25,0.79227,0.0666,ciciot2023,3
s926738,causal,17,0.5,0.79176,0.06711,ciciot2023,3
s926738,causal,17,0.75,0.79178,0.06709,ciciot2023,3
s926738,causal,17,1.0,0.79181,0.06706,ciciot2023,3
s926738,causal,30,0.0,0.85887,0.0,ciciot2023,3
s926738,causal,30,0.25,0.3626,0.49627,ciciot2023,3
s926738,causal,30,0.5,0.28665,0.57222,ciciot2023,3
s926738,causal,30,0.75,0.28669,0.57218,ciciot2023,3
s926738,causal,30,1.0,0.28661,0.57226,ciciot2023,3
s926738,non_causal,31,0.0,0.85887,0.0,ciciot2023,3
s926738,non_causal,31,0.25,0.87639,-0.01752,ciciot2023,3
s926738,non_causal,31,0.5,0.87637,-0.0175,ciciot2023,3
s926738,non_causal,31,0.75,0.87636,-0.01749,ciciot2023,3
s926738,non_causal,31,1.0,0.87634,-0.01747,ciciot2023,3
s926738,non_causal,35,0.0,0.85887,0.0,ciciot2023,3
s926738,non_causal,35,0.25,0.85887,0.0,ciciot2023,3
s926738,non_causal,35,0.5,0.85887,0.0,ciciot2023,3
s926738,non_causal,35,0.75,0.85887,0.0,ciciot2023,3
s926738,non_causal,35,1.0,0.85887,0.0,ciciot2023,3
s926738,non_causal,18,0.0,0.85887,0.0,ciciot2023,3
s926738,non_causal,18,0.25,0.85887,0.0,ciciot2023,3
s926738,non_causal,18,0.5,0.85887,0.0,ciciot2023,3
s926738,non_causal,18,0.75,0.85887,0.0,ciciot2023,3
s926738,non_causal,18,1.0,0.85887,0.0,ciciot2023,3
s1000144,causal,2,0.0,0.70704,0.0,ciciot2023,3
s1000144,causal,2,0.25,0.34199,0.36505,ciciot2023,3
s1000144,causal,2,0.5,0.34164,0.3654,ciciot2023,3
s1000144,causal,2,0.75,0.34164,0.3654,ciciot2023,3
s1000144,causal,2,1.0,0.24867,0.45837,ciciot2023,3
s1000144,causal,3,0.0,0.70704,0.0,ciciot2023,3
s1000144,causal,3,0.25,0.23093,0.47611,ciciot2023,3
s1000144,causal,3,0.5,0.20253,0.50452,ciciot2023,3
s1000144,causal,3,0.75,0.20992,0.49712,ciciot2023,3
s1000144,causal,3,1.0,0.20991,0.49713,ciciot2023,3
s1000144,causal,4,0.0,0.70704,0.0,ciciot2023,3
s1000144,causal,4,0.25,0.72916,-0.02211,ciciot2023,3
s1000144,causal,4,0.5,0.67954,0.0275,ciciot2023,3
s1000144,causal,4,0.75,0.33552,0.37152,ciciot2023,3
s1000144,causal,4,1.0,0.32595,0.3811,ciciot2023,3
s1000144,causal,14,0.0,0.70704,0.0,ciciot2023,3
s1000144,causal,14,0.25,0.64636,0.06068,ciciot2023,3
s1000144,causal,14,0.5,0.64519,0.06186,ciciot2023,3
s1000144,causal,14,0.75,0.63855,0.0685,ciciot2023,3
s1000144,causal,14,1.0,0.63877,0.06827,ciciot2023,3
s1000144,causal,17,0.0,0.70704,0.0,ciciot2023,3
s1000144,causal,17,0.25,0.63033,0.07672,ciciot2023,3
s1000144,causal,17,0.5,0.6297,0.07734,ciciot2023,3
s1000144,causal,17,0.75,0.62973,0.07732,ciciot2023,3
s1000144,causal,17,1.0,0.62975,0.0773,ciciot2023,3
s1000144,causal,30,0.0,0.70704,0.0,ciciot2023,3
s1000144,causal,30,0.25,0.29089,0.41616,ciciot2023,3
s1000144,causal,30,0.5,0.23442,0.47262,ciciot2023,3
s1000144,causal,30,0.75,0.23445,0.47259,ciciot2023,3
s1000144,causal,30,1.0,0.23431,0.47273,ciciot2023,3
s1000144,non_causal,0,0.0,0.70704,0.0,ciciot2023,3
s1000144,non_causal,0,0.25,0.95825,-0.2512,ciciot2023,3
s1000144,non_causal,0,0.5,0.95927,-0.25222,ciciot2023,3
s1000144,non_causal,0,0.75,0.95922,-0.25217,ciciot2023,3
s1000144,non_causal,0,1.0,0.95919,-0.25215,ciciot2023,3
s1000144,non_causal,20,0.0,0.70704,0.0,ciciot2023,3
s1000144,non_causal,20,0.25,0.70704,0.0,ciciot2023,3
s1000144,non_causal,20,0.5,0.70704,0.0,ciciot2023,3
s1000144,non_causal,20,0.75,0.70704,0.0,ciciot2023,3
s1000144,non_causal,20,1.0,0.70704,0.0,ciciot2023,3
s1000144,non_causal,21,0.0,0.70704,0.0,ciciot2023,3
s1000144,non_causal,21,0.25,0.70704,0.0,ciciot2023,3
s1000144,non_causal,21,0.5,0.70704,0.0,ciciot2023,3
s1000144,non_causal,21,0.75,0.70704,0.0,ciciot2023,3
s1000144,non_causal,21,1.0,0.70704,0.0,ciciot2023,3
s744808,causal,1,0.0,0.94335,0.0,ciciot2023,3
s744808,causal,1,0.25,0.33172,0.61163,ciciot2023,3
s744808,causal,1,0.5,0.34992,0.59343,ciciot2023,3
s744808,causal,1,0.75,0.34992,0.59343,ciciot2023,3
s744808,causal,1,1.0,0.34992,0.59343,ciciot2023,3
s744808,causal,2,0.0,0.94335,0.0,ciciot2023,3
s744808,causal,2,0.25,0.93144,0.01191,ciciot2023,3
s744808,causal,2,0.5,0.931,0.01235,ciciot2023,3
s744808,causal,2,0.75,0.931,0.01235,ciciot2023,3
s744808,causal,2,1.0,0.88466,0.05869,ciciot2023,3
s744808,causal,4,0.0,0.94335,0.0,ciciot2023,3
s744808,causal,4,0.25,0.89685,0.0465,ciciot2023,3
s744808,causal,4,0.5,0.86786,0.07549,ciciot2023,3
s744808,causal,4,0.75,0.88012,0.06323,ciciot2023,3
s744808,causal,4,1.0,0.80954,0.13381,ciciot2023,3
s744808,causal,30,0.0,0.94335,0.0,ciciot2023,3
s744808,causal,30,0.25,0.67351,0.26984,ciciot2023,3
s744808,causal,30,0.5,0.58254,0.36081,ciciot2023,3
s744808,causal,30,0.75,0.58268,0.36067,ciciot2023,3
s744808,causal,30,1.0,0.58227,0.36108,ciciot2023,3
s744808,causal,34,0.0,0.94335,0.0,ciciot2023,3
s744808,causal,34,0.25,0.5961,0.34725,ciciot2023,3
s744808,causal,34,0.5,0.77113,0.17222,ciciot2023,3
s744808,causal,34,0.75,0.82937,0.11398,ciciot2023,3
s744808,causal,34,1.0,0.88853,0.05482,ciciot2023,3
s744808,non_causal,29,0.0,0.94335,0.0,ciciot2023,3
s744808,non_causal,29,0.25,0.96774,-0.02439,ciciot2023,3
s744808,non_causal,29,0.5,0.96774,-0.02439,ciciot2023,3
s744808,non_causal,29,0.75,0.96771,-0.02436,ciciot2023,3
s744808,non_causal,29,1.0,0.96771,-0.02436,ciciot2023,3
s744808,non_causal,3,0.0,0.94335,0.0,ciciot2023,3
s744808,non_causal,3,0.25,0.92117,0.02218,ciciot2023,3
s744808,non_causal,3,0.5,0.90809,0.03526,ciciot2023,3
s744808,non_causal,3,0.75,0.90803,0.03532,ciciot2023,3
s744808,non_causal,3,1.0,0.90799,0.03536,ciciot2023,3
s744808,non_causal,13,0.0,0.94335,0.0,ciciot2023,3
s744808,non_causal,13,0.25,0.94421,-0.00085,ciciot2023,3
s744808,non_causal,13,0.5,0.9442,-0.00085,ciciot2023,3
s744808,non_causal,13,0.75,0.94419,-0.00084,ciciot2023,3
s744808,non_causal,13,1.0,0.94398,-0.00063,ciciot2023,3
s663212,causal,2,0.0,0.92528,0.0,ciciot2023,3
s663212,causal,2,0.25,0.87439,0.05089,ciciot2023,3
s663212,causal,2,0.5,0.87398,0.05131,ciciot2023,3
s663212,causal,2,0.75,0.87398,0.05131,ciciot2023,3
s663212,causal,2,1.0,0.81107,0.11422,ciciot2023,3
s663212,causal,3,0.0,0.92528,0.0,ciciot2023,3
s663212,causal,3,0.25,0.74259,0.18269,ciciot2023,3
s663212,causal,3,0.5,0.70928,0.216,ciciot2023,3
s663212,causal,3,0.75,0.70922,0.21606,ciciot2023,3
s663212,causal,3,1.0,0.70919,0.21609,ciciot2023,3
s663212,causal,4,0.0,0.92528,0.0,ciciot2023,3
s663212,causal,4,0.25,0.9496,-0.02432,ciciot2023,3
s663212,causal,4,0.5,0.96037,-0.03508,ciciot2023,3
s663212,causal,4,0.75,0.87577,0.04951,ciciot2023,3
s663212,causal,4,1.0,0.78273,0.14255,ciciot2023,3
s663212,causal,30,0.0,0.92528,0.0,ciciot2023,3
s663212,causal,30,0.25,0.60608,0.3192,ciciot2023,3
s663212,causal,30,0.5,0.51016,0.41512,ciciot2023,3
s663212,causal,30,0.75,0.51028,0.41501,ciciot2023,3
s663212,causal,30,1.0,0.50976,0.41553,ciciot2023,3
s663212,non_causal,39,0.0,0.92528,0.0,ciciot2023,3
s663212,non_causal,39,0.25,0.86341,0.06187,ciciot2023,3
s663212,non_causal,39,0.5,0.87338,0.0519,ciciot2023,3
s663212,non_causal,39,0.75,0.85151,0.07377,ciciot2023,3
s663212,non_causal,39,1.0,0.9006,0.02468,ciciot2023,3
s663212,non_causal,36,0.0,0.92528,0.0,ciciot2023,3
s663212,non_causal,36,0.25,0.93456,-0.00927,ciciot2023,3
s663212,non_causal,36,0.5,0.90314,0.02215,ciciot2023,3
s663212,non_causal,36,0.75,0.92671,-0.00142,ciciot2023,3
s663212,non_causal,36,1.0,0.92671,-0.00142,ciciot2023,3
s663212,non_causal,29,0.0,0.92528,0.0,ciciot2023,3
s663212,non_causal,29,0.25,0.9542,-0.02892,ciciot2023,3
s663212,non_causal,29,0.5,0.9542,-0.02892,ciciot2023,3
s663212,non_causal,29,0.75,0.95417,-0.02888,ciciot2023,3
s663212,non_causal,29,1.0,0.95417,-0.02888,ciciot2023,3
s55230,causal,1,0.0,0.57565,0.0,ciciot2023,3
s55230,causal,1,0.25,0.07877,0.49687,ciciot2023,3
s55230,causal,1,0.5,0.07192,0.50372,ciciot2023,3
s55230,causal,1,0.75,0.07195,0.5037,ciciot2023,3
s55230,causal,1,1.0,0.07195,0.5037,ciciot2023,3
s55230,causal,2,0.0,0.57565,0.0,ciciot2023,3
s55230,causal,2,0.25,0.60742,-0.03178,ciciot2023,3
s55230,causal,2,0.5,0.60707,-0.03142,ciciot2023,3
s55230,causal,2,0.75,0.607,-0.03136,ciciot2023,3
s55230,causal,2,1.0,0.46043,0.11521,ciciot2023,3
s55230,causal,3,0.0,0.57565,0.0,ciciot2023,3
s55230,causal,3,0.25,0.58662,-0.01098,ciciot2023,3
s55230,causal,3,0.5,0.49564,0.08001,ciciot2023,3
s55230,causal,3,0.75,0.49495,0.0807,ciciot2023,3
s55230,causal,3,1.0,0.49455,0.0811,ciciot2023,3
s55230,causal,30,0.0,0.57565,0.0,ciciot2023,3
s55230,causal,30,0.25,0.05275,0.52289,ciciot2023,3
s55230,causal,30,0.5,0.03881,0.53683,ciciot2023,3
s55230,causal,30,0.75,0.03883,0.53681,ciciot2023,3
s55230,causal,30,1.0,0.03881,0.53684,ciciot2023,3
s55230,non_causal,19,0.0,0.57565,0.0,ciciot2023,3
s55230,non_causal,19,0.25,0.57565,0.0,ciciot2023,3
s55230,non_causal,19,0.5,0.57565,0.0,ciciot2023,3
s55230,non_causal,19,0.75,0.57565,0.0,ciciot2023,3
s55230,non_causal,19,1.0,0.57565,0.0,ciciot2023,3
s55230,non_causal,27,0.0,0.57565,0.0,ciciot2023,3
s55230,non_causal,27,0.25,0.57565,0.0,ciciot2023,3
s55230,non_causal,27,0.5,0.57565,0.0,ciciot2023,3
s55230,non_causal,27,0.75,0.57565,0.0,ciciot2023,3
s55230,non_causal,27,1.0,0.57565,0.0,ciciot2023,3
s55230,non_causal,29,0.0,0.57565,0.0,ciciot2023,3
s55230,non_causal,29,0.25,0.75507,-0.17943,ciciot2023,3
s55230,non_causal,29,0.5,0.75507,-0.17943,ciciot2023,3
s55230,non_causal,29,0.75,0.75504,-0.17939,ciciot2023,3
s55230,non_causal,29,1.0,0.75509,-0.17944,ciciot2023,3
s980185,causal,0,0.0,0.98046,0.0,ciciot2023,3
s980185,causal,0,0.25,0.91785,0.06261,ciciot2023,3
s980185,causal,0,0.5,0.91927,0.06119,ciciot2023,3
s980185,causal,0,0.75,0.91907,0.06139,ciciot2023,3
s980185,causal,0,1.0,0.91897,0.06149,ciciot2023,3
s980185,causal,1,0.0,0.98046,0.0,ciciot2023,3
s980185,causal,1,0.25,0.47731,0.50315,ciciot2023,3
s980185,causal,1,0.5,0.51716,0.4633,ciciot2023,3
s980185,causal,1,0.75,0.51716,0.4633,ciciot2023,3
s980185,causal,1,1.0,0.51716,0.4633,ciciot2023,3
s980185,causal,2,0.0,0.98046,0.0,ciciot2023,3
s980185,causal,2,0.25,0.98174,-0.00128,ciciot2023,3
s980185,causal,2,0.5,0.92902,0.05144,ciciot2023,3
s980185,causal,2,0.75,0.92894,0.05152,ciciot2023,3
s980185,causal,2,1.0,0.86219,0.11827,ciciot2023,3
s980185,causal,30,0.0,0.98046,0.0,ciciot2023,3
s980185,causal,30,0.25,0.62097,0.35949,ciciot2023,3
s980185,causal,30,0.5,0.5253,0.45516,ciciot2023,3
s980185,causal,30,0.75,0.52555,0.45491,ciciot2023,3
s980185,causal,30,1.0,0.52498,0.45548,ciciot2023,3
s980185,causal,38,0.0,0.98046,0.0,ciciot2023,3
s980185,causal,38,0.25,0.92391,0.05655,ciciot2023,3
s980185,causal,38,0.5,0.92392,0.05654,ciciot2023,3
s980185,causal,38,0.75,0.92372,0.05674,ciciot2023,3
s980185,causal,38,1.0,0.92373,0.05673,ciciot2023,3
s980185,non_causal,39,0.0,0.98046,0.0,ciciot2023,3
s980185,non_causal,39,0.25,0.96855,0.01191,ciciot2023,3
s980185,non_causal,39,0.5,0.96623,0.01423,ciciot2023,3
s980185,non_causal,39,0.75,0.96878,0.01168,ciciot2023,3
s980185,non_causal,39,1.0,0.9734,0.00706,ciciot2023,3
s980185,non_causal,29,0.0,0.98046,0.0,ciciot2023,3
s980185,non_causal,29,0.25,0.96695,0.01351,ciciot2023,3
s980185,non_causal,29,0.5,0.96695,0.01351,ciciot2023,3
s980185,non_causal,29,0.75,0.96692,0.01354,ciciot2023,3
s980185,non_causal,29,1.0,0.96692,0.01354,ciciot2023,3
s980185,non_causal,35,0.0,0.98046,0.0,ciciot2023,3
s980185,non_causal,35,0.25,0.98046,0.0,ciciot2023,3
s980185,non_causal,35,0.5,0.98046,0.0,ciciot2023,3
s980185,non_causal,35,0.75,0.98046,0.0,ciciot2023,3
s980185,non_causal,35,1.0,0.98046,0.0,ciciot2023,3
s1207534,causal,1,0.0,0.90654,0.0,ciciot2023,3
s1207534,causal,1,0.25,0.62404,0.2825,ciciot2023,3
s1207534,causal,1,0.5,0.64284,0.26369,ciciot2023,3
s1207534,causal,1,0.75,0.64284,0.26369,ciciot2023,3
s1207534,causal,1,1.0,0.64284,0.26369,ciciot2023,3
s1207534,causal,2,0.0,0.90654,0.0,ciciot2023,3
s1207534,causal,2,0.25,0.71684,0.1897,ciciot2023,3
s1207534,causal,2,0.5,0.71628,0.19026,ciciot2023,3
s1207534,causal,2,0.75,0.71628,0.19026,ciciot2023,3
s1207534,causal,2,1.0,0.588,0.31854,ciciot2023,3
s1207534,causal,3,0.0,0.90654,0.0,ciciot2023,3
s1207534,causal,3,0.25,0.82688,0.07966,ciciot2023,3
s1207534,causal,3,0.5,0.81914,0.0874,ciciot2023,3
s1207534,causal,3,0.75,0.83463,0.07191,ciciot2023,3
s1207534,causal,3,1.0,0.8346,0.07194,ciciot2023,3
s1207534,causal,4,0.0,0.90654,0.0,ciciot2023,3
s1207534,causal,4,0.25,0.83805,0.06849,ciciot2023,3
s1207534,causal,4,0.5,0.79898,0.10756,ciciot2023,3
s1207534,causal,4,0.75,0.8257,0.08084,ciciot2023,3
s1207534,causal,4,1.0,0.7506,0.15594,ciciot2023,3
s1207534,causal,17,0.0,0.90654,0.0,ciciot2023,3
s1207534,causal,17,0.25,0.83869,0.06785,ciciot2023,3
s1207534,causal,17,0.5,0.83813,0.06841,ciciot2023,3
s1207534,causal,17,0.75,0.83815,0.06839,ciciot2023,3
s1207534,causal,17,1.0,0.83818,0.06835,ciciot2023,3
s1207534,causal,30,0.0,0.90654,0.0,ciciot2023,3
s1207534,causal,30,0.25,0.44968,0.45686,ciciot2023,3
s1207534,causal,30,0.5,0.36505,0.54149,ciciot2023,3
s1207534,causal,30,0.75,0.36511,0.54143,ciciot2023,3
s1207534,causal,30,1.0,0.36493,0.5416,ciciot2023,3
s1207534,non_causal,36,0.0,0.90654,0.0,ciciot2023,3
s1207534,non_causal,36,0.25,0.91374,-0.0072,ciciot2023,3
s1207534,non_causal,36,0.5,0.88209,0.02445,ciciot2023,3
s1207534,non_causal,36,0.75,0.91033,-0.00379,ciciot2023,3
s1207534,non_causal,36,1.0,0.91033,-0.00379,ciciot2023,3
s1207534,non_causal,25,0.0,0.90654,0.0,ciciot2023,3
s1207534,non_causal,25,0.25,0.90654,0.0,ciciot2023,3
s1207534,non_causal,25,0.5,0.90654,0.0,ciciot2023,3
s1207534,non_causal,25,0.75,0.90654,0.0,ciciot2023,3
s1207534,non_causal,25,1.0,0.90654,0.0,ciciot2023,3
s1207534,non_causal,27,0.0,0.90654,0.0,ciciot2023,3
s1207534,non_causal,27,0.25,0.90654,0.0,ciciot2023,3
s1207534,non_causal,27,0.5,0.90654,0.0,ciciot2023,3
s1207534,non_causal,27,0.75,0.90654,0.0,ciciot2023,3
s1207534,non_causal,27,1.0,0.90654,0.0,ciciot2023,3
s703854,causal,1,0.0,0.71971,0.0,ciciot2023,3
s703854,causal,1,0.25,0.47041,0.2493,ciciot2023,3
s703854,causal,1,0.5,0.49065,0.22906,ciciot2023,3
s703854,causal,1,0.75,0.49065,0.22906,ciciot2023,3
s703854,causal,1,1.0,0.49065,0.22906,ciciot2023,3
s703854,causal,2,0.0,0.71971,0.0,ciciot2023,3
s703854,causal,2,0.25,0.3558,0.36391,ciciot2023,3
s703854,causal,2,0.5,0.35557,0.36415,ciciot2023,3
s703854,causal,2,0.75,0.35557,0.36415,ciciot2023,3
s703854,causal,2,1.0,0.24548,0.47423,ciciot2023,3
s703854,causal,3,0.0,0.71971,0.0,ciciot2023,3
s703854,causal,3,0.25,0.59052,0.1292,ciciot2023,3
s703854,causal,3,0.5,0.57762,0.1421,ciciot2023,3
s703854,causal,3,0.75,0.60386,0.11585,ciciot2023,3
s703854,causal,3,1.0,0.60382,0.11589,ciciot2023,3
s703854,causal,4,0.0,0.71971,0.0,ciciot2023,3
s703854,causal,4,0.25,0.56652,0.15319,ciciot2023,3
s703854,causal,4,0.5,0.76276,-0.04305,ciciot2023,3
s703854,causal,4,0.75,0.53207,0.18764,ciciot2023,3
s703854,causal,4,1.0,0.56354,0.15617,ciciot2023,3
s703854,causal,14,0.0,0.71971,0.0,ciciot2023,3
s703854,causal,14,0.25,0.60579,0.11393,ciciot2023,3
s703854,causal,14,0.5,0.60327,0.11645,ciciot2023,3
s703854,causal,14,0.75,0.59445,0.12527,ciciot2023,3
s703854,causal,14,1.0,0.59494,0.12478,ciciot2023,3
s703854,causal,16,0.0,0.71971,0.0,ciciot2023,3
s703854,causal,16,0.25,0.63627,0.08344,ciciot2023,3
s703854,causal,16,0.5,0.63526,0.08445,ciciot2023,3
s703854,causal,16,0.75,0.63667,0.08304,ciciot2023,3
s703854,causal,16,1.0,0.63674,0.08298,ciciot2023,3
s703854,causal,17,0.0,0.71971,0.0,ciciot2023,3
s703854,causal,17,0.25,0.53282,0.18689,ciciot2023,3
s703854,causal,17,0.5,0.53227,0.18744,ciciot2023,3
s703854,causal,17,0.75,0.5323,0.18741,ciciot2023,3
s703854,causal,17,1.0,0.53232,0.18739,ciciot2023,3
s703854,causal,30,0.0,0.71971,0.0,ciciot2023,3
s703854,causal,30,0.25,0.37283,0.34689,ciciot2023,3
s703854,causal,30,0.5,0.30053,0.41918,ciciot2023,3
s703854,causal,30,0.75,0.30058,0.41913,ciciot2023,3
s703854,causal,30,1.0,0.30045,0.41926,ciciot2023,3
s703854,non_causal,21,0.0,0.71971,0.0,ciciot2023,3
s703854,non_causal,21,0.25,0.71971,0.0,ciciot2023,3
s703854,non_causal,21,0.5,0.71971,0.0,ciciot2023,3
s703854,non_causal,21,0.75,0.71971,0.0,ciciot2023,3
s703854,non_causal,21,1.0,0.71971,0.0,ciciot2023,3
s703854,non_causal,9,0.0,0.71971,0.0,ciciot2023,3
s703854,non_causal,9,0.25,0.71971,0.0,ciciot2023,3
s703854,non_causal,9,0.5,0.71971,0.0,ciciot2023,3
s703854,non_causal,9,0.75,0.71971,0.0,ciciot2023,3
s703854,non_causal,9,1.0,0.71971,0.0,ciciot2023,3
s703854,non_causal,11,0.0,0.71971,0.0,ciciot2023,3
s703854,non_causal,11,0.25,0.71971,0.0,ciciot2023,3
s703854,non_causal,11,0.5,0.71971,0.0,ciciot2023,3
s703854,non_causal,11,0.75,0.71971,0.0,ciciot2023,3
s703854,non_causal,11,1.0,0.71971,0.0,ciciot2023,3
s869007,causal,2,0.0,0.85084,0.0,ciciot2023,3
s869007,causal,2,0.25,0.84636,0.00448,ciciot2023,3
s869007,causal,2,0.5,0.84607,0.00477,ciciot2023,3
s869007,causal,2,0.75,0.84607,0.00477,ciciot2023,3
s869007,causal,2,1.0,0.77176,0.07908,ciciot2023,3
s869007,causal,3,0.0,0.85084,0.0,ciciot2023,3
s869007,causal,3,0.25,0.50657,0.34427,ciciot2023,3
s869007,causal,3,0.5,0.46474,0.3861,ciciot2023,3
s869007,causal,3,0.75,0.46468,0.38615,ciciot2023,3
s869007,causal,3,1.0,0.46466,0.38618,ciciot2023,3
s869007,causal,4,0.0,0.85084,0.0,ciciot2023,3
s869007,causal,4,0.25,0.76616,0.08468,ciciot2023,3
s869007,causal,4,0.5,0.79798,0.05286,ciciot2023,3
s869007,causal,4,0.75,0.66268,0.18816,ciciot2023,3
s869007,causal,4,1.0,0.5659,0.28494,ciciot2023,3
s869007,causal,14,0.0,0.85084,0.0,ciciot2023,3
s869007,causal,14,0.25,0.78847,0.06237,ciciot2023,3
s869007,causal,14,0.5,0.78686,0.06398,ciciot2023,3
s869007,causal,14,0.75,0.77776,0.07308,ciciot2023,3
s869007,causal,14,1.0,0.77807,0.07277,ciciot2023,3
s869007,causal,17,0.0,0.85084,0.0,ciciot2023,3
s869007,causal,17,0.25,0.74999,0.10085,ciciot2023,3
s869007,causal,17,0.5,0.74942,0.10142,ciciot2023,3
s869007,causal,17,0.75,0.74945,0.10139,ciciot2023,3
s869007,causal,17,1.0,0.74948,0.10136,ciciot2023,3
s869007,causal,30,0.0,0.85084,0.0,ciciot2023,3
s869007,causal,30,0.25,0.41335,0.43749,ciciot2023,3
s869007,causal,30,0.5,0.33184,0.519,ciciot2023,3
s869007,causal,30,0.75,0.33191,0.51893,ciciot2023,3
s869007,causal,30,1.0,0.33158,0.51926,ciciot2023,3
s869007,causal,38,0.0,0.85084,0.0,ciciot2023,3
s869007,causal,38,0.25,0.73762,0.11322,ciciot2023,3
s869007,causal,38,0.5,0.73762,0.11322,ciciot2023,3
s869007,causal,38,0.75,0.73732,0.11352,ciciot2023,3
s869007,causal,38,1.0,0.73733,0.11351,ciciot2023,3
s869007,non_causal,15,0.0,0.85084,0.0,ciciot2023,3
s869007,non_causal,15,0.25,0.85084,0.0,ciciot2023,3
s869007,non_causal,15,0.5,0.85084,0.0,ciciot2023,3
s869007,non_causal,15,0.75,0.85084,0.0,ciciot2023,3
s869007,non_causal,15,1.0,0.85084,0.0,ciciot2023,3
s869007,non_causal,11,0.0,0.85084,0.0,ciciot2023,3
s869007,non_causal,11,0.25,0.85084,0.0,ciciot2023,3
s869007,non_causal,11,0.5,0.85084,0.0,ciciot2023,3
s869007,non_causal,11,0.75,0.85084,0.0,ciciot2023,3
s869007,non_causal,11,1.0,0.85084,0.0,ciciot2023,3
s869007,non_causal,1,0.0,0.85084,0.0,ciciot2023,3
s869007,non_causal,1,0.25,0.8752,-0.02436,ciciot2023,3
s869007,non_causal,1,0.5,0.88372,-0.03288,ciciot2023,3
s869007,non_causal,1,0.75,0.88372,-0.03288,ciciot2023,3
s869007,non_causal,1,1.0,0.88372,-0.03288,ciciot2023,3
s477610,causal,0,0.0,0.90253,0.0,ciciot2023,3
s477610,causal,0,0.25,0.65055,0.25198,ciciot2023,3
s477610,causal,0,0.5,0.65648,0.24606,ciciot2023,3
s477610,causal,0,0.75,0.65625,0.24629,ciciot2023,3
s477610,causal,0,1.0,0.65615,0.24639,ciciot2023,3
s477610,causal,3,0.0,0.90253,0.0,ciciot2023,3
s477610,causal,3,0.25,0.81581,0.08673,ciciot2023,3
s477610,causal,3,0.5,0.80767,0.09486,ciciot2023,3
s477610,causal,3,0.75,0.8076,0.09494,ciciot2023,3
s477610,causal,3,1.0,0.80755,0.09499,ciciot2023,3
s477610,causal,14,0.0,0.90253,0.0,ciciot2023,3
s477610,causal,14,0.25,0.85151,0.05103,ciciot2023,3
s477610,causal,14,0.5,0.8513,0.05123,ciciot2023,3
s477610,causal,14,0.75,0.84444,0.0581,ciciot2023,3
s477610,causal,14,1.0,0.84236,0.06018,ciciot2023,3
s477610,causal,17,0.0,0.90253,0.0,ciciot2023,3
s477610,causal,17,0.25,0.78037,0.12216,ciciot2023,3
s477610,causal,17,0.5,0.77957,0.12296,ciciot2023,3
s477610,causal,17,0.75,0.77962,0.12291,ciciot2023,3
s477610,causal,17,1.0,0.77965,0.12288,ciciot2023,3
s477610,causal,30,0.0,0.90253,0.0,ciciot2023,3
s477610,causal,30,0.25,0.41169,0.49084,ciciot2023,3
s477610,causal,30,0.5,0.33649,0.56604,ciciot2023,3
s477610,causal,30,0.75,0.33654,0.56599,ciciot2023,3
s477610,causal,30,1.0,0.3363,0.56624,ciciot2023,3
s477610,causal,31,0.0,0.90253,0.0,ciciot2023,3
s477610,causal,31,0.25,0.80854,0.094,ciciot2023,3
s477610,causal,31,0.5,0.80851,0.09403,ciciot2023,3
s477610,causal,31,0.75,0.8085,0.09403,ciciot2023,3
s477610,causal,31,1.0,0.80848,0.09406,ciciot2023,3
s477610,causal,38,0.0,0.90253,0.0,ciciot2023,3
s477610,causal,38,0.25,0.82231,0.08023,ciciot2023,3
s477610,causal,38,0.5,0.8223,0.08023,ciciot2023,3
s477610,causal,38,0.75,0.82208,0.08045,ciciot2023,3
s477610,causal,38,1.0,0.82209,0.08045,ciciot2023,3
s477610,non_causal,7,0.0,0.90253,0.0,ciciot2023,3
s477610,non_causal,7,0.25,0.90253,0.0,ciciot2023,3
s477610,non_causal,7,0.5,0.90253,0.0,ciciot2023,3
s477610,non_causal,7,0.75,0.90253,0.0,ciciot2023,3
s477610,non_causal,7,1.0,0.90253,0.0,ciciot2023,3
s477610,non_causal,36,0.0,0.90253,0.0,ciciot2023,3
s477610,non_causal,36,0.25,0.90438,-0.00184,ciciot2023,3
s477610,non_causal,36,0.5,0.88849,0.01404,ciciot2023,3
s477610,non_causal,36,0.75,0.9247,-0.02216,ciciot2023,3
s477610,non_causal,36,1.0,0.9247,-0.02216,ciciot2023,3
s477610,non_causal,11,0.0,0.90253,0.0,ciciot2023,3
s477610,non_causal,11,0.25,0.90253,0.0,ciciot2023,3
s477610,non_causal,11,0.5,0.90253,0.0,ciciot2023,3
s477610,non_causal,11,0.75,0.90253,0.0,ciciot2023,3
s477610,non_causal,11,1.0,0.90253,0.0,ciciot2023,3
s813726,causal,3,0.0,0.92408,0.0,ciciot2023,3
s813726,causal,3,0.25,0.8086,0.11548,ciciot2023,3
s813726,causal,3,0.5,0.78128,0.1428,ciciot2023,3
s813726,causal,3,0.75,0.78117,0.14291,ciciot2023,3
s813726,causal,3,1.0,0.78109,0.14298,ciciot2023,3
s813726,causal,4,0.0,0.92408,0.0,ciciot2023,3
s813726,causal,4,0.25,0.95695,-0.03287,ciciot2023,3
s813726,causal,4,0.5,0.95803,-0.03396,ciciot2023,3
s813726,causal,4,0.75,0.94071,-0.01663,ciciot2023,3
s813726,causal,4,1.0,0.56248,0.36159,ciciot2023,3
s813726,causal,17,0.0,0.92408,0.0,ciciot2023,3
s813726,causal,17,0.25,0.72942,0.19466,ciciot2023,3
s813726,causal,17,0.5,0.72827,0.1958,ciciot2023,3
s813726,causal,17,0.75,0.72832,0.19576,ciciot2023,3
s813726,causal,17,1.0,0.72838,0.19569,ciciot2023,3
s813726,causal,30,0.0,0.92408,0.0,ciciot2023,3
s813726,causal,30,0.25,0.56238,0.36169,ciciot2023,3
s813726,causal,30,0.5,0.46497,0.4591,ciciot2023,3
s813726,causal,30,0.75,0.4651,0.45897,ciciot2023,3
s813726,causal,30,1.0,0.46451,0.45956,ciciot2023,3
s813726,causal,31,0.0,0.92408,0.0,ciciot2023,3
s813726,causal,31,0.25,0.86863,0.05544,ciciot2023,3
s813726,causal,31,0.5,0.86861,0.05547,ciciot2023,3
s813726,causal,31,0.75,0.8686,0.05547,ciciot2023,3
s813726,causal,31,1.0,0.86858,0.0555,ciciot2023,3
s813726,non_causal,0,0.0,0.92408,0.0,ciciot2023,3
s813726,non_causal,0,0.25,0.88137,0.0427,ciciot2023,3
s813726,non_causal,0,0.5,0.88409,0.03999,ciciot2023,3
s813726,non_causal,0,0.75,0.88399,0.04009,ciciot2023,3
s813726,non_causal,0,1.0,0.88395,0.04012,ciciot2023,3
s813726,non_causal,26,0.0,0.92408,0.0,ciciot2023,3
s813726,non_causal,26,0.25,0.92408,0.0,ciciot2023,3
s813726,non_causal,26,0.5,0.92408,0.0,ciciot2023,3
s813726,non_causal,26,0.75,0.92408,0.0,ciciot2023,3
s813726,non_causal,26,1.0,0.92408,0.0,ciciot2023,3
s813726,non_causal,39,0.0,0.92408,0.0,ciciot2023,3
s813726,non_causal,39,0.25,0.87531,0.04877,ciciot2023,3
s813726,non_causal,39,0.5,0.88441,0.03966,ciciot2023,3
s813726,non_causal,39,0.75,0.86403,0.06005,ciciot2023,3
s813726,non_causal,39,1.0,0.90808,0.01599,ciciot2023,3
s811843,causal,3,0.0,0.8116,0.0,ciciot2023,3
s811843,causal,3,0.25,0.5386,0.273,ciciot2023,3
s811843,causal,3,0.5,0.49679,0.31481,ciciot2023,3
s811843,causal,3,0.75,0.49673,0.31487,ciciot2023,3
s811843,causal,3,1.0,0.49666,0.31494,ciciot2023,3
s811843,causal,14,0.0,0.8116,0.0,ciciot2023,3
s811843,causal,14,0.25,0.59652,0.21508,ciciot2023,3
s811843,causal,14,0.5,0.58992,0.22167,ciciot2023,3
s811843,causal,14,0.75,0.59024,0.22136,ciciot2023,3
s811843,causal,14,1.0,0.58778,0.22382,ciciot2023,3
s811843,causal,17,0.0,0.8116,0.0,ciciot2023,3
s811843,causal,17,0.25,0.66941,0.14219,ciciot2023,3
s811843,causal,17,0.5,0.66893,0.14267,ciciot2023,3
s811843,causal,17,0.75,0.66895,0.14265,ciciot2023,3
s811843,causal,17,1.0,0.66898,0.14262,ciciot2023,3
s811843,causal,30,0.0,0.8116,0.0,ciciot2023,3
s811843,causal,30,0.25,0.31191,0.49969,ciciot2023,3
s811843,causal,30,0.5,0.246,0.5656,ciciot2023,3
s811843,causal,30,0.75,0.24604,0.56556,ciciot2023,3
s811843,causal,30,1.0,0.24571,0.56588,ciciot2023,3
s811843,non_causal,4,0.0,0.8116,0.0,ciciot2023,3
s811843,non_causal,4,0.25,0.84232,-0.03072,ciciot2023,3
s811843,non_causal,4,0.5,0.85321,-0.04161,ciciot2023,3
s811843,non_causal,4,0.75,0.88576,-0.07417,ciciot2023,3
s811843,non_causal,4,1.0,0.79961,0.01199,ciciot2023,3
s811843,non_causal,15,0.0,0.8116,0.0,ciciot2023,3
s811843,non_causal,15,0.25,0.8116,0.0,ciciot2023,3
s811843,non_causal,15,0.5,0.8116,0.0,ciciot2023,3
s811843,non_causal,15,0.75,0.8116,0.0,ciciot2023,3
s811843,non_causal,15,1.0,0.8116,0.0,ciciot2023,3
s811843,non_causal,19,0.0,0.8116,0.0,ciciot2023,3
s811843,non_causal,19,0.25,0.8116,0.0,ciciot2023,3
s811843,non_causal,19,0.5,0.8116,0.0,ciciot2023,3
s811843,non_causal,19,0.75,0.8116,0.0,ciciot2023,3
s811843,non_causal,19,1.0,0.8116,0.0,ciciot2023,3
s727463,causal,1,0.0,0.83541,0.0,ciciot2023,3
s727463,causal,1,0.25,0.14,0.69541,ciciot2023,3
s727463,causal,1,0.5,0.15003,0.68538,ciciot2023,3
s727463,causal,1,0.75,0.15003,0.68538,ciciot2023,3
s727463,causal,1,1.0,0.15003,0.68538,ciciot2023,3
s727463,causal,2,0.0,0.83541,0.0,ciciot2023,3
s727463,causal,2,0.25,0.74867,0.08674,ciciot2023,3
s727463,causal,2,0.5,0.74822,0.08719,ciciot2023,3
s727463,causal,2,0.75,0.74814,0.08727,ciciot2023,3
s727463,causal,2,1.0,0.62912,0.20628,ciciot2023,3
s727463,causal,3,0.0,0.83541,0.0,ciciot2023,3
s727463,causal,3,0.25,0.73474,0.10066,ciciot2023,3
s727463,causal,3,0.5,0.73471,0.10069,ciciot2023,3
s727463,causal,3,0.75,0.73465,0.10076,ciciot2023,3
s727463,causal,3,1.0,0.73461,0.10079,ciciot2023,3
s727463,causal,14,0.0,0.83541,0.0,ciciot2023,3
s727463,causal,14,0.25,0.78512,0.05028,ciciot2023,3
s727463,causal,14,0.5,0.78441,0.051,ciciot2023,3
s727463,causal,14,0.75,0.7818,0.05361,ciciot2023,3
s727463,causal,14,1.0,0.77475,0.06065,ciciot2023,3
s727463,causal,17,0.0,0.83541,0.0,ciciot2023,3
s727463,causal,17,0.25,0.77118,0.06423,ciciot2023,3
s727463,causal,17,0.5,0.77073,0.06468,ciciot2023,3
s727463,causal,17,0.75,0.77077,0.06464,ciciot2023,3
s727463,causal,17,1.0,0.7708,0.06461,ciciot2023,3
s727463,causal,30,0.0,0.83541,0.0,ciciot2023,3
s727463,causal,30,0.25,0.36863,0.46677,ciciot2023,3
s727463,causal,30,0.5,0.29718,0.53823,ciciot2023,3
s727463,causal,30,0.75,0.29722,0.53819,ciciot2023,3
s727463,causal,30,1.0,0.29708,0.53833,ciciot2023,3
s727463,causal,32,0.0,0.83541,0.0,ciciot2023,3
s727463,causal,32,0.25,0.76369,0.07172,ciciot2023,3
s727463,causal,32,0.5,0.76369,0.07172,ciciot2023,3
s727463,causal,32,0.75,0.76369,0.07172,ciciot2023,3
s727463,causal,32,1.0,0.76369,0.07172,ciciot2023,3
s727463,non_causal,13,0.0,0.83541,0.0,ciciot2023,3
s727463,non_causal,13,0.25,0.83381,0.0016,ciciot2023,3
s727463,non_causal,13,0.5,0.83381,0.0016,ciciot2023,3
s727463,non_causal,13,0.75,0.83379,0.00162,ciciot2023,3
s727463,non_causal,13,1.0,0.83358,0.00183,ciciot2023,3
s727463,non_causal,10,0.0,0.83541,0.0,ciciot2023,3
s727463,non_causal,10,0.25,0.83541,0.0,ciciot2023,3
s727463,non_causal,10,0.5,0.83541,0.0,ciciot2023,3
s727463,non_causal,10,0.75,0.83541,0.0,ciciot2023,3
s727463,non_causal,10,1.0,0.83541,0.0,ciciot2023,3
s727463,non_causal,25,0.0,0.83541,0.0,ciciot2023,3
s727463,non_causal,25,0.25,0.83541,0.0,ciciot2023,3
s727463,non_causal,25,0.5,0.83541,0.0,ciciot2023,3
s727463,non_causal,25,0.75,0.83541,0.0,ciciot2023,3
s727463,non_causal,25,1.0,0.83541,0.0,ciciot2023,3
s1456287,causal,1,0.0,0.97431,0.0,ciciot2023,3
s1456287,causal,1,0.25,0.12173,0.85259,ciciot2023,3
s1456287,causal,1,0.5,0.13065,0.84367,ciciot2023,3
s1456287,causal,1,0.75,0.13065,0.84367,ciciot2023,3
s1456287,causal,1,1.0,0.13065,0.84367,ciciot2023,3
s1456287,causal,30,0.0,0.97431,0.0,ciciot2023,3
s1456287,causal,30,0.25,0.80882,0.1655,ciciot2023,3
s1456287,causal,30,0.5,0.74279,0.23152,ciciot2023,3
s1456287,causal,30,0.75,0.74292,0.23139,ciciot2023,3
s1456287,causal,30,1.0,0.74255,0.23176,ciciot2023,3
s1456287,non_causal,16,0.0,0.97431,0.0,ciciot2023,3
s1456287,non_causal,16,0.25,0.95098,0.02333,ciciot2023,3
s1456287,non_causal,16,0.5,0.95049,0.02382,ciciot2023,3
s1456287,non_causal,16,0.75,0.95116,0.02315,ciciot2023,3
s1456287,non_causal,16,1.0,0.95119,0.02312,ciciot2023,3
s1456287,non_causal,0,0.0,0.97431,0.0,ciciot2023,3
s1456287,non_causal,0,0.25,0.96464,0.00967,ciciot2023,3
s1456287,non_causal,0,0.5,0.96546,0.00885,ciciot2023,3
s1456287,non_causal,0,0.75,0.96535,0.00896,ciciot2023,3
s1456287,non_causal,0,1.0,0.9653,0.00901,ciciot2023,3
s1456287,non_causal,32,0.0,0.97431,0.0,ciciot2023,3
s1456287,non_causal,32,0.25,0.94935,0.02496,ciciot2023,3
s1456287,non_causal,32,0.5,0.94935,0.02496,ciciot2023,3
s1456287,non_causal,32,0.75,0.94935,0.02496,ciciot2023,3
s1456287,non_causal,32,1.0,0.94935,0.02496,ciciot2023,3
s791140,causal,2,0.0,0.93821,0.0,ciciot2023,3
s791140,causal,2,0.25,0.90012,0.03809,ciciot2023,3
s791140,causal,2,0.5,0.89965,0.03856,ciciot2023,3
s791140,causal,2,0.75,0.89965,0.03856,ciciot2023,3
s791140,causal,2,1.0,0.84728,0.09093,ciciot2023,3
s791140,causal,3,0.0,0.93821,0.0,ciciot2023,3
s791140,causal,3,0.25,0.83165,0.10656,ciciot2023,3
s791140,causal,3,0.5,0.83161,0.1066,ciciot2023,3
s791140,causal,3,0.75,0.83153,0.10667,ciciot2023,3
s791140,causal,3,1.0,0.83149,0.10672,ciciot2023,3
s791140,causal,4,0.0,0.93821,0.0,ciciot2023,3
s791140,causal,4,0.25,0.96731,-0.0291,ciciot2023,3
s791140,causal,4,0.5,0.96186,-0.02365,ciciot2023,3
s791140,causal,4,0.75,0.86365,0.07456,ciciot2023,3
s791140,causal,4,1.0,0.84699,0.09121,ciciot2023,3
s791140,causal,30,0.0,0.93821,0.0,ciciot2023,3
s791140,causal,30,0.25,0.65254,0.28567,ciciot2023,3
s791140,causal,30,0.5,0.55945,0.37876,ciciot2023,3
s791140,causal,30,0.75,0.55961,0.3786,ciciot2023,3
s791140,causal,30,1.0,0.55891,0.3793,ciciot2023,3
s791140,causal,39,0.0,0.93821,0.0,ciciot2023,3
s791140,causal,39,0.25,0.82731,0.1109,ciciot2023,3
s791140,causal,39,0.5,0.83049,0.10772,ciciot2023,3
s791140,causal,39,0.75,0.80287,0.13534,ciciot2023,3
s791140,causal,39,1.0,0.86519,0.07302,ciciot2023,3
s791140,non_causal,19,0.0,0.93821,0.0,ciciot2023,3
s791140,non_causal,19,0.25,0.93821,0.0,ciciot2023,3
s791140,non_causal,19,0.5,0.93821,0.0,ciciot2023,3
s791140,non_causal,19,0.75,0.93821,0.0,ciciot2023,3
s791140,non_causal,19,1.0,0.93821,0.0,ciciot2023,3
s791140,non_causal,12,0.0,0.93821,0.0,ciciot2023,3
s791140,non_causal,12,0.25,0.93821,0.0,ciciot2023,3
s791140,non_causal,12,0.5,0.93821,0.0,ciciot2023,3
s791140,non_causal,12,0.75,0.93821,0.0,ciciot2023,3
s791140,non_causal,12,1.0,0.93821,0.0,ciciot2023,3
s791140,non_causal,7,0.0,0.93821,0.0,ciciot2023,3
s791140,non_causal,7,0.25,0.93821,0.0,ciciot2023,3
s791140,non_causal,7,0.5,0.93821,0.0,ciciot2023,3
s791140,non_causal,7,0.75,0.93821,0.0,ciciot2023,3
s791140,non_causal,7,1.0,0.93821,0.0,ciciot2023,3
s743932,causal,2,0.0,0.72103,0.0,ciciot2023,3
s743932,causal,2,0.25,0.35757,0.36346,ciciot2023,3
s743932,causal,2,0.5,0.3572,0.36383,ciciot2023,3
s743932,causal,2,0.75,0.3572,0.36383,ciciot2023,3
s743932,causal,2,1.0,0.24569,0.47535,ciciot2023,3
s743932,causal,3,0.0,0.72103,0.0,ciciot2023,3
s743932,causal,3,0.25,0.26473,0.4563,ciciot2023,3
s743932,causal,3,0.5,0.23343,0.48761,ciciot2023,3
s743932,causal,3,0.75,0.24161,0.47943,ciciot2023,3
s743932,causal,3,1.0,0.24159,0.47944,ciciot2023,3
s743932,causal,4,0.0,0.72103,0.0,ciciot2023,3
s743932,causal,4,0.25,0.75656,-0.03552,ciciot2023,3
s743932,causal,4,0.5,0.61082,0.11021,ciciot2023,3
s743932,causal,4,0.75,0.27849,0.44255,ciciot2023,3
s743932,causal,4,1.0,0.31114,0.40989,ciciot2023,3
s743932,causal,14,0.0,0.72103,0.0,ciciot2023,3
s743932,causal,14,0.25,0.66179,0.05925,ciciot2023,3
s743932,causal,14,0.5,0.66059,0.06045,ciciot2023,3
s743932,causal,14,0.75,0.6538,0.06723,ciciot2023,3
s743932,causal,14,1.0,0.6545,0.06654,ciciot2023,3
s743932,causal,16,0.0,0.72103,0.0,ciciot2023,3
s743932,causal,16,0.25,0.65101,0.07003,ciciot2023,3
s743932,causal,16,0.5,0.65016,0.07088,ciciot2023,3
s743932,causal,16,0.75,0.65134,0.06969,ciciot2023,3
s743932,causal,16,1.0,0.6514,0.06963,ciciot2023,3
s743932,causal,17,0.0,0.72103,0.0,ciciot2023,3
s743932,causal,17,0.25,0.652,0.06904,ciciot2023,3
s743932,causal,17,0.5,0.65135,0.06968,ciciot2023,3
s743932,causal,17,0.75,0.65137,0.06966,ciciot2023,3
s743932,causal,17,1.0,0.6514,0.06963,ciciot2023,3
s743932,causal,30,0.0,0.72103,0.0,ciciot2023,3
s743932,causal,30,0.25,0.30518,0.41586,ciciot2023,3
s743932,causal,30,0.5,0.24689,0.47414,ciciot2023,3
s743932,causal,30,0.75,0.24693,0.4741,ciciot2023,3
s743932,causal,30,1.0,0.24679,0.47425,ciciot2023,3
s743932,non_causal,35,0.0,0.72103,0.0,ciciot2023,3
s743932,non_causal,35,0.25,0.72103,0.0,ciciot2023,3
s743932,non_causal,35,0.5,0.72103,0.0,ciciot2023,3
s743932,non_causal,35,0.75,0.72103,0.0,ciciot2023,3
s743932,non_causal,35,1.0,0.72103,0.0,ciciot2023,3
s743932,non_causal,37,0.0,0.72103,0.0,ciciot2023,3
s743932,non_causal,37,0.25,0.76766,-0.04663,ciciot2023,3
s743932,non_causal,37,0.5,0.76766,-0.04663,ciciot2023,3
s743932,non_causal,37,0.75,0.76766,-0.04663,ciciot2023,3
s743932,non_causal,37,1.0,0.76766,-0.04663,ciciot2023,3
s743932,non_causal,9,0.0,0.72103,0.0,ciciot2023,3
s743932,non_causal,9,0.25,0.72103,0.0,ciciot2023,3
s743932,non_causal,9,0.5,0.72103,0.0,ciciot2023,3
s743932,non_causal,9,0.75,0.72103,0.0,ciciot2023,3
s743932,non_causal,9,1.0,0.72103,0.0,ciciot2023,3
s1373949,causal,1,0.0,0.73379,0.0,ciciot2023,3
s1373949,causal,1,0.25,0.06842,0.66537,ciciot2023,3
s1373949,causal,1,0.5,0.07376,0.66003,ciciot2023,3
s1373949,causal,1,0.75,0.07376,0.66003,ciciot2023,3
s1373949,causal,1,1.0,0.07376,0.66003,ciciot2023,3
s1373949,causal,2,0.0,0.73379,0.0,ciciot2023,3
s1373949,causal,2,0.25,0.59857,0.13522,ciciot2023,3
s1373949,causal,2,0.5,0.59803,0.13576,ciciot2023,3
s1373949,causal,2,0.75,0.59793,0.13586,ciciot2023,3
s1373949,causal,2,1.0,0.45846,0.27533,ciciot2023,3
s1373949,causal,3,0.0,0.73379,0.0,ciciot2023,3
s1373949,causal,3,0.25,0.61284,0.12094,ciciot2023,3
s1373949,causal,3,0.5,0.6128,0.12098,ciciot2023,3
s1373949,causal,3,0.75,0.61273,0.12106,ciciot2023,3
s1373949,causal,3,1.0,0.61268,0.12111,ciciot2023,3
s1373949,causal,4,0.0,0.73379,0.0,ciciot2023,3
s1373949,causal,4,0.25,0.73378,0.0,ciciot2023,3
s1373949,causal,4,0.5,0.74913,-0.01535,ciciot2023,3
s1373949,causal,4,0.75,0.4401,0.29369,ciciot2023,3
s1373949,causal,4,1.0,0.44009,0.2937,ciciot2023,3
s1373949,causal,14,0.0,0.73379,0.0,ciciot2023,3
s1373949,causal,14,0.25,0.68292,0.05087,ciciot2023,3
s1373949,causal,14,0.5,0.68162,0.05216,ciciot2023,3
s1373949,causal,14,0.75,0.67708,0.05671,ciciot2023,3
s1373949,causal,14,1.0,0.66441,0.06938,ciciot2023,3
s1373949,causal,16,0.0,0.73379,0.0,ciciot2023,3
s1373949,causal,16,0.25,0.67568,0.05811,ciciot2023,3
s1373949,causal,16,0.5,0.67468,0.05911,ciciot2023,3
s1373949,causal,16,0.75,0.67608,0.05771,ciciot2023,3
s1373949,causal,16,1.0,0.67614,0.05765,ciciot2023,3
s1373949,causal,17,0.0,0.73379,0.0,ciciot2023,3
s1373949,causal,17,0.25,0.64605,0.08773,ciciot2023,3
s1373949,causal,17,0.5,0.64426,0.08952,ciciot2023,3
s1373949,causal,17,0.75,0.64429,0.0895,ciciot2023,3
s1373949,causal,17,1.0,0.64434,0.08945,ciciot2023,3
s1373949,causal,30,0.0,0.73379,0.0,ciciot2023,3
s1373949,causal,30,0.25,0.25782,0.47597,ciciot2023,3
s1373949,causal,30,0.5,0.20101,0.53277,ciciot2023,3
s1373949,causal,30,0.75,0.20106,0.53273,ciciot2023,3
s1373949,causal,30,1.0,0.20093,0.53286,ciciot2023,3
s1373949,causal,32,0.0,0.73379,0.0,ciciot2023,3
s1373949,causal,32,0.25,0.68133,0.05245,ciciot2023,3
s1373949,causal,32,0.5,0.68133,0.05245,ciciot2023,3
s1373949,causal,32,0.75,0.68133,0.05245,ciciot2023,3
s1373949,causal,32,1.0,0.68133,0.05245,ciciot2023,3
s1373949,non_causal,22,0.0,0.73379,0.0,ciciot2023,3
s1373949,non_causal,22,0.25,0.73379,0.0,ciciot2023,3
s1373949,non_causal,22,0.5,0.73379,0.0,ciciot2023,3
s1373949,non_causal,22,0.75,0.73379,0.0,ciciot2023,3
s1373949,non_causal,22,1.0,0.73379,0.0,ciciot2023,3
s1373949,non_causal,29,0.0,0.73379,0.0,ciciot2023,3
s1373949,non_causal,29,0.25,0.79789,-0.0641,ciciot2023,3
s1373949,non_causal,29,0.5,0.79789,-0.0641,ciciot2023,3
s1373949,non_causal,29,0.75,0.79785,-0.06406,ciciot2023,3
s1373949,non_causal,29,1.0,0.79784,-0.06405,ciciot2023,3
s1373949,non_causal,6,0.0,0.73379,0.0,ciciot2023,3
s1373949,non_causal,6,0.25,0.73379,0.0,ciciot2023,3
s1373949,non_causal,6,0.5,0.73379,0.0,ciciot2023,3
s1373949,non_causal,6,0.75,0.73379,0.0,ciciot2023,3
s1373949,non_causal,6,1.0,0.73379,0.0,ciciot2023,3
s1127015,causal,3,0.0,0.95357,0.0,ciciot2023,3
s1127015,causal,3,0.25,0.87699,0.07659,ciciot2023,3
s1127015,causal,3,0.5,0.85771,0.09587,ciciot2023,3
s1127015,causal,3,0.75,0.85762,0.09595,ciciot2023,3
s1127015,causal,3,1.0,0.85757,0.09601,ciciot2023,3
s1127015,causal,4,0.0,0.95357,0.0,ciciot2023,3
s1127015,causal,4,0.25,0.95357,0.0,ciciot2023,3
s1127015,causal,4,0.5,0.92733,0.02624,ciciot2023,3
s1127015,causal,4,0.75,0.92632,0.02725,ciciot2023,3
s1127015,causal,4,1.0,0.67446,0.27912,ciciot2023,3
s1127015,causal,17,0.0,0.95357,0.0,ciciot2023,3
s1127015,causal,17,0.25,0.81129,0.14229,ciciot2023,3
s1127015,causal,17,0.5,0.81033,0.14324,ciciot2023,3
s1127015,causal,17,0.75,0.81037,0.1432,ciciot2023,3
s1127015,causal,17,1.0,0.81043,0.14315,ciciot2023,3
s1127015,causal,30,0.0,0.95357,0.0,ciciot2023,3
s1127015,causal,30,0.25,0.68408,0.26949,ciciot2023,3
s1127015,causal,30,0.5,0.59412,0.35946,ciciot2023,3
s1127015,causal,30,0.75,0.59426,0.35932,ciciot2023,3
s1127015,causal,30,1.0,0.59362,0.35995,ciciot2023,3
s1127015,non_causal,34,0.0,0.95357,0.0,ciciot2023,3
s1127015,non_causal,34,0.25,0.83032,0.12326,ciciot2023,3
s1127015,non_causal,34,0.5,0.92289,0.03068,ciciot2023,3
s1127015,non_causal,34,0.75,0.94746,0.00611,ciciot2023,3
s1127015,non_causal,34,1.0,0.96681,-0.01324,ciciot2023,3
s1127015,non_causal,21,0.0,0.95357,0.0,ciciot2023,3
s1127015,non_causal,21,0.25,0.95357,0.0,ciciot2023,3
s1127015,non_causal,21,0.5,0.95357,0.0,ciciot2023,3
s1127015,non_causal,21,0.75,0.95357,0.0,ciciot2023,3
s1127015,non_causal,21,1.0,0.95357,0.0,ciciot2023,3
s1127015,non_causal,40,0.0,0.95357,0.0,ciciot2023,3
s1127015,non_causal,40,0.25,0.95357,0.0,ciciot2023,3
s1127015,non_causal,40,0.5,0.95357,0.0,ciciot2023,3
s1127015,non_causal,40,0.75,0.95357,0.0,ciciot2023,3
s1127015,non_causal,40,1.0,0.95357,0.0,ciciot2023,3
s1445388,causal,1,0.0,0.85196,0.0,ciciot2023,3
s1445388,causal,1,0.25,0.23816,0.6138,ciciot2023,3
s1445388,causal,1,0.5,0.25308,0.59887,ciciot2023,3
s1445388,causal,1,0.75,0.25308,0.59888,ciciot2023,3
s1445388,causal,1,1.0,0.25308,0.59887,ciciot2023,3
s1445388,causal,2,0.0,0.85196,0.0,ciciot2023,3
s1445388,causal,2,0.25,0.85923,-0.00727,ciciot2023,3
s1445388,causal,2,0.5,0.8589,-0.00695,ciciot2023,3
s1445388,causal,2,0.75,0.85884,-0.00689,ciciot2023,3
s1445388,causal,2,1.0,0.7698,0.08216,ciciot2023,3
s1445388,causal,3,0.0,0.85196,0.0,ciciot2023,3
s1445388,causal,3,0.25,0.77568,0.07627,ciciot2023,3
s1445388,causal,3,0.5,0.76627,0.08569,ciciot2023,3
s1445388,causal,3,0.75,0.77378,0.07817,ciciot2023,3
s1445388,causal,3,1.0,0.77348,0.07848,ciciot2023,3
s1445388,causal,14,0.0,0.85196,0.0,ciciot2023,3
s1445388,causal,14,0.25,0.78811,0.06384,ciciot2023,3
s1445388,causal,14,0.5,0.77635,0.07561,ciciot2023,3
s1445388,causal,14,0.75,0.77682,0.07514,ciciot2023,3
s1445388,causal,14,1.0,0.76357,0.08839,ciciot2023,3
s1445388,causal,16,0.0,0.85196,0.0,ciciot2023,3
s1445388,causal,16,0.25,0.78999,0.06196,ciciot2023,3
s1445388,causal,16,0.5,0.78878,0.06317,ciciot2023,3
s1445388,causal,16,0.75,0.79049,0.06147,ciciot2023,3
s1445388,causal,16,1.0,0.79052,0.06144,ciciot2023,3
s1445388,causal,30,0.0,0.85196,0.0,ciciot2023,3
s1445388,causal,30,0.25,0.15414,0.69781,ciciot2023,3
s1445388,causal,30,0.5,0.11934,0.73262,ciciot2023,3
s1445388,causal,30,0.75,0.11936,0.73259,ciciot2023,3
s1445388,causal,30,1.0,0.11917,0.73278,ciciot2023,3
s1445388,causal,32,0.0,0.85196,0.0,ciciot2023,3
s1445388,causal,32,0.25,0.79902,0.05294,ciciot2023,3
s1445388,causal,32,0.5,0.79902,0.05294,ciciot2023,3
s1445388,causal,32,0.75,0.79902,0.05294,ciciot2023,3
s1445388,causal,32,1.0,0.79902,0.05294,ciciot2023,3
s1445388,non_causal,13,0.0,0.85196,0.0,ciciot2023,3
s1445388,non_causal,13,0.25,0.85195,0.0,ciciot2023,3
s1445388,non_causal,13,0.5,0.85195,0.0,ciciot2023,3
s1445388,non_causal,13,0.75,0.85316,-0.0012,ciciot2023,3
s1445388,non_causal,13,1.0,0.85282,-0.00086,ciciot2023,3
s1445388,non_causal,39,0.0,0.85196,0.0,ciciot2023,3
s1445388,non_causal,39,0.25,0.77087,0.08109,ciciot2023,3
s1445388,non_causal,39,0.5,0.77247,0.07949,ciciot2023,3
s1445388,non_causal,39,0.75,0.90376,-0.0518,ciciot2023,3
s1445388,non_causal,39,1.0,0.95,-0.09804,ciciot2023,3
s1445388,non_causal,23,0.0,0.85196,0.0,ciciot2023,3
s1445388,non_causal,23,0.25,0.98528,-0.13332,ciciot2023,3
s1445388,non_causal,23,0.5,0.98528,-0.13332,ciciot2023,3
s1445388,non_causal,23,0.75,0.98528,-0.13332,ciciot2023,3
s1445388,non_causal,23,1.0,0.98528,-0.13332,ciciot2023,3
s1131485,causal,2,0.0,0.91671,0.0,ciciot2023,3
s1131485,causal,2,0.25,0.86085,0.05586,ciciot2023,3
s1131485,causal,2,0.5,0.86035,0.05636,ciciot2023,3
s1131485,causal,2,0.75,0.86035,0.05636,ciciot2023,3
s1131485,causal,2,1.0,0.78307,0.13364,ciciot2023,3
s1131485,causal,3,0.0,0.91671,0.0,ciciot2023,3
s1131485,causal,3,0.25,0.74685,0.16986,ciciot2023,3
s1131485,causal,3,0.5,0.71386,0.20284,ciciot2023,3
s1131485,causal,3,0.75,0.71378,0.20293,ciciot2023,3
s1131485,causal,3,1.0,0.71373,0.20298,ciciot2023,3
s1131485,causal,4,0.0,0.91671,0.0,ciciot2023,3
s1131485,causal,4,0.25,0.90078,0.01592,ciciot2023,3
s1131485,causal,4,0.5,0.68362,0.23309,ciciot2023,3
s1131485,causal,4,0.75,0.5643,0.35241,ciciot2023,3
s1131485,causal,4,1.0,0.61027,0.30644,ciciot2023,3
s1131485,causal,17,0.0,0.91671,0.0,ciciot2023,3
s1131485,causal,17,0.25,0.85935,0.05736,ciciot2023,3
s1131485,causal,17,0.5,0.85854,0.05817,ciciot2023,3
s1131485,causal,17,0.75,0.85857,0.05814,ciciot2023,3
s1131485,causal,17,1.0,0.8586,0.05811,ciciot2023,3
s1131485,causal,30,0.0,0.91671,0.0,ciciot2023,3
s1131485,causal,30,0.25,0.60265,0.31406,ciciot2023,3
s1131485,causal,30,0.5,0.50887,0.40784,ciciot2023,3
s1131485,causal,30,0.75,0.50899,0.40772,ciciot2023,3
s1131485,causal,30,1.0,0.50863,0.40807,ciciot2023,3
s1131485,causal,34,0.0,0.91671,0.0,ciciot2023,3
s1131485,causal,34,0.25,0.45926,0.45745,ciciot2023,3
s1131485,causal,34,0.5,0.68979,0.22691,ciciot2023,3
s1131485,causal,34,0.75,0.76885,0.14785,ciciot2023,3
s1131485,causal,34,1.0,0.84643,0.07028,ciciot2023,3
s1131485,non_causal,0,0.0,0.91671,0.0,ciciot2023,3
s1131485,non_causal,0,0.25,0.97301,-0.0563,ciciot2023,3
s1131485,non_causal,0,0.5,0.97366,-0.05695,ciciot2023,3
s1131485,non_causal,0,0.75,0.97361,-0.0569,ciciot2023,3
s1131485,non_causal,0,1.0,0.97358,-0.05687,ciciot2023,3
s1131485,non_causal,14,0.0,0.91671,0.0,ciciot2023,3
s1131485,non_causal,14,0.25,0.90652,0.01019,ciciot2023,3
s1131485,non_causal,14,0.5,0.90347,0.01324,ciciot2023,3
s1131485,non_causal,14,0.75,0.89563,0.02108,ciciot2023,3
s1131485,non_causal,14,1.0,0.89729,0.01941,ciciot2023,3
s1131485,non_causal,8,0.0,0.91671,0.0,ciciot2023,3
s1131485,non_causal,8,0.25,0.91671,0.0,ciciot2023,3
s1131485,non_causal,8,0.5,0.91671,0.0,ciciot2023,3
s1131485,non_causal,8,0.75,0.91671,0.0,ciciot2023,3
s1131485,non_causal,8,1.0,0.91671,0.0,ciciot2023,3
s875106,causal,2,0.0,0.73309,0.0,ciciot2023,4
s875106,causal,2,0.25,0.63382,0.09928,ciciot2023,4
s875106,causal,2,0.5,0.63382,0.09928,ciciot2023,4
s875106,causal,2,0.75,0.58947,0.14362,ciciot2023,4
s875106,causal,2,1.0,0.56557,0.16753,ciciot2023,4
s875106,causal,3,0.0,0.73309,0.0,ciciot2023,4
s875106,causal,3,0.25,0.58933,0.14376,ciciot2023,4
s875106,causal,3,0.5,0.60983,0.12326,ciciot2023,4
s875106,causal,3,0.75,0.65251,0.08058,ciciot2023,4
s875106,causal,3,1.0,0.65247,0.08062,ciciot2023,4
s875106,causal,14,0.0,0.73309,0.0,ciciot2023,4
s875106,causal,14,0.25,0.65795,0.07514,ciciot2023,4
s875106,causal,14,0.5,0.65242,0.08067,ciciot2023,4
s875106,causal,14,0.75,0.64173,0.09137,ciciot2023,4
s875106,causal,14,1.0,0.64003,0.09306,ciciot2023,4
s875106,causal,16,0.0,0.73309,0.0,ciciot2023,4
s875106,causal,16,0.25,0.73536,-0.00226,ciciot2023,4
s875106,causal,16,0.5,0.73536,-0.00226,ciciot2023,4
s875106,causal,16,0.75,0.50127,0.23182,ciciot2023,4
s875106,causal,16,1.0,0.50127,0.23182,ciciot2023,4
s875106,causal,17,0.0,0.73309,0.0,ciciot2023,4
s875106,causal,17,0.25,0.6355,0.09759,ciciot2023,4
s875106,causal,17,0.5,0.6355,0.09759,ciciot2023,4
s875106,causal,17,0.75,0.6354,0.0977,ciciot2023,4
s875106,causal,17,1.0,0.63537,0.09772,ciciot2023,4
s875106,causal,29,0.0,0.73309,0.0,ciciot2023,4
s875106,causal,29,0.25,0.63787,0.09522,ciciot2023,4
s875106,causal,29,0.5,0.63692,0.09618,ciciot2023,4
s875106,causal,29,0.75,0.65764,0.07545,ciciot2023,4
s875106,causal,29,1.0,0.65778,0.07531,ciciot2023,4
s875106,causal,30,0.0,0.73309,0.0,ciciot2023,4
s875106,causal,30,0.25,0.32115,0.41194,ciciot2023,4
s875106,causal,30,0.5,0.32115,0.41194,ciciot2023,4
s875106,causal,30,0.75,0.32115,0.41194,ciciot2023,4
s875106,causal,30,1.0,0.32061,0.41248,ciciot2023,4
s875106,causal,32,0.0,0.73309,0.0,ciciot2023,4
s875106,causal,32,0.25,0.65974,0.07336,ciciot2023,4
s875106,causal,32,0.5,0.65973,0.07336,ciciot2023,4
s875106,causal,32,0.75,0.65973,0.07336,ciciot2023,4
s875106,causal,32,1.0,0.65973,0.07336,ciciot2023,4
s875106,causal,34,0.0,0.73309,0.0,ciciot2023,4
s875106,causal,34,0.25,0.3944,0.33869,ciciot2023,4
s875106,causal,34,0.5,0.3944,0.33869,ciciot2023,4
s875106,causal,34,0.75,0.39441,0.33868,ciciot2023,4
s875106,causal,34,1.0,0.46371,0.26939,ciciot2023,4
s875106,causal,39,0.0,0.73309,0.0,ciciot2023,4
s875106,causal,39,0.25,0.72398,0.00911,ciciot2023,4
s875106,causal,39,0.5,0.63167,0.10142,ciciot2023,4
s875106,causal,39,0.75,0.62671,0.10639,ciciot2023,4
s875106,causal,39,1.0,0.6263,0.1068,ciciot2023,4
s875106,non_causal,1,0.0,0.73309,0.0,ciciot2023,4
s875106,non_causal,1,0.25,0.94739,-0.2143,ciciot2023,4
s875106,non_causal,1,0.5,0.96406,-0.23097,ciciot2023,4
s875106,non_causal,1,0.75,0.96406,-0.23097,ciciot2023,4
s875106,non_causal,1,1.0,0.96406,-0.23097,ciciot2023,4
s875106,non_causal,35,0.0,0.73309,0.0,ciciot2023,4
s875106,non_causal,35,0.25,0.73309,0.0,ciciot2023,4
s875106,non_causal,35,0.5,0.73309,0.0,ciciot2023,4
s875106,non_causal,35,0.75,0.73309,0.0,ciciot2023,4
s875106,non_causal,35,1.0,0.73309,0.0,ciciot2023,4
s875106,non_causal,25,0.0,0.73309,0.0,ciciot2023,4
s875106,non_causal,25,0.25,0.73309,0.0,ciciot2023,4
s875106,non_causal,25,0.5,0.73309,0.0,ciciot2023,4
s875106,non_causal,25,0.75,0.73309,0.0,ciciot2023,4
s875106,non_causal,25,1.0,0.73309,0.0,ciciot2023,4
s1092547,causal,3,0.0,0.93053,0.0,ciciot2023,4
s1092547,causal,3,0.25,0.79884,0.13169,ciciot2023,4
s1092547,causal,3,0.5,0.82012,0.11041,ciciot2023,4
s1092547,causal,3,0.75,0.84553,0.085,ciciot2023,4
s1092547,causal,3,1.0,0.84547,0.08506,ciciot2023,4
s1092547,causal,14,0.0,0.93053,0.0,ciciot2023,4
s1092547,causal,14,0.25,0.89927,0.03126,ciciot2023,4
s1092547,causal,14,0.5,0.90045,0.03008,ciciot2023,4
s1092547,causal,14,0.75,0.88724,0.04329,ciciot2023,4
s1092547,causal,14,1.0,0.87986,0.05067,ciciot2023,4
s1092547,causal,16,0.0,0.93053,0.0,ciciot2023,4
s1092547,causal,16,0.25,0.92016,0.01037,ciciot2023,4
s1092547,causal,16,0.5,0.92016,0.01037,ciciot2023,4
s1092547,causal,16,0.75,0.81106,0.11947,ciciot2023,4
s1092547,causal,16,1.0,0.81106,0.11947,ciciot2023,4
s1092547,causal,30,0.0,0.93053,0.0,ciciot2023,4
s1092547,causal,30,0.25,0.69135,0.23918,ciciot2023,4
s1092547,causal,30,0.5,0.69134,0.23919,ciciot2023,4
s1092547,causal,30,0.75,0.69135,0.23918,ciciot2023,4
s1092547,causal,30,1.0,0.68951,0.24102,ciciot2023,4
s1092547,causal,34,0.0,0.93053,0.0,ciciot2023,4
s1092547,causal,34,0.25,0.70523,0.2253,ciciot2023,4
s1092547,causal,34,0.5,0.70523,0.2253,ciciot2023,4
s1092547,causal,34,0.75,0.70525,0.22528,ciciot2023,4
s1092547,causal,34,1.0,0.75223,0.1783,ciciot2023,4
s1092547,non_causal,21,0.0,0.93053,0.0,ciciot2023,4
s1092547,non_causal,21,0.25,0.93053,0.0,ciciot2023,4
s1092547,non_causal,21,0.5,0.93053,0.0,ciciot2023,4
s1092547,non_causal,21,0.75,0.93053,0.0,ciciot2023,4
s1092547,non_causal,21,1.0,0.93053,0.0,ciciot2023,4
s1092547,non_causal,11,0.0,0.93053,0.0,ciciot2023,4
s1092547,non_causal,11,0.25,0.93053,0.0,ciciot2023,4
s1092547,non_causal,11,0.5,0.93053,0.0,ciciot2023,4
s1092547,non_causal,11,0.75,0.93053,0.0,ciciot2023,4
s1092547,non_causal,11,1.0,0.93053,0.0,ciciot2023,4
s1092547,non_causal,10,0.0,0.93053,0.0,ciciot2023,4
s1092547,non_causal,10,0.25,0.93053,0.0,ciciot2023,4
s1092547,non_causal,10,0.5,0.93053,0.0,ciciot2023,4
s1092547,non_causal,10,0.75,0.93053,0.0,ciciot2023,4
s1092547,non_causal,10,1.0,0.93053,0.0,ciciot2023,4
s634962,causal,16,0.0,0.88316,0.0,ciciot2023,4
s634962,causal,16,0.25,0.86111,0.02205,ciciot2023,4
s634962,causal,16,0.5,0.86111,0.02205,ciciot2023,4
s634962,causal,16,0.75,0.69585,0.18731,ciciot2023,4
s634962,causal,16,1.0,0.69585,0.18731,ciciot2023,4
s634962,causal,30,0.0,0.88316,0.0,ciciot2023,4
s634962,causal,30,0.25,0.54491,0.33825,ciciot2023,4
s634962,causal,30,0.5,0.5449,0.33825,ciciot2023,4
s634962,causal,30,0.75,0.54491,0.33825,ciciot2023,4
s634962,causal,30,1.0,0.54369,0.33947,ciciot2023,4
s634962,causal,34,0.0,0.88316,0.0,ciciot2023,4
s634962,causal,34,0.25,0.54424,0.33892,ciciot2023,4
s634962,causal,34,0.5,0.54424,0.33892,ciciot2023,4
s634962,causal,34,0.75,0.54425,0.33891,ciciot2023,4
s634962,causal,34,1.0,0.60614,0.27701,ciciot2023,4
s634962,causal,39,0.0,0.88316,0.0,ciciot2023,4
s634962,causal,39,0.25,0.87652,0.00664,ciciot2023,4
s634962,causal,39,0.5,0.82282,0.06034,ciciot2023,4
s634962,causal,39,0.75,0.81959,0.06357,ciciot2023,4
s634962,causal,39,1.0,0.81906,0.0641,ciciot2023,4
s634962,non_causal,15,0.0,0.88316,0.0,ciciot2023,4
s634962,non_causal,15,0.25,0.88316,0.0,ciciot2023,4
s634962,non_causal,15,0.5,0.88316,0.0,ciciot2023,4
s634962,non_causal,15,0.75,0.88316,0.0,ciciot2023,4
s634962,non_causal,15,1.0,0.88316,0.0,ciciot2023,4
s634962,non_causal,14,0.0,0.88316,0.0,ciciot2023,4
s634962,non_causal,14,0.25,0.8616,0.02156,ciciot2023,4
s634962,non_causal,14,0.5,0.85617,0.02699,ciciot2023,4
s634962,non_causal,14,0.75,0.84387,0.03929,ciciot2023,4
s634962,non_causal,14,1.0,0.83495,0.04821,ciciot2023,4
s634962,non_causal,33,0.0,0.88316,0.0,ciciot2023,4
s634962,non_causal,33,0.25,0.88285,0.00031,ciciot2023,4
s634962,non_causal,33,0.5,0.88284,0.00032,ciciot2023,4
s634962,non_causal,33,0.75,0.88283,0.00033,ciciot2023,4
s634962,non_causal,33,1.0,0.88283,0.00033,ciciot2023,4
s250954,causal,1,0.0,0.94118,0.0,ciciot2023,4
s250954,causal,1,0.25,0.16691,0.77427,ciciot2023,4
s250954,causal,1,0.5,0.24488,0.6963,ciciot2023,4
s250954,causal,1,0.75,0.24487,0.6963,ciciot2023,4
s250954,causal,1,1.0,0.24487,0.6963,ciciot2023,4
s250954,causal,2,0.0,0.94118,0.0,ciciot2023,4
s250954,causal,2,0.25,0.83759,0.10359,ciciot2023,4
s250954,causal,2,0.5,0.83759,0.10359,ciciot2023,4
s250954,causal,2,0.75,0.83756,0.10362,ciciot2023,4
s250954,causal,2,1.0,0.82268,0.1185,ciciot2023,4
s250954,causal,14,0.0,0.94118,0.0,ciciot2023,4
s250954,causal,14,0.25,0.91141,0.02977,ciciot2023,4
s250954,causal,14,0.5,0.90242,0.03876,ciciot2023,4
s250954,causal,14,0.75,0.88519,0.05599,ciciot2023,4
s250954,causal,14,1.0,0.88354,0.05764,ciciot2023,4
s250954,causal,16,0.0,0.94118,0.0,ciciot2023,4
s250954,causal,16,0.25,0.92814,0.01304,ciciot2023,4
s250954,causal,16,0.5,0.92815,0.01303,ciciot2023,4
s250954,causal,16,0.75,0.81979,0.12139,ciciot2023,4
s250954,causal,16,1.0,0.81979,0.12139,ciciot2023,4
s250954,causal,30,0.0,0.94118,0.0,ciciot2023,4
s250954,causal,30,0.25,0.72336,0.21782,ciciot2023,4
s250954,causal,30,0.5,0.72336,0.21782,ciciot2023,4
s250954,causal,30,0.75,0.72336,0.21781,ciciot2023,4
s250954,causal,30,1.0,0.72317,0.21801,ciciot2023,4
s250954,causal,34,0.0,0.94118,0.0,ciciot2023,4
s250954,causal,34,0.25,0.64734,0.29384,ciciot2023,4
s250954,causal,34,0.5,0.64734,0.29383,ciciot2023,4
s250954,causal,34,0.75,0.64735,0.29382,ciciot2023,4
s250954,causal,34,1.0,0.70281,0.23837,ciciot2023,4
s250954,non_causal,5,0.0,0.94118,0.0,ciciot2023,4
s250954,non_causal,5,0.25,0.94118,0.0,ciciot2023,4
s250954,non_causal,5,0.5,0.94118,0.0,ciciot2023,4
s250954,non_causal,5,0.75,0.94118,0.0,ciciot2023,4
s250954,non_causal,5,1.0,0.94118,0.0,ciciot2023,4
s250954,non_causal,19,0.0,0.94118,0.0,ciciot2023,4
s250954,non_causal,19,0.25,0.94118,0.0,ciciot2023,4
s250954,non_causal,19,0.5,0.94118,0.0,ciciot2023,4
s250954,non_causal,19,0.75,0.94118,0.0,ciciot2023,4
s250954,non_causal,19,1.0,0.94118,0.0,ciciot2023,4
s250954,non_causal,32,0.0,0.94118,0.0,ciciot2023,4
s250954,non_causal,32,0.25,0.93231,0.00886,ciciot2023,4
s250954,non_causal,32,0.5,0.93231,0.00887,ciciot2023,4
s250954,non_causal,32,0.75,0.93231,0.00887,ciciot2023,4
s250954,non_causal,32,1.0,0.93231,0.00887,ciciot2023,4
s1532301,causal,16,0.0,0.96974,0.0,ciciot2023,4
s1532301,causal,16,0.25,0.95917,0.01057,ciciot2023,4
s1532301,causal,16,0.5,0.95916,0.01058,ciciot2023,4
s1532301,causal,16,0.75,0.89772,0.07202,ciciot2023,4
s1532301,causal,16,1.0,0.89771,0.07202,ciciot2023,4
s1532301,causal,30,0.0,0.96974,0.0,ciciot2023,4
s1532301,causal,30,0.25,0.85581,0.11393,ciciot2023,4
s1532301,causal,30,0.5,0.8558,0.11394,ciciot2023,4
s1532301,causal,30,0.75,0.85581,0.11393,ciciot2023,4
s1532301,causal,30,1.0,0.85434,0.1154,ciciot2023,4
s1532301,causal,34,0.0,0.96974,0.0,ciciot2023,4
s1532301,causal,34,0.25,0.79123,0.17851,ciciot2023,4
s1532301,causal,34,0.5,0.79124,0.1785,ciciot2023,4
s1532301,causal,34,0.75,0.79126,0.17848,ciciot2023,4
s1532301,causal,34,1.0,0.82771,0.14203,ciciot2023,4
s1532301,non_causal,10,0.0,0.96974,0.0,ciciot2023,4
s1532301,non_causal,10,0.25,0.96974,0.0,ciciot2023,4
s1532301,non_causal,10,0.5,0.96974,0.0,ciciot2023,4
s1532301,non_causal,10,0.75,0.96974,0.0,ciciot2023,4
s1532301,non_causal,10,1.0,0.96974,0.0,ciciot2023,4
s1532301,non_causal,0,0.0,0.96974,0.0,ciciot2023,4
s1532301,non_causal,0,0.25,0.98702,-0.01729,ciciot2023,4
s1532301,non_causal,0,0.5,0.95462,0.01511,ciciot2023,4
s1532301,non_causal,0,0.75,0.95465,0.01509,ciciot2023,4
s1532301,non_causal,0,1.0,0.95435,0.01539,ciciot2023,4
s1532301,non_causal,22,0.0,0.96974,0.0,ciciot2023,4
s1532301,non_causal,22,0.25,0.96974,0.0,ciciot2023,4
s1532301,non_causal,22,0.5,0.96974,0.0,ciciot2023,4
s1532301,non_causal,22,0.75,0.96974,0.0,ciciot2023,4
s1532301,non_causal,22,1.0,0.96974,0.0,ciciot2023,4
s102778,causal,1,0.0,0.8109,0.0,ciciot2023,4
s102778,causal,1,0.25,0.50993,0.30097,ciciot2023,4
s102778,causal,1,0.5,0.63256,0.17834,ciciot2023,4
s102778,causal,1,0.75,0.63255,0.17835,ciciot2023,4
s102778,causal,1,1.0,0.63255,0.17835,ciciot2023,4
s102778,causal,2,0.0,0.8109,0.0,ciciot2023,4
s102778,causal,2,0.25,0.66824,0.14266,ciciot2023,4
s102778,causal,2,0.5,0.66824,0.14266,ciciot2023,4
s102778,causal,2,0.75,0.66818,0.14272,ciciot2023,4
s102778,causal,2,1.0,0.65243,0.15847,ciciot2023,4
s102778,causal,3,0.0,0.8109,0.0,ciciot2023,4
s102778,causal,3,0.25,0.46651,0.34439,ciciot2023,4
s102778,causal,3,0.5,0.43231,0.37859,ciciot2023,4
s102778,causal,3,0.75,0.43231,0.37859,ciciot2023,4
s102778,causal,3,1.0,0.43229,0.37861,ciciot2023,4
s102778,causal,14,0.0,0.8109,0.0,ciciot2023,4
s102778,causal,14,0.25,0.59526,0.21564,ciciot2023,4
s102778,causal,14,0.5,0.55328,0.25762,ciciot2023,4
s102778,causal,14,0.75,0.48742,0.32348,ciciot2023,4
s102778,causal,14,1.0,0.51549,0.29541,ciciot2023,4
s102778,causal,16,0.0,0.8109,0.0,ciciot2023,4
s102778,causal,16,0.25,0.78628,0.02462,ciciot2023,4
s102778,causal,16,0.5,0.78628,0.02462,ciciot2023,4
s102778,causal,16,0.75,0.55389,0.25701,ciciot2023,4
s102778,causal,16,1.0,0.55389,0.25701,ciciot2023,4
s102778,causal,30,0.0,0.8109,0.0,ciciot2023,4
s102778,causal,30,0.25,0.36725,0.44365,ciciot2023,4
s102778,causal,30,0.5,0.36725,0.44365,ciciot2023,4
s102778,causal,30,0.75,0.36726,0.44364,ciciot2023,4
s102778,causal,30,1.0,0.36714,0.44376,ciciot2023,4
s102778,causal,34,0.0,0.8109,0.0,ciciot2023,4
s102778,causal,34,0.25,0.67015,0.14075,ciciot2023,4
s102778,causal,34,0.5,0.67015,0.14075,ciciot2023,4
s102778,causal,34,0.75,0.67016,0.14074,ciciot2023,4
s102778,causal,34,1.0,0.72032,0.09058,ciciot2023,4
s102778,non_causal,24,0.0,0.8109,0.0,ciciot2023,4
s102778,non_causal,24,0.25,0.8109,0.0,ciciot2023,4
s102778,non_causal,24,0.5,0.8109,0.0,ciciot2023,4
s102778,non_causal,24,0.75,0.8109,0.0,ciciot2023,4
s102778,non_causal,24,1.0,0.8109,0.0,ciciot2023,4
s102778,non_causal,40,0.0,0.8109,0.0,ciciot2023,4
s102778,non_causal,40,0.25,0.82175,-0.01085,ciciot2023,4
s102778,non_causal,40,0.5,0.82175,-0.01085,ciciot2023,4
s102778,non_causal,40,0.75,0.82175,-0.01085,ciciot2023,4
s102778,non_causal,40,1.0,0.82175,-0.01085,ciciot2023,4
s102778,non_causal,28,0.0,0.8109,0.0,ciciot2023,4
s102778,non_causal,28,0.25,0.8109,0.0,ciciot2023,4
s102778,non_causal,28,0.5,0.8109,0.0,ciciot2023,4
s102778,non_causal,28,0.75,0.8109,0.0,ciciot2023,4
s102778,non_causal,28,1.0,0.8109,0.0,ciciot2023,4
s732974,causal,0,0.0,0.86984,0.0,ciciot2023,4
s732974,causal,0,0.25,0.88281,-0.01296,ciciot2023,4
s732974,causal,0,0.5,0.68312,0.18673,ciciot2023,4
s732974,causal,0,0.75,0.68317,0.18668,ciciot2023,4
s732974,causal,0,1.0,0.6828,0.18705,ciciot2023,4
s732974,causal,1,0.0,0.86984,0.0,ciciot2023,4
s732974,causal,1,0.25,0.62703,0.24282,ciciot2023,4
s732974,causal,1,0.5,0.71807,0.15177,ciciot2023,4
s732974,causal,1,0.75,0.71804,0.1518,ciciot2023,4
s732974,causal,1,1.0,0.71804,0.1518,ciciot2023,4
s732974,causal,2,0.0,0.86984,0.0,ciciot2023,4
s732974,causal,2,0.25,0.83359,0.03626,ciciot2023,4
s732974,causal,2,0.5,0.83359,0.03626,ciciot2023,4
s732974,causal,2,0.75,0.80598,0.06386,ciciot2023,4
s732974,causal,2,1.0,0.79572,0.07413,ciciot2023,4
s732974,causal,3,0.0,0.86984,0.0,ciciot2023,4
s732974,causal,3,0.25,0.53732,0.33253,ciciot2023,4
s732974,causal,3,0.5,0.57148,0.29836,ciciot2023,4
s732974,causal,3,0.75,0.62936,0.24048,ciciot2023,4
s732974,causal,3,1.0,0.62933,0.24052,ciciot2023,4
s732974,causal,14,0.0,0.86984,0.0,ciciot2023,4
s732974,causal,14,0.25,0.78515,0.08469,ciciot2023,4
s732974,causal,14,0.5,0.79036,0.07949,ciciot2023,4
s732974,causal,14,0.75,0.75509,0.11476,ciciot2023,4
s732974,causal,14,1.0,0.76163,0.10821,ciciot2023,4
s732974,causal,16,0.0,0.86984,0.0,ciciot2023,4
s732974,causal,16,0.25,0.90015,-0.03031,ciciot2023,4
s732974,causal,16,0.5,0.90014,-0.03029,ciciot2023,4
s732974,causal,16,0.75,0.76297,0.10688,ciciot2023,4
s732974,causal,16,1.0,0.76296,0.10688,ciciot2023,4
s732974,causal,29,0.0,0.86984,0.0,ciciot2023,4
s732974,causal,29,0.25,0.78412,0.08572,ciciot2023,4
s732974,causal,29,0.5,0.78311,0.08673,ciciot2023,4
s732974,causal,29,0.75,0.79807,0.07178,ciciot2023,4
s732974,causal,29,1.0,0.7982,0.07164,ciciot2023,4
s732974,causal,30,0.0,0.86984,0.0,ciciot2023,4
s732974,causal,30,0.25,0.70108,0.16876,ciciot2023,4
s732974,causal,30,0.5,0.70108,0.16877,ciciot2023,4
s732974,causal,30,0.75,0.70108,0.16876,ciciot2023,4
s732974,causal,30,1.0,0.70015,0.1697,ciciot2023,4
s732974,causal,31,0.0,0.86984,0.0,ciciot2023,4
s732974,causal,31,0.25,0.81444,0.0554,ciciot2023,4
s732974,causal,31,0.5,0.81445,0.0554,ciciot2023,4
s732974,causal,31,0.75,0.81445,0.0554,ciciot2023,4
s732974,causal,31,1.0,0.81444,0.05541,ciciot2023,4
s732974,causal,34,0.0,0.86984,0.0,ciciot2023,4
s732974,causal,34,0.25,0.64623,0.22361,ciciot2023,4
s732974,causal,34,0.5,0.64624,0.22361,ciciot2023,4
s732974,causal,34,0.75,0.64624,0.2236,ciciot2023,4
s732974,causal,34,1.0,0.71484,0.15501,ciciot2023,4
s732974,non_causal,40,0.0,0.86984,0.0,ciciot2023,4
s732974,non_causal,40,0.25,0.86984,0.0,ciciot2023,4
s732974,non_causal,40,0.5,0.86984,0.0,ciciot2023,4
s732974,non_causal,40,0.75,0.86984,0.0,ciciot2023,4
s732974,non_causal,40,1.0,0.86984,0.0,ciciot2023,4
s732974,non_causal,33,0.0,0.86984,0.0,ciciot2023,4
s732974,non_causal,33,0.25,0.83679,0.03305,ciciot2023,4
s732974,non_causal,33,0.5,0.83679,0.03306,ciciot2023,4
s732974,non_causal,33,0.75,0.83678,0.03307,ciciot2023,4
s732974,non_causal,33,1.0,0.83678,0.03307,ciciot2023,4
s732974,non_causal,24,0.0,0.86984,0.0,ciciot2023,4
s732974,non_causal,24,0.25,0.86984,0.0,ciciot2023,4
s732974,non_causal,24,0.5,0.86984,0.0,ciciot2023,4
s732974,non_causal,24,0.75,0.86984,0.0,ciciot2023,4
s732974,non_causal,24,1.0,0.86984,0.0,ciciot2023,4
s89527,causal,3,0.0,0.551,0.0,ciciot2023,4
s89527,causal,3,0.25,0.21094,0.34005,ciciot2023,4
s89527,causal,3,0.5,0.1783,0.3727,ciciot2023,4
s89527,causal,3,0.75,0.17829,0.3727,ciciot2023,4
s89527,causal,3,1.0,0.17829,0.37271,ciciot2023,4
s89527,causal,16,0.0,0.551,0.0,ciciot2023,4
s89527,causal,16,0.25,0.55424,-0.00324,ciciot2023,4
s89527,causal,16,0.5,0.55424,-0.00325,ciciot2023,4
s89527,causal,16,0.75,0.32031,0.23068,ciciot2023,4
s89527,causal,16,1.0,0.32031,0.23068,ciciot2023,4
s89527,causal,17,0.0,0.551,0.0,ciciot2023,4
s89527,causal,17,0.25,0.32372,0.22727,ciciot2023,4
s89527,causal,17,0.5,0.32372,0.22727,ciciot2023,4
s89527,causal,17,0.75,0.32367,0.22733,ciciot2023,4
s89527,causal,17,1.0,0.32364,0.22736,ciciot2023,4
s89527,causal,30,0.0,0.551,0.0,ciciot2023,4
s89527,causal,30,0.25,0.19295,0.35804,ciciot2023,4
s89527,causal,30,0.5,0.19295,0.35805,ciciot2023,4
s89527,causal,30,0.75,0.19295,0.35804,ciciot2023,4
s89527,causal,30,1.0,0.1929,0.3581,ciciot2023,4
s89527,causal,31,0.0,0.551,0.0,ciciot2023,4
s89527,causal,31,0.25,0.46118,0.08982,ciciot2023,4
s89527,causal,31,0.5,0.46118,0.08982,ciciot2023,4
s89527,causal,31,0.75,0.46118,0.08981,ciciot2023,4
s89527,causal,31,1.0,0.46117,0.08982,ciciot2023,4
s89527,causal,38,0.0,0.551,0.0,ciciot2023,4
s89527,causal,38,0.25,0.41756,0.13344,ciciot2023,4
s89527,causal,38,0.5,0.41752,0.13347,ciciot2023,4
s89527,causal,38,0.75,0.41746,0.13354,ciciot2023,4
s89527,causal,38,1.0,0.41745,0.13354,ciciot2023,4
s89527,non_causal,34,0.0,0.551,0.0,ciciot2023,4
s89527,non_causal,34,0.25,0.49221,0.05879,ciciot2023,4
s89527,non_causal,34,0.5,0.49221,0.05879,ciciot2023,4
s89527,non_causal,34,0.75,0.49222,0.05878,ciciot2023,4
s89527,non_causal,34,1.0,0.56942,-0.01843,ciciot2023,4
s89527,non_causal,9,0.0,0.551,0.0,ciciot2023,4
s89527,non_causal,9,0.25,0.551,0.0,ciciot2023,4
s89527,non_causal,9,0.5,0.551,0.0,ciciot2023,4
s89527,non_causal,9,0.75,0.551,0.0,ciciot2023,4
s89527,non_causal,9,1.0,0.551,0.0,ciciot2023,4
s89527,non_causal,35,0.0,0.551,0.0,ciciot2023,4
s89527,non_causal,35,0.25,0.551,0.0,ciciot2023,4
s89527,non_causal,35,0.5,0.551,0.0,ciciot2023,4
s89527,non_causal,35,0.75,0.551,0.0,ciciot2023,4
s89527,non_causal,35,1.0,0.551,0.0,ciciot2023,4
s430389,causal,1,0.0,0.93418,0.0,ciciot2023,4
s430389,causal,1,0.25,0.32923,0.60495,ciciot2023,4
s430389,causal,1,0.5,0.41844,0.51574,ciciot2023,4
s430389,causal,1,0.75,0.41844,0.51575,ciciot2023,4
s430389,causal,1,1.0,0.41844,0.51575,ciciot2023,4
s430389,causal,16,0.0,0.93418,0.0,ciciot2023,4
s430389,causal,16,0.25,0.91635,0.01784,ciciot2023,4
s430389,causal,16,0.5,0.91635,0.01784,ciciot2023,4
s430389,causal,16,0.75,0.79055,0.14364,ciciot2023,4
s430389,causal,16,1.0,0.79055,0.14364,ciciot2023,4
s430389,causal,29,0.0,0.93418,0.0,ciciot2023,4
s430389,causal,29,0.25,0.84886,0.08533,ciciot2023,4
s430389,causal,29,0.5,0.84746,0.08672,ciciot2023,4
s430389,causal,29,0.75,0.85523,0.07895,ciciot2023,4
s430389,causal,29,1.0,0.85543,0.07875,ciciot2023,4
s430389,causal,30,0.0,0.93418,0.0,ciciot2023,4
s430389,causal,30,0.25,0.70037,0.23381,ciciot2023,4
s430389,causal,30,0.5,0.70037,0.23382,ciciot2023,4
s430389,causal,30,0.75,0.70037,0.23381,ciciot2023,4
s430389,causal,30,1.0,0.69851,0.23568,ciciot2023,4
s430389,causal,34,0.0,0.93418,0.0,ciciot2023,4
s430389,causal,34,0.25,0.83521,0.09897,ciciot2023,4
s430389,causal,34,0.5,0.83521,0.09897,ciciot2023,4
s430389,causal,34,0.75,0.83522,0.09896,ciciot2023,4
s430389,causal,34,1.0,0.86372,0.07047,ciciot2023,4
s430389,causal,37,0.0,0.93418,0.0,ciciot2023,4
s430389,causal,37,0.25,0.86035,0.07384,ciciot2023,4
s430389,causal,37,0.5,0.86035,0.07384,ciciot2023,4
s430389,causal,37,0.75,0.86035,0.07384,ciciot2023,4
s430389,causal,37,1.0,0.86035,0.07384,ciciot2023,4
s430389,non_causal,35,0.0,0.93418,0.0,ciciot2023,4
s430389,non_causal,35,0.25,0.93418,0.0,ciciot2023,4
s430389,non_causal,35,0.5,0.93418,0.0,ciciot2023,4
s430389,non_causal,35,0.75,0.93418,0.0,ciciot2023,4
s430389,non_causal,35,1.0,0.93418,0.0,ciciot2023,4
s430389,non_causal,23,0.0,0.93418,0.0,ciciot2023,4
s430389,non_causal,23,0.25,0.97689,-0.04271,ciciot2023,4
s430389,non_causal,23,0.5,0.97689,-0.04271,ciciot2023,4
s430389,non_causal,23,0.75,0.97689,-0.04271,ciciot2023,4
s430389,non_causal,23,1.0,0.97689,-0.04271,ciciot2023,4
s430389,non_causal,18,0.0,0.93418,0.0,ciciot2023,4
s430389,non_causal,18,0.25,0.93418,0.0,ciciot2023,4
s430389,non_causal,18,0.5,0.93418,0.0,ciciot2023,4
s430389,non_causal,18,0.75,0.93418,0.0,ciciot2023,4
s430389,non_causal,18,1.0,0.93418,0.0,ciciot2023,4
s429960,causal,2,0.0,0.55019,0.0,ciciot2023,4
s429960,causal,2,0.25,0.46445,0.08574,ciciot2023,4
s429960,causal,2,0.5,0.41843,0.13176,ciciot2023,4
s429960,causal,2,0.75,0.41841,0.13177,ciciot2023,4
s429960,causal,2,1.0,0.40903,0.14116,ciciot2023,4
s429960,causal,3,0.0,0.55019,0.0,ciciot2023,4
s429960,causal,3,0.25,0.20947,0.34072,ciciot2023,4
s429960,causal,3,0.5,0.22398,0.32621,ciciot2023,4
s429960,causal,3,0.75,0.25752,0.29267,ciciot2023,4
s429960,causal,3,1.0,0.25751,0.29268,ciciot2023,4
s429960,causal,16,0.0,0.55019,0.0,ciciot2023,4
s429960,causal,16,0.25,0.68918,-0.13899,ciciot2023,4
s429960,causal,16,0.5,0.68918,-0.13899,ciciot2023,4
s429960,causal,16,0.75,0.44073,0.10946,ciciot2023,4
s429960,causal,16,1.0,0.44073,0.10946,ciciot2023,4
s429960,causal,30,0.0,0.55019,0.0,ciciot2023,4
s429960,causal,30,0.25,0.30004,0.25015,ciciot2023,4
s429960,causal,30,0.5,0.30004,0.25015,ciciot2023,4
s429960,causal,30,0.75,0.30004,0.25015,ciciot2023,4
s429960,causal,30,1.0,0.29961,0.25058,ciciot2023,4
s429960,causal,32,0.0,0.55019,0.0,ciciot2023,4
s429960,causal,32,0.25,0.47186,0.07833,ciciot2023,4
s429960,causal,32,0.5,0.47186,0.07833,ciciot2023,4
s429960,causal,32,0.75,0.47186,0.07833,ciciot2023,4
s429960,causal,32,1.0,0.47186,0.07833,ciciot2023,4
s429960,causal,34,0.0,0.55019,0.0,ciciot2023,4
s429960,causal,34,0.25,0.30284,0.24735,ciciot2023,4
s429960,causal,34,0.5,0.30284,0.24735,ciciot2023,4
s429960,causal,34,0.75,0.30285,0.24734,ciciot2023,4
s429960,causal,34,1.0,0.37377,0.17642,ciciot2023,4
s429960,non_causal,27,0.0,0.55019,0.0,ciciot2023,4
s429960,non_causal,27,0.25,0.55019,0.0,ciciot2023,4
s429960,non_causal,27,0.5,0.55019,0.0,ciciot2023,4
s429960,non_causal,27,0.75,0.55019,0.0,ciciot2023,4
s429960,non_causal,27,1.0,0.55019,0.0,ciciot2023,4
s429960,non_causal,23,0.0,0.55019,0.0,ciciot2023,4
s429960,non_causal,23,0.25,0.96628,-0.41609,ciciot2023,4
s429960,non_causal,23,0.5,0.96628,-0.41609,ciciot2023,4
s429960,non_causal,23,0.75,0.96628,-0.41609,ciciot2023,4
s429960,non_causal,23,1.0,0.96628,-0.41609,ciciot2023,4
s429960,non_causal,11,0.0,0.55019,0.0,ciciot2023,4
s429960,non_causal,11,0.25,0.55019,0.0,ciciot2023,4
s429960,non_causal,11,0.5,0.55019,0.0,ciciot2023,4
s429960,non_causal,11,0.75,0.55019,0.0,ciciot2023,4
s429960,non_causal,11,1.0,0.55019,0.0,ciciot2023,4
s973589,causal,2,0.0,0.88718,0.0,ciciot2023,4
s973589,causal,2,0.25,0.8619,0.02528,ciciot2023,4
s973589,causal,2,0.5,0.8619,0.02528,ciciot2023,4
s973589,causal,2,0.75,0.8381,0.04908,ciciot2023,4
s973589,causal,2,1.0,0.82385,0.06333,ciciot2023,4
s973589,causal,16,0.0,0.88718,0.0,ciciot2023,4
s973589,causal,16,0.25,0.87226,0.01492,ciciot2023,4
s973589,causal,16,0.5,0.87226,0.01492,ciciot2023,4
s973589,causal,16,0.75,0.71603,0.17115,ciciot2023,4
s973589,causal,16,1.0,0.71603,0.17115,ciciot2023,4
s973589,causal,30,0.0,0.88718,0.0,ciciot2023,4
s973589,causal,30,0.25,0.55454,0.33264,ciciot2023,4
s973589,causal,30,0.5,0.55454,0.33264,ciciot2023,4
s973589,causal,30,0.75,0.55454,0.33263,ciciot2023,4
s973589,causal,30,1.0,0.5532,0.33398,ciciot2023,4
s973589,causal,34,0.0,0.88718,0.0,ciciot2023,4
s973589,causal,34,0.25,0.53624,0.35094,ciciot2023,4
s973589,causal,34,0.5,0.53624,0.35094,ciciot2023,4
s973589,causal,34,0.75,0.53625,0.35093,ciciot2023,4
s973589,causal,34,1.0,0.59842,0.28876,ciciot2023,4
s973589,causal,39,0.0,0.88718,0.0,ciciot2023,4
s973589,causal,39,0.25,0.87534,0.01184,ciciot2023,4
s973589,causal,39,0.5,0.812,0.07518,ciciot2023,4
s973589,causal,39,0.75,0.80862,0.07856,ciciot2023,4
s973589,causal,39,1.0,0.80807,0.07911,ciciot2023,4
s973589,non_causal,38,0.0,0.88718,0.0,ciciot2023,4
s973589,non_causal,38,0.25,0.88029,0.00689,ciciot2023,4
s973589,non_causal,38,0.5,0.88019,0.00699,ciciot2023,4
s973589,non_causal,38,0.75,0.8801,0.00708,ciciot2023,4
s973589,non_causal,38,1.0,0.88009,0.00709,ciciot2023,4
s973589,non_causal,29,0.0,0.88718,0.0,ciciot2023,4
s973589,non_causal,29,0.25,0.83591,0.05127,ciciot2023,4
s973589,non_causal,29,0.5,0.83465,0.05253,ciciot2023,4
s973589,non_causal,29,0.75,0.84298,0.0442,ciciot2023,4
s973589,non_causal,29,1.0,0.84316,0.04402,ciciot2023,4
s973589,non_causal,21,0.0,0.88718,0.0,ciciot2023,4
s973589,non_causal,21,0.25,0.88718,0.0,ciciot2023,4
s973589,non_causal,21,0.5,0.88718,0.0,ciciot2023,4
s973589,non_causal,21,0.75,0.88718,0.0,ciciot2023,4
s973589,non_causal,21,1.0,0.88718,0.0,ciciot2023,4
s1428664,causal,14,0.0,0.92818,0.0,ciciot2023,4
s1428664,causal,14,0.25,0.90262,0.02556,ciciot2023,4
s1428664,causal,14,0.5,0.8961,0.03207,ciciot2023,4
s1428664,causal,14,0.75,0.88166,0.04651,ciciot2023,4
s1428664,causal,14,1.0,0.87238,0.0558,ciciot2023,4
s1428664,causal,16,0.0,0.92818,0.0,ciciot2023,4
s1428664,causal,16,0.25,0.91374,0.01444,ciciot2023,4
s1428664,causal,16,0.5,0.91375,0.01443,ciciot2023,4
s1428664,causal,16,0.75,0.80189,0.12628,ciciot2023,4
s1428664,causal,16,1.0,0.80189,0.12628,ciciot2023,4
s1428664,causal,30,0.0,0.92818,0.0,ciciot2023,4
s1428664,causal,30,0.25,0.66856,0.25962,ciciot2023,4
s1428664,causal,30,0.5,0.66855,0.25962,ciciot2023,4
s1428664,causal,30,0.75,0.66856,0.25961,ciciot2023,4
s1428664,causal,30,1.0,0.66738,0.2608,ciciot2023,4
s1428664,causal,34,0.0,0.92818,0.0,ciciot2023,4
s1428664,causal,34,0.25,0.63771,0.29046,ciciot2023,4
s1428664,causal,34,0.5,0.63772,0.29046,ciciot2023,4
s1428664,causal,34,0.75,0.63773,0.29045,ciciot2023,4
s1428664,causal,34,1.0,0.69394,0.23424,ciciot2023,4
s1428664,non_causal,21,0.0,0.92818,0.0,ciciot2023,4
s1428664,non_causal,21,0.25,0.92818,0.0,ciciot2023,4
s1428664,non_causal,21,0.5,0.92818,0.0,ciciot2023,4
s1428664,non_causal,21,0.75,0.92818,0.0,ciciot2023,4
s1428664,non_causal,21,1.0,0.92818,0.0,ciciot2023,4
s1428664,non_causal,7,0.0,0.92818,0.0,ciciot2023,4
s1428664,non_causal,7,0.25,0.92818,0.0,ciciot2023,4
s1428664,non_causal,7,0.5,0.92818,0.0,ciciot2023,4
s1428664,non_causal,7,0.75,0.92818,0.0,ciciot2023,4
s1428664,non_causal,7,1.0,0.92818,0.0,ciciot2023,4
s1428664,non_causal,35,0.0,0.92818,0.0,ciciot2023,4
s1428664,non_causal,35,0.25,0.92818,0.0,ciciot2023,4
s1428664,non_causal,35,0.5,0.92818,0.0,ciciot2023,4
s1428664,non_causal,35,0.75,0.92818,0.0,ciciot2023,4
s1428664,non_causal,35,1.0,0.92818,0.0,ciciot2023,4
s487072,causal,14,0.0,0.81628,0.0,ciciot2023,4
s487072,causal,14,0.25,0.76065,0.05563,ciciot2023,4
s487072,causal,14,0.5,0.75567,0.06061,ciciot2023,4
s487072,causal,14,0.75,0.7441,0.07219,ciciot2023,4
s487072,causal,14,1.0,0.73359,0.0827,ciciot2023,4
s487072,causal,16,0.0,0.81628,0.0,ciciot2023,4
s487072,causal,16,0.25,0.79898,0.0173,ciciot2023,4
s487072,causal,16,0.5,0.79899,0.01729,ciciot2023,4
s487072,causal,16,0.75,0.60846,0.20783,ciciot2023,4
s487072,causal,16,1.0,0.60846,0.20783,ciciot2023,4
s487072,causal,17,0.0,0.81628,0.0,ciciot2023,4
s487072,causal,17,0.25,0.67323,0.14306,ciciot2023,4
s487072,causal,17,0.5,0.67323,0.14305,ciciot2023,4
s487072,causal,17,0.75,0.67312,0.14317,ciciot2023,4
s487072,causal,17,1.0,0.67308,0.14321,ciciot2023,4
s487072,causal,30,0.0,0.81628,0.0,ciciot2023,4
s487072,causal,30,0.25,0.37448,0.44181,ciciot2023,4
s487072,causal,30,0.5,0.37447,0.44181,ciciot2023,4
s487072,causal,30,0.75,0.37448,0.4418,ciciot2023,4
s487072,causal,30,1.0,0.37343,0.44285,ciciot2023,4
s487072,causal,31,0.0,0.81628,0.0,ciciot2023,4
s487072,causal,31,0.25,0.76566,0.05063,ciciot2023,4
s487072,causal,31,0.5,0.76564,0.05064,ciciot2023,4
s487072,causal,31,0.75,0.76565,0.05064,ciciot2023,4
s487072,causal,31,1.0,0.76563,0.05065,ciciot2023,4
s487072,causal,38,0.0,0.81628,0.0,ciciot2023,4
s487072,causal,38,0.25,0.73514,0.08114,ciciot2023,4
s487072,causal,38,0.5,0.73505,0.08123,ciciot2023,4
s487072,causal,38,0.75,0.73496,0.08132,ciciot2023,4
s487072,causal,38,1.0,0.73495,0.08133,ciciot2023,4
s487072,causal,39,0.0,0.81628,0.0,ciciot2023,4
s487072,causal,39,0.25,0.81885,-0.00256,ciciot2023,4
s487072,causal,39,0.5,0.74431,0.07197,ciciot2023,4
s487072,causal,39,0.75,0.74012,0.07616,ciciot2023,4
s487072,causal,39,1.0,0.73948,0.07681,ciciot2023,4
s487072,non_causal,15,0.0,0.81628,0.0,ciciot2023,4
s487072,non_causal,15,0.25,0.81628,0.0,ciciot2023,4
s487072,non_causal,15,0.5,0.81628,0.0,ciciot2023,4
s487072,non_causal,15,0.75,0.81628,0.0,ciciot2023,4
s487072,non_causal,15,1.0,0.81628,0.0,ciciot2023,4
s487072,non_causal,26,0.0,0.81628,0.0,ciciot2023,4
s487072,non_causal,26,0.25,0.81628,0.0,ciciot2023,4
s487072,non_causal,26,0.5,0.81628,0.0,ciciot2023,4
s487072,non_causal,26,0.75,0.81628,0.0,ciciot2023,4
s487072,non_causal,26,1.0,0.81628,0.0,ciciot2023,4
s487072,non_causal,20,0.0,0.81628,0.0,ciciot2023,4
s487072,non_causal,20,0.25,0.81628,0.0,ciciot2023,4
s487072,non_causal,20,0.5,0.81628,0.0,ciciot2023,4
s487072,non_causal,20,0.75,0.81628,0.0,ciciot2023,4
s487072,non_causal,20,1.0,0.81628,0.0,ciciot2023,4
s1512846,causal,0,0.0,0.9231,0.0,ciciot2023,4
s1512846,causal,0,0.25,0.95885,-0.03575,ciciot2023,4
s1512846,causal,0,0.5,0.86908,0.05401,ciciot2023,4
s1512846,causal,0,0.75,0.86913,0.05397,ciciot2023,4
s1512846,causal,0,1.0,0.86868,0.05441,ciciot2023,4
s1512846,causal,1,0.0,0.9231,0.0,ciciot2023,4
s1512846,causal,1,0.25,0.1039,0.8192,ciciot2023,4
s1512846,causal,1,0.5,0.14533,0.77776,ciciot2023,4
s1512846,causal,1,0.75,0.14533,0.77776,ciciot2023,4
s1512846,causal,1,1.0,0.14533,0.77776,ciciot2023,4
s1512846,causal,14,0.0,0.9231,0.0,ciciot2023,4
s1512846,causal,14,0.25,0.87582,0.04727,ciciot2023,4
s1512846,causal,14,0.5,0.87949,0.04361,ciciot2023,4
s1512846,causal,14,0.75,0.8553,0.0678,ciciot2023,4
s1512846,causal,14,1.0,0.85204,0.07106,ciciot2023,4
s1512846,causal,16,0.0,0.9231,0.0,ciciot2023,4
s1512846,causal,16,0.25,0.89117,0.03193,ciciot2023,4
s1512846,causal,16,0.5,0.89115,0.03195,ciciot2023,4
s1512846,causal,16,0.75,0.73971,0.18339,ciciot2023,4
s1512846,causal,16,1.0,0.73971,0.18339,ciciot2023,4
s1512846,causal,29,0.0,0.9231,0.0,ciciot2023,4
s1512846,causal,29,0.25,0.83839,0.08471,ciciot2023,4
s1512846,causal,29,0.5,0.83723,0.08587,ciciot2023,4
s1512846,causal,29,0.75,0.84911,0.07399,ciciot2023,4
s1512846,causal,29,1.0,0.84928,0.07382,ciciot2023,4
s1512846,causal,30,0.0,0.9231,0.0,ciciot2023,4
s1512846,causal,30,0.25,0.67111,0.25199,ciciot2023,4
s1512846,causal,30,0.5,0.6711,0.25199,ciciot2023,4
s1512846,causal,30,0.75,0.6711,0.25199,ciciot2023,4
s1512846,causal,30,1.0,0.66971,0.25339,ciciot2023,4
s1512846,causal,34,0.0,0.9231,0.0,ciciot2023,4
s1512846,causal,34,0.25,0.50992,0.41318,ciciot2023,4
s1512846,causal,34,0.5,0.50992,0.41317,ciciot2023,4
s1512846,causal,34,0.75,0.50993,0.41316,ciciot2023,4
s1512846,causal,34,1.0,0.5692,0.3539,ciciot2023,4
s1512846,causal,37,0.0,0.9231,0.0,ciciot2023,4
s1512846,causal,37,0.25,0.83556,0.08753,ciciot2023,4
s1512846,causal,37,0.5,0.83556,0.08753,ciciot2023,4
s1512846,causal,37,0.75,0.83556,0.08753,ciciot2023,4
s1512846,causal,37,1.0,0.83556,0.08754,ciciot2023,4
s1512846,non_causal,8,0.0,0.9231,0.0,ciciot2023,4
s1512846,non_causal,8,0.25,0.9231,0.0,ciciot2023,4
s1512846,non_causal,8,0.5,0.9231,0.0,ciciot2023,4
s1512846,non_causal,8,0.75,0.9231,0.0,ciciot2023,4
s1512846,non_causal,8,1.0,0.9231,0.0,ciciot2023,4
s1512846,non_causal,32,0.0,0.9231,0.0,ciciot2023,4
s1512846,non_causal,32,0.25,0.89562,0.02748,ciciot2023,4
s1512846,non_causal,32,0.5,0.89561,0.02748,ciciot2023,4
s1512846,non_causal,32,0.75,0.89561,0.02748,ciciot2023,4
s1512846,non_causal,32,1.0,0.89561,0.02748,ciciot2023,4
s1512846,non_causal,38,0.0,0.9231,0.0,ciciot2023,4
s1512846,non_causal,38,0.25,0.91029,0.01281,ciciot2023,4
s1512846,non_causal,38,0.5,0.91023,0.01287,ciciot2023,4
s1512846,non_causal,38,0.75,0.91017,0.01293,ciciot2023,4
s1512846,non_causal,38,1.0,0.91016,0.01293,ciciot2023,4
s730882,causal,3,0.0,0.89007,0.0,ciciot2023,4
s730882,causal,3,0.25,0.67045,0.21962,ciciot2023,4
s730882,causal,3,0.5,0.71108,0.179,ciciot2023,4
s730882,causal,3,0.75,0.74722,0.14285,ciciot2023,4
s730882,causal,3,1.0,0.74716,0.14291,ciciot2023,4
s730882,causal,4,0.0,0.89007,0.0,ciciot2023,4
s730882,causal,4,0.25,0.63636,0.25371,ciciot2023,4
s730882,causal,4,0.5,0.53427,0.3558,ciciot2023,4
s730882,causal,4,0.75,0.54724,0.34283,ciciot2023,4
s730882,causal,4,1.0,0.45795,0.43212,ciciot2023,4
s730882,causal,14,0.0,0.89007,0.0,ciciot2023,4
s730882,causal,14,0.25,0.78206,0.10801,ciciot2023,4
s730882,causal,14,0.5,0.78745,0.10263,ciciot2023,4
s730882,causal,14,0.75,0.74872,0.14135,ciciot2023,4
s730882,causal,14,1.0,0.74526,0.14481,ciciot2023,4
s730882,causal,16,0.0,0.89007,0.0,ciciot2023,4
s730882,causal,16,0.25,0.88043,0.00964,ciciot2023,4
s730882,causal,16,0.5,0.88041,0.00966,ciciot2023,4
s730882,causal,16,0.75,0.72923,0.16085,ciciot2023,4
s730882,causal,16,1.0,0.72922,0.16085,ciciot2023,4
s730882,causal,29,0.0,0.89007,0.0,ciciot2023,4
s730882,causal,29,0.25,0.76427,0.1258,ciciot2023,4
s730882,causal,29,0.5,0.76266,0.12741,ciciot2023,4
s730882,causal,29,0.75,0.77853,0.11154,ciciot2023,4
s730882,causal,29,1.0,0.77877,0.11131,ciciot2023,4
s730882,causal,30,0.0,0.89007,0.0,ciciot2023,4
s730882,causal,30,0.25,0.60488,0.28519,ciciot2023,4
s730882,causal,30,0.5,0.60487,0.2852,ciciot2023,4
s730882,causal,30,0.75,0.60487,0.2852,ciciot2023,4
s730882,causal,30,1.0,0.60343,0.28664,ciciot2023,4
s730882,causal,34,0.0,0.89007,0.0,ciciot2023,4
s730882,causal,34,0.25,0.50129,0.38879,ciciot2023,4
s730882,causal,34,0.5,0.50129,0.38878,ciciot2023,4
s730882,causal,34,0.75,0.5013,0.38877,ciciot2023,4
s730882,causal,34,1.0,0.56069,0.32938,ciciot2023,4
s730882,causal,37,0.0,0.89007,0.0,ciciot2023,4
s730882,causal,37,0.25,0.80019,0.08988,ciciot2023,4
s730882,causal,37,0.5,0.80019,0.08988,ciciot2023,4
s730882,causal,37,0.75,0.80019,0.08988,ciciot2023,4
s730882,causal,37,1.0,0.80019,0.08988,ciciot2023,4
s730882,non_causal,22,0.0,0.89007,0.0,ciciot2023,4
s730882,non_causal,22,0.25,0.89007,0.0,ciciot2023,4
s730882,non_causal,22,0.5,0.89007,0.0,ciciot2023,4
s730882,non_causal,22,0.75,0.89007,0.0,ciciot2023,4
s730882,non_causal,22,1.0,0.89007,0.0,ciciot2023,4
s730882,non_causal,17,0.0,0.89007,0.0,ciciot2023,4
s730882,non_causal,17,0.25,0.87226,0.01781,ciciot2023,4
s730882,non_causal,17,0.5,0.87226,0.01781,ciciot2023,4
s730882,non_causal,17,0.75,0.87212,0.01795,ciciot2023,4
s730882,non_causal,17,1.0,0.87209,0.01798,ciciot2023,4
s730882,non_causal,21,0.0,0.89007,0.0,ciciot2023,4
s730882,non_causal,21,0.25,0.89007,0.0,ciciot2023,4
s730882,non_causal,21,0.5,0.89007,0.0,ciciot2023,4
s730882,non_causal,21,0.75,0.89007,0.0,ciciot2023,4
s730882,non_causal,21,1.0,0.89007,0.0,ciciot2023,4
s1499761,causal,1,0.0,0.99189,0.0,ciciot2023,4
s1499761,causal,1,0.25,0.88953,0.10236,ciciot2023,4
s1499761,causal,1,0.5,0.9218,0.07009,ciciot2023,4
s1499761,causal,1,0.75,0.92179,0.0701,ciciot2023,4
s1499761,causal,1,1.0,0.92179,0.0701,ciciot2023,4
s1499761,causal,16,0.0,0.99189,0.0,ciciot2023,4
s1499761,causal,16,0.25,0.97267,0.01922,ciciot2023,4
s1499761,causal,16,0.5,0.97266,0.01923,ciciot2023,4
s1499761,causal,16,0.75,0.93097,0.06092,ciciot2023,4
s1499761,causal,16,1.0,0.93097,0.06092,ciciot2023,4
s1499761,causal,34,0.0,0.99189,0.0,ciciot2023,4
s1499761,causal,34,0.25,0.89596,0.09593,ciciot2023,4
s1499761,causal,34,0.5,0.89597,0.09592,ciciot2023,4
s1499761,causal,34,0.75,0.89598,0.0959,ciciot2023,4
s1499761,causal,34,1.0,0.91369,0.0782,ciciot2023,4
s1499761,non_causal,17,0.0,0.99189,0.0,ciciot2023,4
s1499761,non_causal,17,0.25,0.98699,0.0049,ciciot2023,4
s1499761,non_causal,17,0.5,0.98699,0.0049,ciciot2023,4
s1499761,non_causal,17,0.75,0.98693,0.00496,ciciot2023,4
s1499761,non_causal,17,1.0,0.98692,0.00497,ciciot2023,4
s1499761,non_causal,36,0.0,0.99189,0.0,ciciot2023,4
s1499761,non_causal,36,0.25,0.99374,-0.00185,ciciot2023,4
s1499761,non_causal,36,0.5,0.98547,0.00642,ciciot2023,4
s1499761,non_causal,36,0.75,0.99523,-0.00335,ciciot2023,4
s1499761,non_causal,36,1.0,0.99523,-0.00335,ciciot2023,4
s1499761,non_causal,22,0.0,0.99189,0.0,ciciot2023,4
s1499761,non_causal,22,0.25,0.99189,0.0,ciciot2023,4
s1499761,non_causal,22,0.5,0.99189,0.0,ciciot2023,4
s1499761,non_causal,22,0.75,0.99189,0.0,ciciot2023,4
s1499761,non_causal,22,1.0,0.99189,0.0,ciciot2023,4
s1176941,causal,1,0.0,0.84654,0.0,ciciot2023,4
s1176941,causal,1,0.25,0.0233,0.82324,ciciot2023,4
s1176941,causal,1,0.5,0.03655,0.80999,ciciot2023,4
s1176941,causal,1,0.75,0.03655,0.80999,ciciot2023,4
s1176941,causal,1,1.0,0.03655,0.80999,ciciot2023,4
s1176941,causal,3,0.0,0.84654,0.0,ciciot2023,4
s1176941,causal,3,0.25,0.71696,0.12958,ciciot2023,4
s1176941,causal,3,0.5,0.74415,0.10239,ciciot2023,4
s1176941,causal,3,0.75,0.77742,0.06912,ciciot2023,4
s1176941,causal,3,1.0,0.77736,0.06918,ciciot2023,4
s1176941,causal,14,0.0,0.84654,0.0,ciciot2023,4
s1176941,causal,14,0.25,0.7725,0.07404,ciciot2023,4
s1176941,causal,14,0.5,0.77603,0.07051,ciciot2023,4
s1176941,causal,14,0.75,0.73009,0.11645,ciciot2023,4
s1176941,causal,14,1.0,0.7366,0.10993,ciciot2023,4
s1176941,causal,16,0.0,0.84654,0.0,ciciot2023,4
s1176941,causal,16,0.25,0.80681,0.03972,ciciot2023,4
s1176941,causal,16,0.5,0.80679,0.03974,ciciot2023,4
s1176941,causal,16,0.75,0.58379,0.26275,ciciot2023,4
s1176941,causal,16,1.0,0.58379,0.26275,ciciot2023,4
s1176941,causal,29,0.0,0.84654,0.0,ciciot2023,4
s1176941,causal,29,0.25,0.70445,0.14209,ciciot2023,4
s1176941,causal,29,0.5,0.7031,0.14344,ciciot2023,4
s1176941,causal,29,0.75,0.7216,0.12494,ciciot2023,4
s1176941,causal,29,1.0,0.7218,0.12474,ciciot2023,4
s1176941,causal,30,0.0,0.84654,0.0,ciciot2023,4
s1176941,causal,30,0.25,0.52247,0.32407,ciciot2023,4
s1176941,causal,30,0.5,0.52246,0.32408,ciciot2023,4
s1176941,causal,30,0.75,0.52247,0.32407,ciciot2023,4
s1176941,causal,30,1.0,0.52133,0.32521,ciciot2023,4
s1176941,causal,33,0.0,0.84654,0.0,ciciot2023,4
s1176941,causal,33,0.25,0.77754,0.069,ciciot2023,4
s1176941,causal,33,0.5,0.77753,0.06901,ciciot2023,4
s1176941,causal,33,0.75,0.77753,0.06901,ciciot2023,4
s1176941,causal,33,1.0,0.77753,0.06901,ciciot2023,4
s1176941,causal,34,0.0,0.84654,0.0,ciciot2023,4
s1176941,causal,34,0.25,0.28212,0.56442,ciciot2023,4
s1176941,causal,34,0.5,0.28213,0.56441,ciciot2023,4
s1176941,causal,34,0.75,0.28214,0.5644,ciciot2023,4
s1176941,causal,34,1.0,0.33301,0.51353,ciciot2023,4
s1176941,causal,37,0.0,0.84654,0.0,ciciot2023,4
s1176941,causal,37,0.25,0.70327,0.14327,ciciot2023,4
s1176941,causal,37,0.5,0.70327,0.14327,ciciot2023,4
s1176941,causal,37,0.75,0.70327,0.14327,ciciot2023,4
s1176941,causal,37,1.0,0.70327,0.14327,ciciot2023,4
s1176941,non_causal,32,0.0,0.84654,0.0,ciciot2023,4
s1176941,non_causal,32,0.25,0.79774,0.0488,ciciot2023,4
s1176941,non_causal,32,0.5,0.79774,0.0488,ciciot2023,4
s1176941,non_causal,32,0.75,0.79773,0.04881,ciciot2023,4
s1176941,non_causal,32,1.0,0.79773,0.04881,ciciot2023,4
s1176941,non_causal,11,0.0,0.84654,0.0,ciciot2023,4
s1176941,non_causal,11,0.25,0.84654,0.0,ciciot2023,4
s1176941,non_causal,11,0.5,0.84654,0.0,ciciot2023,4
s1176941,non_causal,11,0.75,0.84654,0.0,ciciot2023,4
s1176941,non_causal,11,1.0,0.84654,0.0,ciciot2023,4
s1176941,non_causal,9,0.0,0.84654,0.0,ciciot2023,4
s1176941,non_causal,9,0.25,0.84654,0.0,ciciot2023,4
s1176941,non_causal,9,0.5,0.84654,0.0,ciciot2023,4
s1176941,non_causal,9,0.75,0.84654,0.0,ciciot2023,4
s1176941,non_causal,9,1.0,0.84654,0.0,ciciot2023,4
s1246375,causal,3,0.0,0.957,0.0,ciciot2023,4
s1246375,causal,3,0.25,0.86836,0.08863,ciciot2023,4
s1246375,causal,3,0.5,0.88335,0.07365,ciciot2023,4
s1246375,causal,3,0.75,0.9009,0.0561,ciciot2023,4
s1246375,causal,3,1.0,0.90086,0.05614,ciciot2023,4
s1246375,causal,16,0.0,0.957,0.0,ciciot2023,4
s1246375,causal,16,0.25,0.94968,0.00732,ciciot2023,4
s1246375,causal,16,0.5,0.94968,0.00732,ciciot2023,4
s1246375,causal,16,0.75,0.87442,0.08257,ciciot2023,4
s1246375,causal,16,1.0,0.87442,0.08257,ciciot2023,4
s1246375,causal,29,0.0,0.957,0.0,ciciot2023,4
s1246375,causal,29,0.25,0.89889,0.05811,ciciot2023,4
s1246375,causal,29,0.5,0.89801,0.05899,ciciot2023,4
s1246375,causal,29,0.75,0.90352,0.05348,ciciot2023,4
s1246375,causal,29,1.0,0.90365,0.05335,ciciot2023,4
s1246375,causal,30,0.0,0.957,0.0,ciciot2023,4
s1246375,causal,30,0.25,0.78146,0.17554,ciciot2023,4
s1246375,causal,30,0.5,0.78144,0.17555,ciciot2023,4
s1246375,causal,30,0.75,0.78145,0.17554,ciciot2023,4
s1246375,causal,30,1.0,0.77987,0.17713,ciciot2023,4
s1246375,causal,34,0.0,0.957,0.0,ciciot2023,4
s1246375,causal,34,0.25,0.86691,0.09009,ciciot2023,4
s1246375,causal,34,0.5,0.86691,0.09008,ciciot2023,4
s1246375,causal,34,0.75,0.86692,0.09007,ciciot2023,4
s1246375,causal,34,1.0,0.88721,0.06979,ciciot2023,4
s1246375,non_causal,10,0.0,0.957,0.0,ciciot2023,4
s1246375,non_causal,10,0.25,0.957,0.0,ciciot2023,4
s1246375,non_causal,10,0.5,0.957,0.0,ciciot2023,4
s1246375,non_causal,10,0.75,0.957,0.0,ciciot2023,4
s1246375,non_causal,10,1.0,0.957,0.0,ciciot2023,4
s1246375,non_causal,12,0.0,0.957,0.0,ciciot2023,4
s1246375,non_causal,12,0.25,0.957,0.0,ciciot2023,4
s1246375,non_causal,12,0.5,0.957,0.0,ciciot2023,4
s1246375,non_causal,12,0.75,0.957,0.0,ciciot2023,4
s1246375,non_causal,12,1.0,0.957,0.0,ciciot2023,4
s1246375,non_causal,15,0.0,0.957,0.0,ciciot2023,4
s1246375,non_causal,15,0.25,0.957,0.0,ciciot2023,4
s1246375,non_causal,15,0.5,0.957,0.0,ciciot2023,4
s1246375,non_causal,15,0.75,0.957,0.0,ciciot2023,4
s1246375,non_causal,15,1.0,0.95699,0.0,ciciot2023,4
s996109,causal,0,0.0,0.97531,0.0,ciciot2023,4
s996109,causal,0,0.25,0.94982,0.02549,ciciot2023,4
s996109,causal,0,0.5,0.84116,0.13415,ciciot2023,4
s996109,causal,0,0.75,0.84119,0.13412,ciciot2023,4
s996109,causal,0,1.0,0.8409,0.13441,ciciot2023,4
s996109,causal,4,0.0,0.97531,0.0,ciciot2023,4
s996109,causal,4,0.25,0.97531,0.0,ciciot2023,4
s996109,causal,4,0.5,0.97529,2e-05,ciciot2023,4
s996109,causal,4,0.75,0.94482,0.0305,ciciot2023,4
s996109,causal,4,1.0,0.8903,0.08502,ciciot2023,4
s996109,causal,16,0.0,0.97531,0.0,ciciot2023,4
s996109,causal,16,0.25,0.9663,0.00902,ciciot2023,4
s996109,causal,16,0.5,0.9663,0.00902,ciciot2023,4
s996109,causal,16,0.75,0.92406,0.05125,ciciot2023,4
s996109,causal,16,1.0,0.92406,0.05125,ciciot2023,4
s996109,causal,30,0.0,0.97531,0.0,ciciot2023,4
s996109,causal,30,0.25,0.83727,0.13804,ciciot2023,4
s996109,causal,30,0.5,0.83726,0.13806,ciciot2023,4
s996109,causal,30,0.75,0.83727,0.13805,ciciot2023,4
s996109,causal,30,1.0,0.83498,0.14033,ciciot2023,4
s996109,non_causal,6,0.0,0.97531,0.0,ciciot2023,4
s996109,non_causal,6,0.25,0.97531,0.0,ciciot2023,4
s996109,non_causal,6,0.5,0.97531,0.0,ciciot2023,4
s996109,non_causal,6,0.75,0.97531,0.0,ciciot2023,4
s996109,non_causal,6,1.0,0.97531,0.0,ciciot2023,4
s996109,non_causal,10,0.0,0.97531,0.0,ciciot2023,4
s996109,non_causal,10,0.25,0.97531,0.0,ciciot2023,4
s996109,non_causal,10,0.5,0.97531,0.0,ciciot2023,4
s996109,non_causal,10,0.75,0.97531,0.0,ciciot2023,4
s996109,non_causal,10,1.0,0.97531,0.0,ciciot2023,4
s996109,non_causal,26,0.0,0.97531,0.0,ciciot2023,4
s996109,non_causal,26,0.25,0.97531,0.0,ciciot2023,4
s996109,non_causal,26,0.5,0.97531,0.0,ciciot2023,4
s996109,non_causal,26,0.75,0.97531,0.0,ciciot2023,4
s996109,non_causal,26,1.0,0.97531,0.0,ciciot2023,4
s1074685,causal,1,0.0,0.8842,0.0,ciciot2023,4
s1074685,causal,1,0.25,0.34063,0.54357,ciciot2023,4
s1074685,causal,1,0.5,0.45521,0.429,ciciot2023,4
s1074685,causal,1,0.75,0.4552,0.429,ciciot2023,4
s1074685,causal,1,1.0,0.4552,0.429,ciciot2023,4
s1074685,causal,2,0.0,0.8842,0.0,ciciot2023,4
s1074685,causal,2,0.25,0.69652,0.18769,ciciot2023,4
s1074685,causal,2,0.5,0.69652,0.18769,ciciot2023,4
s1074685,causal,2,0.75,0.69644,0.18777,ciciot2023,4
s1074685,causal,2,1.0,0.67447,0.20973,ciciot2023,4
s1074685,causal,3,0.0,0.8842,0.0,ciciot2023,4
s1074685,causal,3,0.25,0.82357,0.06064,ciciot2023,4
s1074685,causal,3,0.5,0.79099,0.09321,ciciot2023,4
s1074685,causal,3,0.75,0.79099,0.09322,ciciot2023,4
s1074685,causal,3,1.0,0.79092,0.09328,ciciot2023,4
s1074685,causal,14,0.0,0.8842,0.0,ciciot2023,4
s1074685,causal,14,0.25,0.84296,0.04125,ciciot2023,4
s1074685,causal,14,0.5,0.83427,0.04993,ciciot2023,4
s1074685,causal,14,0.75,0.81633,0.06788,ciciot2023,4
s1074685,causal,14,1.0,0.80972,0.07448,ciciot2023,4
s1074685,causal,16,0.0,0.8842,0.0,ciciot2023,4
s1074685,causal,16,0.25,0.86467,0.01953,ciciot2023,4
s1074685,causal,16,0.5,0.86468,0.01952,ciciot2023,4
s1074685,causal,16,0.75,0.68865,0.19555,ciciot2023,4
s1074685,causal,16,1.0,0.68865,0.19555,ciciot2023,4
s1074685,causal,30,0.0,0.8842,0.0,ciciot2023,4
s1074685,causal,30,0.25,0.50031,0.38389,ciciot2023,4
s1074685,causal,30,0.5,0.5003,0.3839,ciciot2023,4
s1074685,causal,30,0.75,0.50031,0.38389,ciciot2023,4
s1074685,causal,30,1.0,0.50016,0.38404,ciciot2023,4
s1074685,causal,34,0.0,0.8842,0.0,ciciot2023,4
s1074685,causal,34,0.25,0.55068,0.33352,ciciot2023,4
s1074685,causal,34,0.5,0.55068,0.33352,ciciot2023,4
s1074685,causal,34,0.75,0.55069,0.33351,ciciot2023,4
s1074685,causal,34,1.0,0.6123,0.2719,ciciot2023,4
s1074685,non_causal,22,0.0,0.8842,0.0,ciciot2023,4
s1074685,non_causal,22,0.25,0.8842,0.0,ciciot2023,4
s1074685,non_causal,22,0.5,0.8842,0.0,ciciot2023,4
s1074685,non_causal,22,0.75,0.8842,0.0,ciciot2023,4
s1074685,non_causal,22,1.0,0.8842,0.0,ciciot2023,4
s1074685,non_causal,7,0.0,0.8842,0.0,ciciot2023,4
s1074685,non_causal,7,0.25,0.8842,0.0,ciciot2023,4
s1074685,non_causal,7,0.5,0.8842,0.0,ciciot2023,4
s1074685,non_causal,7,0.75,0.8842,0.0,ciciot2023,4
s1074685,non_causal,7,1.0,0.8842,0.0,ciciot2023,4
s1074685,non_causal,28,0.0,0.8842,0.0,ciciot2023,4
s1074685,non_causal,28,0.25,0.8842,0.0,ciciot2023,4
s1074685,non_causal,28,0.5,0.8842,0.0,ciciot2023,4
s1074685,non_causal,28,0.75,0.8842,0.0,ciciot2023,4
s1074685,non_causal,28,1.0,0.8842,0.0,ciciot2023,4
