dataset,seed,class,sample_id,target,corrupt,valid,residual
fiveg_nidd,0,7,s142856,white_box,0.8888888888888888,True,0.0
fiveg_nidd,0,7,s142856,cross_seed,0.75,True,0.0
fiveg_nidd,0,7,s142856,cross_arch,0.33333333333333337,True,0.0
fiveg_nidd,0,7,s291927,white_box,0.8888888888888888,True,0.0
fiveg_nidd,0,7,s291927,cross_seed,1.0,False,0.0
fiveg_nidd,0,7,s291927,cross_arch,0.75,False,0.0
fiveg_nidd,0,7,s134384,white_box,0.75,True,0.0
fiveg_nidd,0,7,s134384,cross_seed,0.33333333333333337,True,0.0
fiveg_nidd,0,7,s134384,cross_arch,0.33333333333333337,True,0.0
fiveg_nidd,0,7,s136014,white_box,0.8888888888888888,True,0.0
fiveg_nidd,0,7,s136014,cross_seed,0.75,True,0.0
fiveg_nidd,0,7,s136014,cross_arch,0.5714285714285714,True,0.0
fiveg_nidd,0,7,s135698,white_box,0.75,True,0.0
fiveg_nidd,0,7,s135698,cross_seed,0.5714285714285714,True,0.0
fiveg_nidd,0,7,s135698,cross_arch,0.33333333333333337,True,0.0
fiveg_nidd,0,7,s349508,white_box,0.8888888888888888,True,0.0
fiveg_nidd,0,7,s349508,cross_seed,0.33333333333333337,True,0.0
fiveg_nidd,0,7,s349508,cross_arch,0.5714285714285714,False,0.0
fiveg_nidd,0,7,s128232,white_box,0.8888888888888888,True,0.0
fiveg_nidd,0,7,s128232,cross_seed,0.5714285714285714,True,0.0
fiveg_nidd,0,7,s128232,cross_arch,0.33333333333333337,True,0.0
fiveg_nidd,0,7,s135589,white_box,0.75,True,0.0
fiveg_nidd,0,7,s135589,cross_seed,0.33333333333333337,True,0.0
fiveg_nidd,0,7,s135589,cross_arch,0.33333333333333337,True,0.0
fiveg_nidd,0,7,s143543,white_box,0.8888888888888888,True,0.0
fiveg_nidd,0,7,s143543,cross_seed,0.5714285714285714,True,0.0
fiveg_nidd,0,7,s143543,cross_arch,0.33333333333333337,True,0.0
fiveg_nidd,0,7,s129997,white_box,0.8888888888888888,True,0.0
fiveg_nidd,0,7,s129997,cross_seed,0.5714285714285714,True,0.0
fiveg_nidd,0,7,s129997,cross_arch,0.33333333333333337,True,0.0
fiveg_nidd,0,7,s349393,white_box,0.8888888888888888,True,0.0
fiveg_nidd,0,7,s349393,cross_seed,0.75,True,0.0
fiveg_nidd,0,7,s349393,cross_arch,0.0,True,0.0
fiveg_nidd,0,7,s316779,white_box,0.8888888888888888,True,0.0
fiveg_nidd,0,7,s316779,cross_seed,0.5714285714285714,True,0.0
fiveg_nidd,0,7,s316779,cross_arch,0.33333333333333337,True,0.0
fiveg_nidd,0,7,s141615,white_box,0.8888888888888888,True,0.0
fiveg_nidd,0,7,s141615,cross_seed,0.75,True,0.0
fiveg_nidd,0,7,s141615,cross_arch,0.75,False,0.0
fiveg_nidd,0,7,s128496,white_box,0.8888888888888888,True,0.0
fiveg_nidd,0,7,s128496,cross_seed,0.75,True,0.0
fiveg_nidd,0,7,s128496,cross_arch,0.33333333333333337,True,0.0
fiveg_nidd,0,7,s119769,white_box,0.75,True,0.0
fiveg_nidd,0,7,s119769,cross_seed,0.33333333333333337,True,0.0
fiveg_nidd,0,7,s119769,cross_arch,0.5714285714285714,True,0.0
fiveg_nidd,0,7,s340103,white_box,0.8888888888888888,True,0.0
fiveg_nidd,0,7,s340103,cross_seed,0.5714285714285714,True,0.0
fiveg_nidd,0,7,s340103,cross_arch,0.33333333333333337,True,0.0
fiveg_nidd,0,7,s317191,white_box,0.8888888888888888,True,0.0
fiveg_nidd,0,7,s317191,cross_seed,0.5714285714285714,True,0.0
fiveg_nidd,0,7,s317191,cross_arch,0.8888888888888888,False,0.0
fiveg_nidd,0,7,s128343,white_box,0.8888888888888888,True,0.0
fiveg_nidd,0,7,s128343,cross_seed,0.33333333333333337,True,0.0
fiveg_nidd,0,7,s128343,cross_arch,0.33333333333333337,True,0.0
fiveg_nidd,0,7,s314994,white_box,0.8888888888888888,True,0.0
fiveg_nidd,0,7,s314994,cross_seed,0.75,True,0.0
fiveg_nidd,0,7,s314994,cross_arch,0.33333333333333337,True,0.0
fiveg_nidd,0,7,s140349,white_box,1.0,True,0.0
fiveg_nidd,0,7,s140349,cross_seed,0.75,False,0.0
fiveg_nidd,0,7,s140349,cross_arch,0.8888888888888888,False,0.0
fiveg_nidd,0,7,s292667,white_box,0.8888888888888888,True,0.0
fiveg_nidd,0,7,s292667,cross_seed,0.5714285714285714,True,0.0
fiveg_nidd,0,7,s292667,cross_arch,0.0,True,0.0
fiveg_nidd,0,7,s314714,white_box,0.8888888888888888,True,0.0
fiveg_nidd,0,7,s314714,cross_seed,1.0,False,0.0
fiveg_nidd,0,7,s314714,cross_arch,0.5714285714285714,True,0.0
fiveg_nidd,0,7,s179376,white_box,0.8888888888888888,True,0.0
fiveg_nidd,0,7,s179376,cross_seed,1.0,False,0.0
fiveg_nidd,0,7,s179376,cross_arch,0.5714285714285714,True,0.0
fiveg_nidd,0,7,s312309,white_box,0.8888888888888888,True,0.0
fiveg_nidd,0,7,s312309,cross_seed,0.75,True,0.0
fiveg_nidd,0,7,s312309,cross_arch,0.33333333333333337,True,0.0
fiveg_nidd,0,7,s341150,white_box,0.8888888888888888,True,0.0
fiveg_nidd,0,7,s341150,cross_seed,0.33333333333333337,True,0.0
fiveg_nidd,0,7,s341150,cross_arch,0.5714285714285714,True,0.0
fiveg_nidd,0,7,s304409,white_box,0.8888888888888888,True,0.0
fiveg_nidd,0,7,s304409,cross_seed,0.5714285714285714,True,0.0
fiveg_nidd,0,7,s304409,cross_arch,0.33333333333333337,True,0.0
fiveg_nidd,0,7,s142104,white_box,0.8888888888888888,True,0.0
fiveg_nidd,0,7,s142104,cross_seed,0.8888888888888888,True,0.0
fiveg_nidd,0,7,s142104,cross_arch,0.5714285714285714,True,0.0
fiveg_nidd,0,7,s350923,white_box,0.8888888888888888,True,0.0
fiveg_nidd,0,7,s350923,cross_seed,1.0,False,0.0
fiveg_nidd,0,7,s350923,cross_arch,0.33333333333333337,True,0.0
fiveg_nidd,0,7,s323579,white_box,0.8888888888888888,True,0.0
fiveg_nidd,0,7,s323579,cross_seed,0.8888888888888888,True,0.0
fiveg_nidd,0,7,s323579,cross_arch,0.5714285714285714,True,0.0
fiveg_nidd,0,7,s315028,white_box,0.8888888888888888,True,0.0
fiveg_nidd,0,7,s315028,cross_seed,1.0,False,0.0
fiveg_nidd,0,7,s315028,cross_arch,0.0,True,0.0
fiveg_nidd,0,7,s142380,white_box,0.8888888888888888,True,0.0
fiveg_nidd,0,7,s142380,cross_seed,0.75,True,0.0
fiveg_nidd,0,7,s142380,cross_arch,0.5714285714285714,True,0.0
fiveg_nidd,0,7,s340688,white_box,0.8888888888888888,True,0.0
fiveg_nidd,0,7,s340688,cross_seed,0.5714285714285714,True,0.0
fiveg_nidd,0,7,s340688,cross_arch,0.8888888888888888,False,0.0
fiveg_nidd,0,7,s128593,white_box,0.8888888888888888,True,0.0
fiveg_nidd,0,7,s128593,cross_seed,1.0,False,0.0
fiveg_nidd,0,7,s128593,cross_arch,0.33333333333333337,True,0.0
fiveg_nidd,0,7,s177538,white_box,0.8888888888888888,True,0.0
fiveg_nidd,0,7,s177538,cross_seed,0.75,True,0.0
fiveg_nidd,0,7,s177538,cross_arch,0.75,False,0.0
fiveg_nidd,0,7,s340793,white_box,0.8888888888888888,True,0.0
fiveg_nidd,0,7,s340793,cross_seed,0.5714285714285714,True,0.0
fiveg_nidd,0,7,s340793,cross_arch,0.33333333333333337,True,0.0
fiveg_nidd,0,7,s179877,white_box,0.8888888888888888,True,0.0
fiveg_nidd,0,7,s179877,cross_seed,0.8888888888888888,True,0.0
fiveg_nidd,0,7,s179877,cross_arch,0.33333333333333337,True,0.0
fiveg_nidd,0,7,s293155,white_box,0.75,True,0.0
fiveg_nidd,0,7,s293155,cross_seed,1.0,False,0.0
fiveg_nidd,0,7,s293155,cross_arch,0.33333333333333337,True,0.0
fiveg_nidd,0,7,s339736,white_box,0.8888888888888888,True,0.0
fiveg_nidd,0,7,s339736,cross_seed,0.8888888888888888,False,0.0
fiveg_nidd,0,7,s339736,cross_arch,0.33333333333333337,True,0.0
fiveg_nidd,0,7,s304025,white_box,0.8888888888888888,True,0.0
fiveg_nidd,0,7,s304025,cross_seed,0.5714285714285714,True,0.0
fiveg_nidd,0,7,s304025,cross_arch,0.0,True,0.0
fiveg_nidd,0,7,s303122,white_box,0.8888888888888888,True,0.0
fiveg_nidd,0,7,s303122,cross_seed,0.5714285714285714,True,0.0
fiveg_nidd,0,7,s303122,cross_arch,0.33333333333333337,True,0.0
fiveg_nidd,1,7,s139106,white_box,0.8888888888888888,True,0.0
fiveg_nidd,1,7,s139106,cross_seed,0.75,True,0.0
fiveg_nidd,1,7,s139106,cross_arch,0.8888888888888888,False,0.0
fiveg_nidd,1,7,s287348,white_box,0.8888888888888888,True,0.0
fiveg_nidd,1,7,s287348,cross_seed,1.0,False,0.0
fiveg_nidd,1,7,s287348,cross_arch,1.0,False,0.0
fiveg_nidd,1,7,s121268,white_box,0.8888888888888888,True,0.0
fiveg_nidd,1,7,s121268,cross_seed,0.5714285714285714,True,0.0
fiveg_nidd,1,7,s121268,cross_arch,0.33333333333333337,True,0.0
fiveg_nidd,1,7,s130795,white_box,0.8888888888888888,True,0.0
fiveg_nidd,1,7,s130795,cross_seed,1.0,False,0.0
fiveg_nidd,1,7,s130795,cross_arch,0.5714285714285714,True,0.0
fiveg_nidd,1,7,s349950,white_box,0.8888888888888888,True,0.0
fiveg_nidd,1,7,s349950,cross_seed,0.75,True,0.0
fiveg_nidd,1,7,s349950,cross_arch,0.33333333333333337,True,0.0
fiveg_nidd,1,7,s130331,white_box,0.75,True,0.0
fiveg_nidd,1,7,s130331,cross_seed,0.75,True,0.0
fiveg_nidd,1,7,s130331,cross_arch,0.5714285714285714,True,0.0
fiveg_nidd,1,7,s309677,white_box,0.75,True,0.0
fiveg_nidd,1,7,s309677,cross_seed,0.33333333333333337,True,0.0
fiveg_nidd,1,7,s309677,cross_arch,0.33333333333333337,True,0.0
fiveg_nidd,1,7,s131825,white_box,0.8888888888888888,True,0.0
fiveg_nidd,1,7,s131825,cross_seed,1.0,False,0.0
fiveg_nidd,1,7,s131825,cross_arch,0.0,True,0.0
fiveg_nidd,1,7,s287273,white_box,0.8888888888888888,True,0.0
fiveg_nidd,1,7,s287273,cross_seed,0.8888888888888888,True,0.0
fiveg_nidd,1,7,s287273,cross_arch,0.5714285714285714,True,0.0
fiveg_nidd,1,7,s310933,white_box,0.8888888888888888,True,0.0
fiveg_nidd,1,7,s310933,cross_seed,0.5714285714285714,True,0.0
fiveg_nidd,1,7,s310933,cross_arch,0.5714285714285714,True,0.0
fiveg_nidd,1,7,s350219,white_box,0.8888888888888888,True,0.0
fiveg_nidd,1,7,s350219,cross_seed,0.75,True,0.0
fiveg_nidd,1,7,s350219,cross_arch,0.8888888888888888,False,0.0
fiveg_nidd,1,7,s116403,white_box,0.8888888888888888,True,0.0
fiveg_nidd,1,7,s116403,cross_seed,0.75,True,0.0
fiveg_nidd,1,7,s116403,cross_arch,0.8888888888888888,False,0.0
fiveg_nidd,1,7,s122150,white_box,0.75,True,0.0
fiveg_nidd,1,7,s122150,cross_seed,0.8888888888888888,False,0.0
fiveg_nidd,1,7,s122150,cross_arch,0.0,True,0.0
fiveg_nidd,1,7,s139502,white_box,0.8888888888888888,True,0.0
fiveg_nidd,1,7,s139502,cross_seed,0.8888888888888888,False,0.0
fiveg_nidd,1,7,s139502,cross_arch,1.0,False,0.0
fiveg_nidd,1,7,s174367,white_box,0.8888888888888888,True,0.0
fiveg_nidd,1,7,s174367,cross_seed,0.75,True,0.0
fiveg_nidd,1,7,s174367,cross_arch,1.0,False,0.0
fiveg_nidd,1,7,s161026,white_box,0.8888888888888888,True,0.0
fiveg_nidd,1,7,s161026,cross_seed,0.75,True,0.0
fiveg_nidd,1,7,s161026,cross_arch,0.8888888888888888,False,0.0
fiveg_nidd,1,7,s350776,white_box,0.8888888888888888,True,0.0
fiveg_nidd,1,7,s350776,cross_seed,0.5714285714285714,True,0.0
fiveg_nidd,1,7,s350776,cross_arch,0.75,False,0.0
fiveg_nidd,1,7,s124470,white_box,0.8888888888888888,True,0.0
fiveg_nidd,1,7,s124470,cross_seed,0.5714285714285714,True,0.0
fiveg_nidd,1,7,s124470,cross_arch,0.8888888888888888,False,0.0
fiveg_nidd,1,7,s161343,white_box,0.8888888888888888,True,0.0
fiveg_nidd,1,7,s161343,cross_seed,0.5714285714285714,True,0.0
fiveg_nidd,1,7,s161343,cross_arch,0.8888888888888888,False,0.0
fiveg_nidd,1,7,s125545,white_box,0.8888888888888888,True,0.0
fiveg_nidd,1,7,s125545,cross_seed,0.5714285714285714,True,0.0
fiveg_nidd,1,7,s125545,cross_arch,0.8888888888888888,False,0.0
fiveg_nidd,1,7,s124877,white_box,0.8888888888888888,True,0.0
fiveg_nidd,1,7,s124877,cross_seed,0.75,True,0.0
fiveg_nidd,1,7,s124877,cross_arch,0.0,True,0.0
fiveg_nidd,1,7,s328271,white_box,0.75,True,0.0
fiveg_nidd,1,7,s328271,cross_seed,1.0,False,0.0
fiveg_nidd,1,7,s328271,cross_arch,1.0,False,0.0
fiveg_nidd,1,7,s159985,white_box,0.8888888888888888,True,0.0
fiveg_nidd,1,7,s159985,cross_seed,0.75,True,0.0
fiveg_nidd,1,7,s159985,cross_arch,0.5714285714285714,True,0.0
fiveg_nidd,1,7,s124867,white_box,0.8888888888888888,True,0.0
fiveg_nidd,1,7,s124867,cross_seed,0.5714285714285714,True,0.0
fiveg_nidd,1,7,s124867,cross_arch,0.33333333333333337,True,0.0
fiveg_nidd,1,7,s160047,white_box,0.75,True,0.0
fiveg_nidd,1,7,s160047,cross_seed,0.5714285714285714,True,0.0
fiveg_nidd,1,7,s160047,cross_arch,0.5714285714285714,True,0.0
fiveg_nidd,1,7,s139681,white_box,0.8888888888888888,True,0.0
fiveg_nidd,1,7,s139681,cross_seed,0.75,True,0.0
fiveg_nidd,1,7,s139681,cross_arch,0.8888888888888888,False,0.0
fiveg_nidd,1,7,s170297,white_box,0.8888888888888888,True,0.0
fiveg_nidd,1,7,s170297,cross_seed,0.8888888888888888,True,0.0
fiveg_nidd,1,7,s170297,cross_arch,0.8888888888888888,False,0.0
fiveg_nidd,1,7,s349415,white_box,0.8888888888888888,True,0.0
fiveg_nidd,1,7,s349415,cross_seed,0.5714285714285714,True,0.0
fiveg_nidd,1,7,s349415,cross_arch,0.33333333333333337,True,0.0
fiveg_nidd,1,7,s160139,white_box,0.8888888888888888,True,0.0
fiveg_nidd,1,7,s160139,cross_seed,0.8888888888888888,False,0.0
fiveg_nidd,1,7,s160139,cross_arch,0.8888888888888888,False,0.0
fiveg_nidd,1,7,s327372,white_box,0.8888888888888888,True,0.0
fiveg_nidd,1,7,s327372,cross_seed,1.0,False,0.0
fiveg_nidd,1,7,s327372,cross_arch,0.0,True,0.0
fiveg_nidd,1,7,s160290,white_box,0.8888888888888888,True,0.0
fiveg_nidd,1,7,s160290,cross_seed,0.75,True,0.0
fiveg_nidd,1,7,s160290,cross_arch,0.33333333333333337,True,0.0
fiveg_nidd,1,7,s286660,white_box,0.8888888888888888,True,0.0
fiveg_nidd,1,7,s286660,cross_seed,0.75,True,0.0
fiveg_nidd,1,7,s286660,cross_arch,0.33333333333333337,True,0.0
fiveg_nidd,1,7,s118319,white_box,0.8888888888888888,True,0.0
fiveg_nidd,1,7,s118319,cross_seed,0.5714285714285714,True,0.0
fiveg_nidd,1,7,s118319,cross_arch,0.5714285714285714,False,0.0
fiveg_nidd,1,7,s174119,white_box,0.8888888888888888,True,0.0
fiveg_nidd,1,7,s174119,cross_seed,0.75,True,0.0
fiveg_nidd,1,7,s174119,cross_arch,0.8888888888888888,False,0.0
fiveg_nidd,1,7,s287341,white_box,0.8888888888888888,True,0.0
fiveg_nidd,1,7,s287341,cross_seed,0.5714285714285714,True,0.0
fiveg_nidd,1,7,s287341,cross_arch,0.5714285714285714,True,0.0
fiveg_nidd,1,7,s160570,white_box,0.8888888888888888,True,0.0
fiveg_nidd,1,7,s160570,cross_seed,0.8888888888888888,True,0.0
fiveg_nidd,1,7,s160570,cross_arch,0.75,False,0.0
fiveg_nidd,1,7,s130884,white_box,0.8888888888888888,True,0.0
fiveg_nidd,1,7,s130884,cross_seed,0.8888888888888888,True,0.0
fiveg_nidd,1,7,s130884,cross_arch,0.75,False,0.0
fiveg_nidd,1,7,s139613,white_box,0.8888888888888888,True,0.0
fiveg_nidd,1,7,s139613,cross_seed,0.5714285714285714,True,0.0
fiveg_nidd,1,7,s139613,cross_arch,0.5714285714285714,True,0.0
fiveg_nidd,1,7,s157016,white_box,0.8888888888888888,True,0.0
fiveg_nidd,1,7,s157016,cross_seed,0.8888888888888888,True,0.0
fiveg_nidd,1,7,s157016,cross_arch,0.8888888888888888,False,0.0
fiveg_nidd,1,7,s157357,white_box,0.8888888888888888,True,0.0
fiveg_nidd,1,7,s157357,cross_seed,0.75,True,0.0
fiveg_nidd,1,7,s157357,cross_arch,0.33333333333333337,True,0.0
fiveg_nidd,2,7,s141704,white_box,0.75,True,0.0
fiveg_nidd,2,7,s141704,cross_seed,0.75,True,0.0
fiveg_nidd,2,7,s141704,cross_arch,0.0,True,0.0
fiveg_nidd,2,7,s296032,white_box,0.8888888888888888,True,0.0
fiveg_nidd,2,7,s296032,cross_seed,0.5714285714285714,True,0.0
fiveg_nidd,2,7,s296032,cross_arch,0.33333333333333337,True,0.0
fiveg_nidd,2,7,s158707,white_box,0.8888888888888888,True,0.0
fiveg_nidd,2,7,s158707,cross_seed,0.5714285714285714,True,0.0
fiveg_nidd,2,7,s158707,cross_arch,0.75,True,0.0
fiveg_nidd,2,7,s339535,white_box,0.75,True,0.0
fiveg_nidd,2,7,s339535,cross_seed,0.33333333333333337,True,0.0
fiveg_nidd,2,7,s339535,cross_arch,0.0,True,0.0
fiveg_nidd,2,7,s296205,white_box,0.8888888888888888,True,0.0
fiveg_nidd,2,7,s296205,cross_seed,0.5714285714285714,False,0.0
fiveg_nidd,2,7,s296205,cross_arch,0.33333333333333337,True,0.0
fiveg_nidd,2,7,s296035,white_box,0.8888888888888888,True,0.0
fiveg_nidd,2,7,s296035,cross_seed,0.75,True,0.0
fiveg_nidd,2,7,s296035,cross_arch,0.33333333333333337,True,0.0
fiveg_nidd,2,7,s303112,white_box,0.75,True,0.0
fiveg_nidd,2,7,s303112,cross_seed,0.5714285714285714,True,0.0
fiveg_nidd,2,7,s303112,cross_arch,0.33333333333333337,True,0.0
fiveg_nidd,2,7,s344539,white_box,0.8888888888888888,True,0.0
fiveg_nidd,2,7,s344539,cross_seed,0.5714285714285714,True,0.0
fiveg_nidd,2,7,s344539,cross_arch,0.33333333333333337,True,0.0
fiveg_nidd,2,7,s340703,white_box,0.75,True,0.0
fiveg_nidd,2,7,s340703,cross_seed,0.5714285714285714,True,0.0
fiveg_nidd,2,7,s340703,cross_arch,0.33333333333333337,True,0.0
fiveg_nidd,2,7,s309193,white_box,0.75,True,0.0
fiveg_nidd,2,7,s309193,cross_seed,0.75,True,0.0
fiveg_nidd,2,7,s309193,cross_arch,0.75,False,0.0
fiveg_nidd,2,7,s307622,white_box,0.8888888888888888,True,0.0
fiveg_nidd,2,7,s307622,cross_seed,0.75,True,0.0
fiveg_nidd,2,7,s307622,cross_arch,0.33333333333333337,True,0.0
fiveg_nidd,2,7,s305910,white_box,0.8888888888888888,True,0.0
fiveg_nidd,2,7,s305910,cross_seed,0.8888888888888888,True,0.0
fiveg_nidd,2,7,s305910,cross_arch,0.0,True,0.0
fiveg_nidd,2,7,s117651,white_box,0.75,True,0.0
fiveg_nidd,2,7,s117651,cross_seed,0.75,True,0.0
fiveg_nidd,2,7,s117651,cross_arch,0.75,False,0.0
fiveg_nidd,2,7,s298171,white_box,0.8888888888888888,True,0.0
fiveg_nidd,2,7,s298171,cross_seed,0.75,True,0.0
fiveg_nidd,2,7,s298171,cross_arch,0.33333333333333337,True,0.0
fiveg_nidd,2,7,s140253,white_box,0.8888888888888888,True,0.0
fiveg_nidd,2,7,s140253,cross_seed,0.75,False,0.0
fiveg_nidd,2,7,s140253,cross_arch,0.5714285714285714,True,0.0
fiveg_nidd,2,7,s286523,white_box,0.8888888888888888,True,0.0
fiveg_nidd,2,7,s286523,cross_seed,0.75,True,0.0
fiveg_nidd,2,7,s286523,cross_arch,0.75,False,0.0
fiveg_nidd,2,7,s158306,white_box,0.75,True,0.0
fiveg_nidd,2,7,s158306,cross_seed,0.5714285714285714,True,0.0
fiveg_nidd,2,7,s158306,cross_arch,0.5714285714285714,True,0.0
fiveg_nidd,2,7,s159499,white_box,0.8888888888888888,True,0.0
fiveg_nidd,2,7,s159499,cross_seed,0.8888888888888888,False,0.0
fiveg_nidd,2,7,s159499,cross_arch,0.75,False,0.0
fiveg_nidd,2,7,s340400,white_box,0.8888888888888888,True,0.0
fiveg_nidd,2,7,s340400,cross_seed,0.5714285714285714,True,0.0
fiveg_nidd,2,7,s340400,cross_arch,0.33333333333333337,True,0.0
fiveg_nidd,2,7,s309367,white_box,0.8888888888888888,True,0.0
fiveg_nidd,2,7,s309367,cross_seed,0.5714285714285714,True,0.0
fiveg_nidd,2,7,s309367,cross_arch,0.8888888888888888,False,0.0
fiveg_nidd,2,7,s332649,white_box,0.75,True,0.0
fiveg_nidd,2,7,s332649,cross_seed,0.8888888888888888,False,0.0
fiveg_nidd,2,7,s332649,cross_arch,0.8888888888888888,False,0.0
fiveg_nidd,2,7,s120420,white_box,0.8888888888888888,True,0.0
fiveg_nidd,2,7,s120420,cross_seed,0.5714285714285714,True,0.0
fiveg_nidd,2,7,s120420,cross_arch,0.5714285714285714,True,0.0
fiveg_nidd,2,7,s297265,white_box,0.8888888888888888,True,0.0
fiveg_nidd,2,7,s297265,cross_seed,0.33333333333333337,True,0.0
fiveg_nidd,2,7,s297265,cross_arch,0.5714285714285714,True,0.0
fiveg_nidd,2,7,s343186,white_box,0.8888888888888888,True,0.0
fiveg_nidd,2,7,s343186,cross_seed,0.5714285714285714,True,0.0
fiveg_nidd,2,7,s343186,cross_arch,0.0,True,0.0
fiveg_nidd,2,7,s339901,white_box,0.75,True,0.0
fiveg_nidd,2,7,s339901,cross_seed,0.33333333333333337,True,0.0
fiveg_nidd,2,7,s339901,cross_arch,0.75,False,0.0
fiveg_nidd,2,7,s298513,white_box,0.75,True,0.0
fiveg_nidd,2,7,s298513,cross_seed,0.33333333333333337,True,0.0
fiveg_nidd,2,7,s298513,cross_arch,0.0,True,0.0
fiveg_nidd,2,7,s332709,white_box,0.75,True,0.0
fiveg_nidd,2,7,s332709,cross_seed,0.5714285714285714,True,0.0
fiveg_nidd,2,7,s332709,cross_arch,0.8888888888888888,False,0.0
fiveg_nidd,2,7,s136310,white_box,0.8888888888888888,True,0.0
fiveg_nidd,2,7,s136310,cross_seed,0.5714285714285714,True,0.0
fiveg_nidd,2,7,s136310,cross_arch,0.5714285714285714,True,0.0
fiveg_nidd,2,7,s305675,white_box,0.75,True,0.0
fiveg_nidd,2,7,s305675,cross_seed,0.75,True,0.0
fiveg_nidd,2,7,s305675,cross_arch,0.0,True,0.0
fiveg_nidd,2,7,s307954,white_box,0.75,True,0.0
fiveg_nidd,2,7,s307954,cross_seed,0.5714285714285714,True,0.0
fiveg_nidd,2,7,s307954,cross_arch,0.33333333333333337,True,0.0
fiveg_nidd,2,7,s297058,white_box,0.75,True,0.0
fiveg_nidd,2,7,s297058,cross_seed,0.5714285714285714,True,0.0
fiveg_nidd,2,7,s297058,cross_arch,0.33333333333333337,True,0.0
fiveg_nidd,2,7,s308860,white_box,0.8888888888888888,True,0.0
fiveg_nidd,2,7,s308860,cross_seed,0.8888888888888888,True,0.0
fiveg_nidd,2,7,s308860,cross_arch,0.5714285714285714,True,0.0
fiveg_nidd,2,7,s343346,white_box,0.8888888888888888,True,0.0
fiveg_nidd,2,7,s343346,cross_seed,0.5714285714285714,True,0.0
fiveg_nidd,2,7,s343346,cross_arch,0.33333333333333337,True,0.0
fiveg_nidd,2,7,s307058,white_box,0.75,True,0.0
fiveg_nidd,2,7,s307058,cross_seed,0.8888888888888888,False,0.0
fiveg_nidd,2,7,s307058,cross_arch,0.75,False,0.0
fiveg_nidd,2,7,s148815,white_box,0.75,True,0.0
fiveg_nidd,2,7,s148815,cross_seed,0.33333333333333337,True,0.0
fiveg_nidd,2,7,s148815,cross_arch,0.33333333333333337,True,0.0
fiveg_nidd,2,7,s148777,white_box,0.75,True,0.0
fiveg_nidd,2,7,s148777,cross_seed,0.5714285714285714,True,0.0
fiveg_nidd,2,7,s148777,cross_arch,0.75,True,0.0
fiveg_nidd,2,7,s140015,white_box,0.8888888888888888,True,0.0
fiveg_nidd,2,7,s140015,cross_seed,0.33333333333333337,True,0.0
fiveg_nidd,2,7,s140015,cross_arch,0.0,True,0.0
fiveg_nidd,2,7,s302060,white_box,0.75,True,0.0
fiveg_nidd,2,7,s302060,cross_seed,0.5714285714285714,True,0.0
fiveg_nidd,2,7,s302060,cross_arch,0.33333333333333337,True,0.0
fiveg_nidd,2,7,s302679,white_box,0.75,True,0.0
fiveg_nidd,2,7,s302679,cross_seed,0.5714285714285714,True,0.0
fiveg_nidd,2,7,s302679,cross_arch,0.75,True,0.0
fiveg_nidd,2,7,s136394,white_box,0.8888888888888888,True,0.0
fiveg_nidd,2,7,s136394,cross_seed,0.8888888888888888,False,0.0
fiveg_nidd,2,7,s136394,cross_arch,0.75,False,0.0
fiveg_nidd,3,7,s297542,white_box,0.75,True,0.0
fiveg_nidd,3,7,s297542,cross_seed,0.8888888888888888,False,0.0
fiveg_nidd,3,7,s297542,cross_arch,0.5714285714285714,True,0.0
fiveg_nidd,3,7,s300333,white_box,0.5714285714285714,True,0.0
fiveg_nidd,3,7,s300333,cross_seed,0.33333333333333337,True,0.0
fiveg_nidd,3,7,s300333,cross_arch,0.8888888888888888,False,0.0
fiveg_nidd,3,7,s341205,white_box,0.75,True,0.0
fiveg_nidd,3,7,s341205,cross_seed,0.8888888888888888,False,0.0
fiveg_nidd,3,7,s341205,cross_arch,0.33333333333333337,True,0.0
fiveg_nidd,3,7,s159980,white_box,0.75,True,0.0
fiveg_nidd,3,7,s159980,cross_seed,0.5714285714285714,True,0.0
fiveg_nidd,3,7,s159980,cross_arch,0.33333333333333337,True,0.0
fiveg_nidd,3,7,s122408,white_box,0.75,True,0.0
fiveg_nidd,3,7,s122408,cross_seed,0.75,True,0.0
fiveg_nidd,3,7,s122408,cross_arch,0.33333333333333337,True,0.0
fiveg_nidd,3,7,s161002,white_box,0.5714285714285714,True,0.0
fiveg_nidd,3,7,s161002,cross_seed,0.33333333333333337,True,0.0
fiveg_nidd,3,7,s161002,cross_arch,0.5714285714285714,True,0.0
fiveg_nidd,3,7,s322205,white_box,0.75,True,0.0
fiveg_nidd,3,7,s322205,cross_seed,0.5714285714285714,True,0.0
fiveg_nidd,3,7,s322205,cross_arch,0.33333333333333337,True,0.0
fiveg_nidd,3,7,s166729,white_box,0.75,True,0.0
fiveg_nidd,3,7,s166729,cross_seed,0.8888888888888888,False,0.0
fiveg_nidd,3,7,s166729,cross_arch,0.0,True,0.0
fiveg_nidd,3,7,s342985,white_box,0.5714285714285714,True,0.0
fiveg_nidd,3,7,s342985,cross_seed,0.33333333333333337,True,0.0
fiveg_nidd,3,7,s342985,cross_arch,0.8888888888888888,False,0.0
fiveg_nidd,3,7,s323310,white_box,0.75,True,0.0
fiveg_nidd,3,7,s323310,cross_seed,0.75,True,0.0
fiveg_nidd,3,7,s323310,cross_arch,0.33333333333333337,True,0.0
fiveg_nidd,3,7,s123011,white_box,0.5714285714285714,True,0.0
fiveg_nidd,3,7,s123011,cross_seed,0.75,False,0.0
fiveg_nidd,3,7,s123011,cross_arch,0.5714285714285714,True,0.0
fiveg_nidd,3,7,s301338,white_box,0.8888888888888888,True,0.0
fiveg_nidd,3,7,s301338,cross_seed,0.8888888888888888,False,0.0
fiveg_nidd,3,7,s301338,cross_arch,0.5714285714285714,True,0.0
fiveg_nidd,3,7,s336415,white_box,0.75,True,0.0
fiveg_nidd,3,7,s336415,cross_seed,0.5714285714285714,True,0.0
fiveg_nidd,3,7,s336415,cross_arch,0.75,True,0.0
fiveg_nidd,3,7,s119990,white_box,0.5714285714285714,True,0.0
fiveg_nidd,3,7,s119990,cross_seed,0.75,False,0.0
fiveg_nidd,3,7,s119990,cross_arch,0.33333333333333337,True,0.0
fiveg_nidd,3,7,s164055,white_box,0.5714285714285714,True,0.0
fiveg_nidd,3,7,s164055,cross_seed,0.75,True,0.0
fiveg_nidd,3,7,s164055,cross_arch,0.5714285714285714,True,0.0
fiveg_nidd,3,7,s166547,white_box,0.75,True,0.0
fiveg_nidd,3,7,s166547,cross_seed,0.5714285714285714,True,0.0
fiveg_nidd,3,7,s166547,cross_arch,0.5714285714285714,True,0.0
fiveg_nidd,3,7,s119458,white_box,0.75,True,0.0
fiveg_nidd,3,7,s119458,cross_seed,0.75,True,0.0
fiveg_nidd,3,7,s119458,cross_arch,0.33333333333333337,True,0.0
fiveg_nidd,3,7,s322593,white_box,0.8888888888888888,True,0.0
fiveg_nidd,3,7,s322593,cross_seed,0.75,True,0.0
fiveg_nidd,3,7,s322593,cross_arch,0.33333333333333337,True,0.0
fiveg_nidd,3,7,s119310,white_box,0.75,True,0.0
fiveg_nidd,3,7,s119310,cross_seed,1.0,False,0.0
fiveg_nidd,3,7,s119310,cross_arch,0.5714285714285714,True,0.0
fiveg_nidd,3,7,s160923,white_box,0.5714285714285714,True,0.0
fiveg_nidd,3,7,s160923,cross_seed,0.75,True,0.0
fiveg_nidd,3,7,s160923,cross_arch,0.33333333333333337,True,0.0
fiveg_nidd,3,7,s167345,white_box,0.75,True,0.0
fiveg_nidd,3,7,s167345,cross_seed,0.5714285714285714,True,0.0
fiveg_nidd,3,7,s167345,cross_arch,0.8888888888888888,False,0.0
fiveg_nidd,3,7,s118549,white_box,0.8888888888888888,True,0.0
fiveg_nidd,3,7,s118549,cross_seed,0.75,True,0.0
fiveg_nidd,3,7,s118549,cross_arch,0.0,True,0.0
fiveg_nidd,3,7,s165005,white_box,0.5714285714285714,True,0.0
fiveg_nidd,3,7,s165005,cross_seed,0.75,True,0.0
fiveg_nidd,3,7,s165005,cross_arch,0.33333333333333337,True,0.0
fiveg_nidd,3,7,s166819,white_box,0.75,True,0.0
fiveg_nidd,3,7,s166819,cross_seed,0.5714285714285714,True,0.0
fiveg_nidd,3,7,s166819,cross_arch,0.75,True,0.0
fiveg_nidd,3,7,s336509,white_box,0.75,True,0.0
fiveg_nidd,3,7,s336509,cross_seed,0.75,True,0.0
fiveg_nidd,3,7,s336509,cross_arch,0.0,True,0.0
fiveg_nidd,3,7,s322163,white_box,0.75,True,0.0
fiveg_nidd,3,7,s322163,cross_seed,0.5714285714285714,True,0.0
fiveg_nidd,3,7,s322163,cross_arch,0.33333333333333337,True,0.0
fiveg_nidd,3,7,s165945,white_box,0.75,True,0.0
fiveg_nidd,3,7,s165945,cross_seed,0.5714285714285714,True,0.0
fiveg_nidd,3,7,s165945,cross_arch,0.33333333333333337,True,0.0
fiveg_nidd,3,7,s118345,white_box,0.75,True,0.0
fiveg_nidd,3,7,s118345,cross_seed,0.75,True,0.0
fiveg_nidd,3,7,s118345,cross_arch,0.33333333333333337,True,0.0
fiveg_nidd,3,7,s322748,white_box,0.75,True,0.0
fiveg_nidd,3,7,s322748,cross_seed,0.75,True,0.0
fiveg_nidd,3,7,s322748,cross_arch,0.8888888888888888,False,0.0
fiveg_nidd,3,7,s335435,white_box,0.75,True,0.0
fiveg_nidd,3,7,s335435,cross_seed,0.75,True,0.0
fiveg_nidd,3,7,s335435,cross_arch,0.5714285714285714,True,0.0
fiveg_nidd,3,7,s335590,white_box,0.75,True,0.0
fiveg_nidd,3,7,s335590,cross_seed,0.33333333333333337,True,0.0
fiveg_nidd,3,7,s335590,cross_arch,0.5714285714285714,True,0.0
fiveg_nidd,3,7,s119475,white_box,0.75,True,0.0
fiveg_nidd,3,7,s119475,cross_seed,0.5714285714285714,True,0.0
fiveg_nidd,3,7,s119475,cross_arch,0.8888888888888888,True,0.0
fiveg_nidd,3,7,s160922,white_box,0.75,True,0.0
fiveg_nidd,3,7,s160922,cross_seed,0.8888888888888888,False,0.0
fiveg_nidd,3,7,s160922,cross_arch,0.33333333333333337,True,0.0
fiveg_nidd,3,7,s301094,white_box,0.75,True,0.0
fiveg_nidd,3,7,s301094,cross_seed,0.8888888888888888,False,0.0
fiveg_nidd,3,7,s301094,cross_arch,0.75,True,0.0
fiveg_nidd,3,7,s342513,white_box,0.75,True,0.0
fiveg_nidd,3,7,s342513,cross_seed,0.8888888888888888,False,0.0
fiveg_nidd,3,7,s342513,cross_arch,0.33333333333333337,True,0.0
fiveg_nidd,3,7,s301524,white_box,0.75,True,0.0
fiveg_nidd,3,7,s301524,cross_seed,0.75,True,0.0
fiveg_nidd,3,7,s301524,cross_arch,0.8888888888888888,False,0.0
fiveg_nidd,3,7,s303173,white_box,0.75,True,0.0
fiveg_nidd,3,7,s303173,cross_seed,0.8888888888888888,True,0.0
fiveg_nidd,3,7,s303173,cross_arch,0.33333333333333337,True,0.0
fiveg_nidd,3,7,s300933,white_box,0.75,True,0.0
fiveg_nidd,3,7,s300933,cross_seed,0.8888888888888888,False,0.0
fiveg_nidd,3,7,s300933,cross_arch,0.33333333333333337,True,0.0
fiveg_nidd,3,7,s301772,white_box,0.75,True,0.0
fiveg_nidd,3,7,s301772,cross_seed,0.75,False,0.0
fiveg_nidd,3,7,s301772,cross_arch,0.75,True,0.0
fiveg_nidd,3,7,s336851,white_box,0.5714285714285714,True,0.0
fiveg_nidd,3,7,s336851,cross_seed,0.75,True,0.0
fiveg_nidd,3,7,s336851,cross_arch,0.5714285714285714,True,0.0
fiveg_nidd,4,7,s314907,white_box,0.75,True,0.0
fiveg_nidd,4,7,s314907,cross_seed,0.5714285714285714,True,0.0
fiveg_nidd,4,7,s314907,cross_arch,0.8888888888888888,False,0.0
fiveg_nidd,4,7,s157308,white_box,0.75,True,0.0
fiveg_nidd,4,7,s157308,cross_seed,0.8888888888888888,False,0.0
fiveg_nidd,4,7,s157308,cross_arch,0.33333333333333337,True,0.0
fiveg_nidd,4,7,s313782,white_box,0.8888888888888888,True,0.0
fiveg_nidd,4,7,s313782,cross_seed,0.33333333333333337,True,0.0
fiveg_nidd,4,7,s313782,cross_arch,0.75,False,0.0
fiveg_nidd,4,7,s142766,white_box,0.8888888888888888,True,0.0
fiveg_nidd,4,7,s142766,cross_seed,0.75,True,0.0
fiveg_nidd,4,7,s142766,cross_arch,0.0,True,0.0
fiveg_nidd,4,7,s315122,white_box,0.8888888888888888,True,0.0
fiveg_nidd,4,7,s315122,cross_seed,0.5714285714285714,True,0.0
fiveg_nidd,4,7,s315122,cross_arch,0.8888888888888888,False,0.0
fiveg_nidd,4,7,s142712,white_box,0.8888888888888888,True,0.0
fiveg_nidd,4,7,s142712,cross_seed,0.5714285714285714,True,0.0
fiveg_nidd,4,7,s142712,cross_arch,1.0,False,0.0
fiveg_nidd,4,7,s311174,white_box,0.75,True,0.0
fiveg_nidd,4,7,s311174,cross_seed,0.75,True,0.0
fiveg_nidd,4,7,s311174,cross_arch,0.8888888888888888,False,0.0
fiveg_nidd,4,7,s293200,white_box,0.75,True,0.0
fiveg_nidd,4,7,s293200,cross_seed,0.33333333333333337,True,0.0
fiveg_nidd,4,7,s293200,cross_arch,0.0,True,0.0
fiveg_nidd,4,7,s296565,white_box,0.8888888888888888,True,0.0
fiveg_nidd,4,7,s296565,cross_seed,0.8888888888888888,True,0.0
fiveg_nidd,4,7,s296565,cross_arch,0.75,True,0.0
fiveg_nidd,4,7,s343485,white_box,0.8888888888888888,True,0.0
fiveg_nidd,4,7,s343485,cross_seed,0.8888888888888888,True,0.0
fiveg_nidd,4,7,s343485,cross_arch,0.8888888888888888,False,0.0
fiveg_nidd,4,7,s309765,white_box,0.8888888888888888,True,0.0
fiveg_nidd,4,7,s309765,cross_seed,0.5714285714285714,True,0.0
fiveg_nidd,4,7,s309765,cross_arch,0.5714285714285714,False,0.0
fiveg_nidd,4,7,s293385,white_box,0.8888888888888888,True,0.0
fiveg_nidd,4,7,s293385,cross_seed,0.75,True,0.0
fiveg_nidd,4,7,s293385,cross_arch,0.5714285714285714,True,0.0
fiveg_nidd,4,7,s309697,white_box,0.75,True,0.0
fiveg_nidd,4,7,s309697,cross_seed,0.33333333333333337,True,0.0
fiveg_nidd,4,7,s309697,cross_arch,1.0,False,0.0
fiveg_nidd,4,7,s331613,white_box,0.75,True,0.0
fiveg_nidd,4,7,s331613,cross_seed,0.5714285714285714,True,0.0
fiveg_nidd,4,7,s331613,cross_arch,0.33333333333333337,True,0.0
fiveg_nidd,4,7,s119473,white_box,0.75,True,0.0
fiveg_nidd,4,7,s119473,cross_seed,0.75,True,0.0
fiveg_nidd,4,7,s119473,cross_arch,0.8888888888888888,False,0.0
fiveg_nidd,4,7,s315214,white_box,0.8888888888888888,True,0.0
fiveg_nidd,4,7,s315214,cross_seed,1.0,False,0.0
fiveg_nidd,4,7,s315214,cross_arch,0.5714285714285714,True,0.0
fiveg_nidd,4,7,s325785,white_box,0.8888888888888888,True,0.0
fiveg_nidd,4,7,s325785,cross_seed,0.75,True,0.0
fiveg_nidd,4,7,s325785,cross_arch,0.33333333333333337,True,0.0
fiveg_nidd,4,7,s296087,white_box,0.8888888888888888,True,0.0
fiveg_nidd,4,7,s296087,cross_seed,0.5714285714285714,True,0.0
fiveg_nidd,4,7,s296087,cross_arch,0.33333333333333337,True,0.0
fiveg_nidd,4,7,s296022,white_box,0.8888888888888888,True,0.0
fiveg_nidd,4,7,s296022,cross_seed,0.8888888888888888,True,0.0
fiveg_nidd,4,7,s296022,cross_arch,0.75,True,0.0
fiveg_nidd,4,7,s157201,white_box,0.8888888888888888,True,0.0
fiveg_nidd,4,7,s157201,cross_seed,0.5714285714285714,True,0.0
fiveg_nidd,4,7,s157201,cross_arch,0.5714285714285714,True,0.0
fiveg_nidd,4,7,s143329,white_box,0.75,True,0.0
fiveg_nidd,4,7,s143329,cross_seed,0.75,True,0.0
fiveg_nidd,4,7,s143329,cross_arch,0.5714285714285714,True,0.0
fiveg_nidd,4,7,s314931,white_box,0.8888888888888888,True,0.0
fiveg_nidd,4,7,s314931,cross_seed,0.75,True,0.0
fiveg_nidd,4,7,s314931,cross_arch,0.75,False,0.0
fiveg_nidd,4,7,s314226,white_box,0.75,True,0.0
fiveg_nidd,4,7,s314226,cross_seed,0.75,True,0.0
fiveg_nidd,4,7,s314226,cross_arch,1.0,False,0.0
fiveg_nidd,4,7,s333165,white_box,0.8888888888888888,True,0.0
fiveg_nidd,4,7,s333165,cross_seed,0.8888888888888888,False,0.0
fiveg_nidd,4,7,s333165,cross_arch,0.33333333333333337,True,0.0
fiveg_nidd,4,7,s156650,white_box,0.75,True,0.0
fiveg_nidd,4,7,s156650,cross_seed,1.0,False,0.0
fiveg_nidd,4,7,s156650,cross_arch,0.0,True,0.0
fiveg_nidd,4,7,s155825,white_box,0.8888888888888888,True,0.0
fiveg_nidd,4,7,s155825,cross_seed,0.75,False,0.0
fiveg_nidd,4,7,s155825,cross_arch,0.33333333333333337,True,0.0
fiveg_nidd,4,7,s311036,white_box,0.8888888888888888,True,0.0
fiveg_nidd,4,7,s311036,cross_seed,0.75,True,0.0
fiveg_nidd,4,7,s311036,cross_arch,0.8888888888888888,False,0.0
fiveg_nidd,4,7,s292027,white_box,0.75,True,0.0
fiveg_nidd,4,7,s292027,cross_seed,0.33333333333333337,True,0.0
fiveg_nidd,4,7,s292027,cross_arch,0.0,True,0.0
fiveg_nidd,4,7,s332855,white_box,0.8888888888888888,True,0.0
fiveg_nidd,4,7,s332855,cross_seed,0.75,True,0.0
fiveg_nidd,4,7,s332855,cross_arch,0.33333333333333337,True,0.0
fiveg_nidd,4,7,s325902,white_box,0.8888888888888888,True,0.0
fiveg_nidd,4,7,s325902,cross_seed,0.5714285714285714,True,0.0
fiveg_nidd,4,7,s325902,cross_arch,0.75,False,0.0
fiveg_nidd,4,7,s120107,white_box,0.75,True,0.0
fiveg_nidd,4,7,s120107,cross_seed,0.5714285714285714,True,0.0
fiveg_nidd,4,7,s120107,cross_arch,0.8888888888888888,False,0.0
fiveg_nidd,4,7,s113800,white_box,0.8888888888888888,True,0.0
fiveg_nidd,4,7,s113800,cross_seed,0.8888888888888888,True,0.0
fiveg_nidd,4,7,s113800,cross_arch,0.5714285714285714,True,0.0
fiveg_nidd,4,7,s343871,white_box,0.8888888888888888,True,0.0
fiveg_nidd,4,7,s343871,cross_seed,0.75,True,0.0
fiveg_nidd,4,7,s343871,cross_arch,0.33333333333333337,True,0.0
fiveg_nidd,4,7,s326160,white_box,0.8888888888888888,True,0.0
fiveg_nidd,4,7,s326160,cross_seed,0.75,True,0.0
fiveg_nidd,4,7,s326160,cross_arch,0.33333333333333337,True,0.0
fiveg_nidd,4,7,s310788,white_box,0.8888888888888888,True,0.0
fiveg_nidd,4,7,s310788,cross_seed,0.8888888888888888,True,0.0
fiveg_nidd,4,7,s310788,cross_arch,0.8888888888888888,False,0.0
fiveg_nidd,4,7,s332639,white_box,0.8888888888888888,True,0.0
fiveg_nidd,4,7,s332639,cross_seed,0.5714285714285714,True,0.0
fiveg_nidd,4,7,s332639,cross_arch,0.8888888888888888,False,0.0
fiveg_nidd,4,7,s297012,white_box,0.8888888888888888,True,0.0
fiveg_nidd,4,7,s297012,cross_seed,0.33333333333333337,True,0.0
fiveg_nidd,4,7,s297012,cross_arch,0.8888888888888888,False,0.0
fiveg_nidd,4,7,s296125,white_box,0.75,True,0.0
fiveg_nidd,4,7,s296125,cross_seed,0.75,True,0.0
fiveg_nidd,4,7,s296125,cross_arch,0.33333333333333337,True,0.0
fiveg_nidd,4,7,s309608,white_box,0.75,True,0.0
fiveg_nidd,4,7,s309608,cross_seed,0.5714285714285714,True,0.0
fiveg_nidd,4,7,s309608,cross_arch,0.75,False,0.0
fiveg_nidd,4,7,s118728,white_box,0.8888888888888888,True,0.0
fiveg_nidd,4,7,s118728,cross_seed,0.75,True,0.0
fiveg_nidd,4,7,s118728,cross_arch,0.0,True,0.0
ciciot2023,0,4,s1364024,white_box,0.75,True,0.0
ciciot2023,0,4,s1364024,cross_seed,0.5714285714285714,False,0.0
ciciot2023,0,4,s1364024,cross_arch,0.0,True,0.0
ciciot2023,0,4,s555578,white_box,0.5714285714285714,True,0.0
ciciot2023,0,4,s555578,cross_seed,0.75,False,0.0
ciciot2023,0,4,s555578,cross_arch,0.5714285714285714,False,0.0
ciciot2023,0,4,s466134,white_box,0.75,True,0.0
ciciot2023,0,4,s466134,cross_seed,0.5714285714285714,False,0.0
ciciot2023,0,4,s466134,cross_arch,0.5714285714285714,False,0.0
ciciot2023,0,4,s1273515,white_box,0.75,True,0.0
ciciot2023,0,4,s1273515,cross_seed,0.75,True,0.0
ciciot2023,0,4,s1273515,cross_arch,0.33333333333333337,True,0.0
ciciot2023,0,4,s1296432,white_box,0.5714285714285714,True,0.0
ciciot2023,0,4,s1296432,cross_seed,0.33333333333333337,False,0.0
ciciot2023,0,4,s1296432,cross_arch,0.0,True,0.0
ciciot2023,0,4,s322820,white_box,0.75,True,0.0
ciciot2023,0,4,s322820,cross_seed,0.75,True,0.0
ciciot2023,0,4,s322820,cross_arch,0.0,True,0.0
ciciot2023,0,4,s299528,white_box,0.75,True,0.0
ciciot2023,0,4,s299528,cross_seed,0.75,True,0.0
ciciot2023,0,4,s299528,cross_arch,0.33333333333333337,True,0.0
ciciot2023,0,4,s1460472,white_box,0.75,True,0.0
ciciot2023,0,4,s1460472,cross_seed,0.75,False,0.0
ciciot2023,0,4,s1460472,cross_arch,0.5714285714285714,False,0.0
ciciot2023,0,4,s1523817,white_box,0.75,True,0.0
ciciot2023,0,4,s1523817,cross_seed,0.5714285714285714,False,0.0
ciciot2023,0,4,s1523817,cross_arch,0.0,True,0.0
ciciot2023,0,4,s451689,white_box,0.75,True,0.0
ciciot2023,0,4,s451689,cross_seed,0.75,False,0.0
ciciot2023,0,4,s451689,cross_arch,0.33333333333333337,True,0.0
ciciot2023,0,4,s187581,white_box,0.5714285714285714,True,0.0
ciciot2023,0,4,s187581,cross_seed,0.5714285714285714,False,0.0
ciciot2023,0,4,s187581,cross_arch,0.0,True,0.0
ciciot2023,0,4,s1090364,white_box,0.75,True,0.0
ciciot2023,0,4,s1090364,cross_seed,0.5714285714285714,True,0.0
ciciot2023,0,4,s1090364,cross_arch,0.33333333333333337,True,0.0
ciciot2023,0,4,s693375,white_box,0.75,True,0.0
ciciot2023,0,4,s693375,cross_seed,0.33333333333333337,False,0.0
ciciot2023,0,4,s693375,cross_arch,0.0,True,0.0
ciciot2023,0,4,s75779,white_box,0.75,True,0.0
ciciot2023,0,4,s75779,cross_seed,0.75,False,0.0
ciciot2023,0,4,s75779,cross_arch,0.33333333333333337,True,0.0
ciciot2023,0,4,s1084803,white_box,0.75,True,0.0
ciciot2023,0,4,s1084803,cross_seed,0.75,True,0.0
ciciot2023,0,4,s1084803,cross_arch,0.5714285714285714,False,0.0
ciciot2023,0,4,s2459,white_box,0.75,True,0.0
ciciot2023,0,4,s2459,cross_seed,0.75,False,0.0
ciciot2023,0,4,s2459,cross_arch,0.33333333333333337,True,0.0
ciciot2023,0,4,s938582,white_box,0.5714285714285714,True,0.0
ciciot2023,0,4,s938582,cross_seed,0.5714285714285714,False,0.0
ciciot2023,0,4,s938582,cross_arch,0.33333333333333337,True,0.0
ciciot2023,0,4,s638771,white_box,0.75,True,0.0
ciciot2023,0,4,s638771,cross_seed,0.5714285714285714,False,0.0
ciciot2023,0,4,s638771,cross_arch,0.0,True,0.0
ciciot2023,0,4,s948056,white_box,0.75,True,0.0
ciciot2023,0,4,s948056,cross_seed,0.8888888888888888,False,0.0
ciciot2023,0,4,s948056,cross_arch,0.33333333333333337,True,0.0
ciciot2023,0,4,s143194,white_box,0.5714285714285714,True,0.0
ciciot2023,0,4,s143194,cross_seed,0.5714285714285714,True,0.0
ciciot2023,0,4,s143194,cross_arch,0.33333333333333337,True,0.0
ciciot2023,0,4,s756208,white_box,0.75,True,0.0
ciciot2023,0,4,s756208,cross_seed,0.33333333333333337,True,0.0
ciciot2023,0,4,s756208,cross_arch,0.5714285714285714,True,0.0
ciciot2023,0,4,s1195641,white_box,0.75,True,0.0
ciciot2023,0,4,s1195641,cross_seed,0.75,False,0.0
ciciot2023,0,4,s1195641,cross_arch,0.0,True,0.0
ciciot2023,0,4,s1366649,white_box,0.75,True,0.0
ciciot2023,0,4,s1366649,cross_seed,0.8888888888888888,False,0.0
ciciot2023,0,4,s1366649,cross_arch,0.0,True,0.0
ciciot2023,0,4,s1530068,white_box,0.5714285714285714,True,0.0
ciciot2023,0,4,s1530068,cross_seed,0.75,True,0.0
ciciot2023,0,4,s1530068,cross_arch,0.33333333333333337,True,0.0
ciciot2023,0,4,s874939,white_box,0.0,True,0.0
ciciot2023,0,4,s874939,cross_seed,0.0,True,0.0
ciciot2023,0,4,s874939,cross_arch,0.0,True,0.0
ciciot2023,0,4,s1052836,white_box,0.75,True,0.0
ciciot2023,0,4,s1052836,cross_seed,0.5714285714285714,True,0.0
ciciot2023,0,4,s1052836,cross_arch,0.0,True,0.0
ciciot2023,0,4,s784520,white_box,0.75,True,0.0
ciciot2023,0,4,s784520,cross_seed,0.33333333333333337,False,0.0
ciciot2023,0,4,s784520,cross_arch,0.0,True,0.0
ciciot2023,0,4,s1306593,white_box,0.75,True,0.0
ciciot2023,0,4,s1306593,cross_seed,0.5714285714285714,False,0.0
ciciot2023,0,4,s1306593,cross_arch,0.0,True,0.0
ciciot2023,0,4,s261832,white_box,0.75,True,0.0
ciciot2023,0,4,s261832,cross_seed,0.5714285714285714,True,0.0
ciciot2023,0,4,s261832,cross_arch,0.0,True,0.0
ciciot2023,0,4,s1079126,white_box,0.75,True,0.0
ciciot2023,0,4,s1079126,cross_seed,0.5714285714285714,False,0.0
ciciot2023,0,4,s1079126,cross_arch,0.0,True,0.0
ciciot2023,0,4,s577120,white_box,0.75,True,0.0
ciciot2023,0,4,s577120,cross_seed,0.75,True,0.0
ciciot2023,0,4,s577120,cross_arch,0.33333333333333337,True,0.0
ciciot2023,0,4,s31108,white_box,0.75,True,0.0
ciciot2023,0,4,s31108,cross_seed,0.75,False,0.0
ciciot2023,0,4,s31108,cross_arch,0.0,True,0.0
ciciot2023,0,4,s1175289,white_box,0.75,True,0.0
ciciot2023,0,4,s1175289,cross_seed,0.5714285714285714,True,0.0
ciciot2023,0,4,s1175289,cross_arch,0.0,True,0.0
ciciot2023,0,4,s1272698,white_box,0.75,True,0.0
ciciot2023,0,4,s1272698,cross_seed,0.33333333333333337,False,0.0
ciciot2023,0,4,s1272698,cross_arch,0.0,True,0.0
ciciot2023,0,4,s359157,white_box,0.75,True,0.0
ciciot2023,0,4,s359157,cross_seed,0.33333333333333337,False,0.0
ciciot2023,0,4,s359157,cross_arch,0.33333333333333337,True,0.0
ciciot2023,0,4,s649265,white_box,0.75,True,0.0
ciciot2023,0,4,s649265,cross_seed,0.5714285714285714,True,0.0
ciciot2023,0,4,s649265,cross_arch,0.0,True,0.0
ciciot2023,0,4,s964556,white_box,0.75,True,0.0
ciciot2023,0,4,s964556,cross_seed,0.5714285714285714,True,0.0
ciciot2023,0,4,s964556,cross_arch,0.5714285714285714,False,0.0
ciciot2023,0,4,s1033084,white_box,0.75,True,0.0
ciciot2023,0,4,s1033084,cross_seed,0.75,True,0.0
ciciot2023,0,4,s1033084,cross_arch,0.0,True,0.0
ciciot2023,0,4,s307568,white_box,0.5714285714285714,True,0.0
ciciot2023,0,4,s307568,cross_seed,0.0,False,0.0
ciciot2023,0,4,s307568,cross_arch,0.33333333333333337,True,0.0
ciciot2023,0,4,s638467,white_box,0.5714285714285714,True,0.0
ciciot2023,0,4,s638467,cross_seed,0.5714285714285714,False,0.0
ciciot2023,0,4,s638467,cross_arch,0.5714285714285714,False,0.0
ciciot2023,1,4,s33275,white_box,0.75,True,0.0
ciciot2023,1,4,s33275,cross_seed,0.5714285714285714,False,0.0
ciciot2023,1,4,s33275,cross_arch,0.5714285714285714,True,0.0
ciciot2023,1,4,s1062961,white_box,0.8888888888888888,True,0.0
ciciot2023,1,4,s1062961,cross_seed,0.5714285714285714,True,0.0
ciciot2023,1,4,s1062961,cross_arch,0.33333333333333337,True,0.0
ciciot2023,1,4,s320232,white_box,0.8888888888888888,True,0.0
ciciot2023,1,4,s320232,cross_seed,0.75,True,0.0
ciciot2023,1,4,s320232,cross_arch,0.0,True,0.0
ciciot2023,1,4,s990040,white_box,0.8888888888888888,True,0.0
ciciot2023,1,4,s990040,cross_seed,0.5714285714285714,False,0.0
ciciot2023,1,4,s990040,cross_arch,0.5714285714285714,True,0.0
ciciot2023,1,4,s1090333,white_box,0.8888888888888888,True,0.0
ciciot2023,1,4,s1090333,cross_seed,0.5714285714285714,False,0.0
ciciot2023,1,4,s1090333,cross_arch,0.33333333333333337,True,0.0
ciciot2023,1,4,s875403,white_box,0.75,True,0.0
ciciot2023,1,4,s875403,cross_seed,0.5714285714285714,False,0.0
ciciot2023,1,4,s875403,cross_arch,0.33333333333333337,True,0.0
ciciot2023,1,4,s157510,white_box,0.8888888888888888,True,0.0
ciciot2023,1,4,s157510,cross_seed,0.75,True,0.0
ciciot2023,1,4,s157510,cross_arch,0.5714285714285714,False,0.0
ciciot2023,1,4,s924050,white_box,0.8888888888888888,True,0.0
ciciot2023,1,4,s924050,cross_seed,0.5714285714285714,False,0.0
ciciot2023,1,4,s924050,cross_arch,0.33333333333333337,True,0.0
ciciot2023,1,4,s1489330,white_box,0.75,True,0.0
ciciot2023,1,4,s1489330,cross_seed,0.5714285714285714,False,0.0
ciciot2023,1,4,s1489330,cross_arch,0.33333333333333337,True,0.0
ciciot2023,1,4,s413397,white_box,0.8888888888888888,True,0.0
ciciot2023,1,4,s413397,cross_seed,0.8888888888888888,True,0.0
ciciot2023,1,4,s413397,cross_arch,0.0,True,0.0
ciciot2023,1,4,s570458,white_box,0.8888888888888888,True,0.0
ciciot2023,1,4,s570458,cross_seed,0.8888888888888888,True,0.0
ciciot2023,1,4,s570458,cross_arch,0.0,True,0.0
ciciot2023,1,4,s725848,white_box,0.8888888888888888,True,0.0
ciciot2023,1,4,s725848,cross_seed,0.5714285714285714,True,0.0
ciciot2023,1,4,s725848,cross_arch,0.33333333333333337,True,0.0
ciciot2023,1,4,s1422736,white_box,0.8888888888888888,True,0.0
ciciot2023,1,4,s1422736,cross_seed,0.75,True,0.0
ciciot2023,1,4,s1422736,cross_arch,0.33333333333333337,True,0.0
ciciot2023,1,4,s1574147,white_box,0.75,True,0.0
ciciot2023,1,4,s1574147,cross_seed,0.33333333333333337,False,0.0
ciciot2023,1,4,s1574147,cross_arch,0.0,True,0.0
ciciot2023,1,4,s1172200,white_box,0.8888888888888888,True,0.0
ciciot2023,1,4,s1172200,cross_seed,0.5714285714285714,True,0.0
ciciot2023,1,4,s1172200,cross_arch,0.33333333333333337,True,0.0
ciciot2023,1,4,s862211,white_box,0.8888888888888888,True,0.0
ciciot2023,1,4,s862211,cross_seed,0.75,False,0.0
ciciot2023,1,4,s862211,cross_arch,0.0,True,0.0
ciciot2023,1,4,s991700,white_box,0.8888888888888888,True,0.0
ciciot2023,1,4,s991700,cross_seed,0.5714285714285714,False,0.0
ciciot2023,1,4,s991700,cross_arch,0.0,True,0.0
ciciot2023,1,4,s1178829,white_box,0.8888888888888888,True,0.0
ciciot2023,1,4,s1178829,cross_seed,0.75,True,0.0
ciciot2023,1,4,s1178829,cross_arch,0.33333333333333337,True,0.0
ciciot2023,1,4,s1167509,white_box,0.8888888888888888,True,0.0
ciciot2023,1,4,s1167509,cross_seed,0.75,True,0.0
ciciot2023,1,4,s1167509,cross_arch,0.0,True,0.0
ciciot2023,1,4,s391778,white_box,0.8888888888888888,True,0.0
ciciot2023,1,4,s391778,cross_seed,0.75,True,0.0
ciciot2023,1,4,s391778,cross_arch,0.5714285714285714,True,0.0
ciciot2023,1,4,s350982,white_box,0.8888888888888888,True,0.0
ciciot2023,1,4,s350982,cross_seed,0.75,False,0.0
ciciot2023,1,4,s350982,cross_arch,0.5714285714285714,False,0.0
ciciot2023,1,4,s1217636,white_box,0.8888888888888888,True,0.0
ciciot2023,1,4,s1217636,cross_seed,0.75,True,0.0
ciciot2023,1,4,s1217636,cross_arch,0.33333333333333337,True,0.0
ciciot2023,1,4,s189657,white_box,0.8888888888888888,True,0.0
ciciot2023,1,4,s189657,cross_seed,0.75,True,0.0
ciciot2023,1,4,s189657,cross_arch,0.33333333333333337,True,0.0
ciciot2023,1,4,s1338791,white_box,0.8888888888888888,True,0.0
ciciot2023,1,4,s1338791,cross_seed,0.5714285714285714,True,0.0
ciciot2023,1,4,s1338791,cross_arch,0.0,True,0.0
ciciot2023,1,4,s1459853,white_box,0.8888888888888888,True,0.0
ciciot2023,1,4,s1459853,cross_seed,0.8888888888888888,True,0.0
ciciot2023,1,4,s1459853,cross_arch,0.33333333333333337,True,0.0
ciciot2023,1,4,s998587,white_box,0.8888888888888888,True,0.0
ciciot2023,1,4,s998587,cross_seed,0.33333333333333337,False,0.0
ciciot2023,1,4,s998587,cross_arch,0.33333333333333337,True,0.0
ciciot2023,1,4,s473913,white_box,0.8888888888888888,True,0.0
ciciot2023,1,4,s473913,cross_seed,0.5714285714285714,True,0.0
ciciot2023,1,4,s473913,cross_arch,0.0,True,0.0
ciciot2023,1,4,s772679,white_box,0.8888888888888888,True,0.0
ciciot2023,1,4,s772679,cross_seed,0.75,False,0.0
ciciot2023,1,4,s772679,cross_arch,0.33333333333333337,True,0.0
ciciot2023,1,4,s275290,white_box,0.8888888888888888,True,0.0
ciciot2023,1,4,s275290,cross_seed,0.5714285714285714,False,0.0
ciciot2023,1,4,s275290,cross_arch,0.33333333333333337,True,0.0
ciciot2023,1,4,s1134546,white_box,0.8888888888888888,True,0.0
ciciot2023,1,4,s1134546,cross_seed,0.8888888888888888,True,0.0
ciciot2023,1,4,s1134546,cross_arch,0.0,True,0.0
ciciot2023,1,4,s374597,white_box,0.75,True,0.0
ciciot2023,1,4,s374597,cross_seed,0.75,True,0.0
ciciot2023,1,4,s374597,cross_arch,0.33333333333333337,False,0.0
ciciot2023,1,4,s656635,white_box,0.8888888888888888,True,0.0
ciciot2023,1,4,s656635,cross_seed,0.75,True,0.0
ciciot2023,1,4,s656635,cross_arch,0.0,True,0.0
ciciot2023,1,4,s902542,white_box,0.75,True,0.0
ciciot2023,1,4,s902542,cross_seed,0.75,True,0.0
ciciot2023,1,4,s902542,cross_arch,0.33333333333333337,True,0.0
ciciot2023,1,4,s574230,white_box,0.75,True,0.0
ciciot2023,1,4,s574230,cross_seed,0.0,False,0.0
ciciot2023,1,4,s574230,cross_arch,0.33333333333333337,True,0.0
ciciot2023,1,4,s1231373,white_box,0.8888888888888888,True,0.0
ciciot2023,1,4,s1231373,cross_seed,0.8888888888888888,True,0.0
ciciot2023,1,4,s1231373,cross_arch,0.33333333333333337,True,0.0
ciciot2023,1,4,s780047,white_box,0.8888888888888888,True,0.0
ciciot2023,1,4,s780047,cross_seed,0.5714285714285714,False,0.0
ciciot2023,1,4,s780047,cross_arch,0.0,True,0.0
ciciot2023,1,4,s1229313,white_box,0.8888888888888888,True,0.0
ciciot2023,1,4,s1229313,cross_seed,0.8888888888888888,True,0.0
ciciot2023,1,4,s1229313,cross_arch,0.0,True,0.0
ciciot2023,1,4,s18669,white_box,0.8888888888888888,True,0.0
ciciot2023,1,4,s18669,cross_seed,0.75,True,0.0
ciciot2023,1,4,s18669,cross_arch,0.33333333333333337,True,0.0
ciciot2023,1,4,s271751,white_box,0.75,True,0.0
ciciot2023,1,4,s271751,cross_seed,0.5714285714285714,False,0.0
ciciot2023,1,4,s271751,cross_arch,0.5714285714285714,False,0.0
ciciot2023,1,4,s1128552,white_box,0.8888888888888888,True,0.0
ciciot2023,1,4,s1128552,cross_seed,0.33333333333333337,False,0.0
ciciot2023,1,4,s1128552,cross_arch,0.33333333333333337,True,0.0
ciciot2023,2,4,s1152729,white_box,0.8888888888888888,True,0.0
ciciot2023,2,4,s1152729,cross_seed,0.5714285714285714,False,0.0
ciciot2023,2,4,s1152729,cross_arch,0.5714285714285714,False,0.0
ciciot2023,2,4,s1327792,white_box,0.8888888888888888,True,0.0
ciciot2023,2,4,s1327792,cross_seed,0.5714285714285714,False,0.0
ciciot2023,2,4,s1327792,cross_arch,0.5714285714285714,True,0.0
ciciot2023,2,4,s1307668,white_box,0.8888888888888888,True,0.0
ciciot2023,2,4,s1307668,cross_seed,0.5714285714285714,True,0.0
ciciot2023,2,4,s1307668,cross_arch,0.0,True,0.0
ciciot2023,2,4,s380171,white_box,0.75,True,0.0
ciciot2023,2,4,s380171,cross_seed,0.33333333333333337,False,0.0
ciciot2023,2,4,s380171,cross_arch,0.0,True,0.0
ciciot2023,2,4,s701751,white_box,0.8888888888888888,True,0.0
ciciot2023,2,4,s701751,cross_seed,0.5714285714285714,True,0.0
ciciot2023,2,4,s701751,cross_arch,0.0,True,0.0
ciciot2023,2,4,s1455321,white_box,0.8888888888888888,True,0.0
ciciot2023,2,4,s1455321,cross_seed,0.5714285714285714,False,0.0
ciciot2023,2,4,s1455321,cross_arch,0.33333333333333337,True,0.0
ciciot2023,2,4,s1371094,white_box,0.8888888888888888,True,0.0
ciciot2023,2,4,s1371094,cross_seed,0.5714285714285714,False,0.0
ciciot2023,2,4,s1371094,cross_arch,0.33333333333333337,True,0.0
ciciot2023,2,4,s819482,white_box,0.8888888888888888,True,0.0
ciciot2023,2,4,s819482,cross_seed,0.33333333333333337,False,0.0
ciciot2023,2,4,s819482,cross_arch,0.0,True,0.0
ciciot2023,2,4,s451560,white_box,0.8888888888888888,True,0.0
ciciot2023,2,4,s451560,cross_seed,0.75,True,0.0
ciciot2023,2,4,s451560,cross_arch,0.5714285714285714,True,0.0
ciciot2023,2,4,s1541671,white_box,0.8888888888888888,True,0.0
ciciot2023,2,4,s1541671,cross_seed,0.75,False,0.0
ciciot2023,2,4,s1541671,cross_arch,0.33333333333333337,False,0.0
ciciot2023,2,4,s244838,white_box,0.8888888888888888,True,0.0
ciciot2023,2,4,s244838,cross_seed,0.33333333333333337,False,0.0
ciciot2023,2,4,s244838,cross_arch,0.0,False,0.0
ciciot2023,2,4,s1483973,white_box,0.8888888888888888,True,0.0
ciciot2023,2,4,s1483973,cross_seed,0.75,True,0.0
ciciot2023,2,4,s1483973,cross_arch,0.33333333333333337,False,0.0
ciciot2023,2,4,s945504,white_box,0.8888888888888888,True,0.0
ciciot2023,2,4,s945504,cross_seed,0.75,False,0.0
ciciot2023,2,4,s945504,cross_arch,0.0,True,0.0
ciciot2023,2,4,s1463678,white_box,0.8888888888888888,True,0.0
ciciot2023,2,4,s1463678,cross_seed,0.5714285714285714,False,0.0
ciciot2023,2,4,s1463678,cross_arch,0.33333333333333337,True,0.0
ciciot2023,2,4,s1345905,white_box,0.75,True,0.0
ciciot2023,2,4,s1345905,cross_seed,0.5714285714285714,False,0.0
ciciot2023,2,4,s1345905,cross_arch,0.0,True,0.0
ciciot2023,2,4,s115604,white_box,0.8888888888888888,True,0.0
ciciot2023,2,4,s115604,cross_seed,0.0,False,0.0
ciciot2023,2,4,s115604,cross_arch,0.75,False,0.0
ciciot2023,2,4,s1354672,white_box,0.8888888888888888,True,0.0
ciciot2023,2,4,s1354672,cross_seed,0.75,False,0.0
ciciot2023,2,4,s1354672,cross_arch,0.33333333333333337,False,0.0
ciciot2023,2,4,s1480360,white_box,1.0,True,0.0
ciciot2023,2,4,s1480360,cross_seed,0.8888888888888888,True,0.0
ciciot2023,2,4,s1480360,cross_arch,0.0,True,0.0
ciciot2023,2,4,s1034096,white_box,0.8888888888888888,True,0.0
ciciot2023,2,4,s1034096,cross_seed,0.75,True,0.0
ciciot2023,2,4,s1034096,cross_arch,0.5714285714285714,False,0.0
ciciot2023,2,4,s409980,white_box,0.8888888888888888,True,0.0
ciciot2023,2,4,s409980,cross_seed,0.75,True,0.0
ciciot2023,2,4,s409980,cross_arch,0.33333333333333337,False,0.0
ciciot2023,2,4,s1586246,white_box,0.8888888888888888,True,0.0
ciciot2023,2,4,s1586246,cross_seed,0.75,True,0.0
ciciot2023,2,4,s1586246,cross_arch,0.33333333333333337,True,0.0
ciciot2023,2,4,s1377222,white_box,0.8888888888888888,True,0.0
ciciot2023,2,4,s1377222,cross_seed,0.5714285714285714,True,0.0
ciciot2023,2,4,s1377222,cross_arch,0.33333333333333337,True,0.0
ciciot2023,2,4,s1176393,white_box,0.8888888888888888,True,0.0
ciciot2023,2,4,s1176393,cross_seed,0.5714285714285714,True,0.0
ciciot2023,2,4,s1176393,cross_arch,0.33333333333333337,True,0.0
ciciot2023,2,4,s1234700,white_box,0.8888888888888888,True,0.0
ciciot2023,2,4,s1234700,cross_seed,0.8888888888888888,False,0.0
ciciot2023,2,4,s1234700,cross_arch,0.33333333333333337,True,0.0
ciciot2023,2,4,s735912,white_box,0.8888888888888888,True,0.0
ciciot2023,2,4,s735912,cross_seed,0.5714285714285714,True,0.0
ciciot2023,2,4,s735912,cross_arch,0.5714285714285714,False,0.0
ciciot2023,2,4,s1543713,white_box,0.8888888888888888,True,0.0
ciciot2023,2,4,s1543713,cross_seed,0.8888888888888888,True,0.0
ciciot2023,2,4,s1543713,cross_arch,0.5714285714285714,True,0.0
ciciot2023,2,4,s976151,white_box,0.8888888888888888,True,0.0
ciciot2023,2,4,s976151,cross_seed,0.75,False,0.0
ciciot2023,2,4,s976151,cross_arch,0.33333333333333337,False,0.0
ciciot2023,2,4,s981096,white_box,0.8888888888888888,True,0.0
ciciot2023,2,4,s981096,cross_seed,0.5714285714285714,True,0.0
ciciot2023,2,4,s981096,cross_arch,0.33333333333333337,True,0.0
ciciot2023,2,4,s521938,white_box,0.8888888888888888,True,0.0
ciciot2023,2,4,s521938,cross_seed,0.5714285714285714,True,0.0
ciciot2023,2,4,s521938,cross_arch,0.0,True,0.0
ciciot2023,2,4,s1380072,white_box,0.8888888888888888,True,0.0
ciciot2023,2,4,s1380072,cross_seed,0.75,True,0.0
ciciot2023,2,4,s1380072,cross_arch,0.33333333333333337,True,0.0
ciciot2023,2,4,s925653,white_box,0.8888888888888888,True,0.0
ciciot2023,2,4,s925653,cross_seed,0.5714285714285714,False,0.0
ciciot2023,2,4,s925653,cross_arch,0.5714285714285714,True,0.0
ciciot2023,2,4,s825045,white_box,0.8888888888888888,True,0.0
ciciot2023,2,4,s825045,cross_seed,0.5714285714285714,False,0.0
ciciot2023,2,4,s825045,cross_arch,0.0,True,0.0
ciciot2023,2,4,s989611,white_box,0.8888888888888888,True,0.0
ciciot2023,2,4,s989611,cross_seed,0.75,True,0.0
ciciot2023,2,4,s989611,cross_arch,0.33333333333333337,False,0.0
ciciot2023,2,4,s16373,white_box,0.8888888888888888,True,0.0
ciciot2023,2,4,s16373,cross_seed,0.5714285714285714,False,0.0
ciciot2023,2,4,s16373,cross_arch,0.0,True,0.0
ciciot2023,2,4,s15862,white_box,0.8888888888888888,True,0.0
ciciot2023,2,4,s15862,cross_seed,0.33333333333333337,False,0.0
ciciot2023,2,4,s15862,cross_arch,0.33333333333333337,True,0.0
ciciot2023,2,4,s928732,white_box,0.8888888888888888,True,0.0
ciciot2023,2,4,s928732,cross_seed,0.75,True,0.0
ciciot2023,2,4,s928732,cross_arch,0.0,True,0.0
ciciot2023,2,4,s938197,white_box,0.8888888888888888,True,0.0
ciciot2023,2,4,s938197,cross_seed,0.33333333333333337,False,0.0
ciciot2023,2,4,s938197,cross_arch,0.33333333333333337,False,0.0
ciciot2023,2,4,s1585117,white_box,0.75,True,0.0
ciciot2023,2,4,s1585117,cross_seed,0.5714285714285714,True,0.0
ciciot2023,2,4,s1585117,cross_arch,0.75,False,0.0
ciciot2023,2,4,s625695,white_box,0.8888888888888888,True,0.0
ciciot2023,2,4,s625695,cross_seed,0.75,False,0.0
ciciot2023,2,4,s625695,cross_arch,0.5714285714285714,False,0.0
ciciot2023,2,4,s844680,white_box,0.8888888888888888,True,0.0
ciciot2023,2,4,s844680,cross_seed,0.33333333333333337,True,0.0
ciciot2023,2,4,s844680,cross_arch,0.5714285714285714,False,0.0
ciciot2023,3,4,s1425392,white_box,0.8888888888888888,True,0.0
ciciot2023,3,4,s1425392,cross_seed,0.33333333333333337,False,0.0
ciciot2023,3,4,s1425392,cross_arch,0.33333333333333337,True,0.0
ciciot2023,3,4,s952596,white_box,0.8888888888888888,True,0.0
ciciot2023,3,4,s952596,cross_seed,0.75,False,0.0
ciciot2023,3,4,s952596,cross_arch,0.0,True,0.0
ciciot2023,3,4,s235973,white_box,0.8888888888888888,True,0.0
ciciot2023,3,4,s235973,cross_seed,0.5714285714285714,True,0.0
ciciot2023,3,4,s235973,cross_arch,0.33333333333333337,True,0.0
ciciot2023,3,4,s687847,white_box,0.8888888888888888,True,0.0
ciciot2023,3,4,s687847,cross_seed,0.33333333333333337,False,0.0
ciciot2023,3,4,s687847,cross_arch,0.33333333333333337,True,0.0
ciciot2023,3,4,s1118158,white_box,0.8888888888888888,True,0.0
ciciot2023,3,4,s1118158,cross_seed,0.8888888888888888,False,0.0
ciciot2023,3,4,s1118158,cross_arch,0.33333333333333337,False,0.0
ciciot2023,3,4,s1269858,white_box,0.8888888888888888,True,0.0
ciciot2023,3,4,s1269858,cross_seed,0.5714285714285714,True,0.0
ciciot2023,3,4,s1269858,cross_arch,0.5714285714285714,True,0.0
ciciot2023,3,4,s1270261,white_box,0.8888888888888888,True,0.0
ciciot2023,3,4,s1270261,cross_seed,0.5714285714285714,True,0.0
ciciot2023,3,4,s1270261,cross_arch,0.33333333333333337,False,0.0
ciciot2023,3,4,s1323853,white_box,0.8888888888888888,True,0.0
ciciot2023,3,4,s1323853,cross_seed,0.5714285714285714,False,0.0
ciciot2023,3,4,s1323853,cross_arch,0.33333333333333337,True,0.0
ciciot2023,3,4,s949830,white_box,0.8888888888888888,True,0.0
ciciot2023,3,4,s949830,cross_seed,0.5714285714285714,True,0.0
ciciot2023,3,4,s949830,cross_arch,0.5714285714285714,False,0.0
ciciot2023,3,4,s624334,white_box,0.8888888888888888,True,0.0
ciciot2023,3,4,s624334,cross_seed,0.75,True,0.0
ciciot2023,3,4,s624334,cross_arch,0.33333333333333337,True,0.0
ciciot2023,3,4,s1324628,white_box,0.8888888888888888,True,0.0
ciciot2023,3,4,s1324628,cross_seed,0.33333333333333337,True,0.0
ciciot2023,3,4,s1324628,cross_arch,0.0,True,0.0
ciciot2023,3,4,s1001965,white_box,0.8888888888888888,True,0.0
ciciot2023,3,4,s1001965,cross_seed,0.75,True,0.0
ciciot2023,3,4,s1001965,cross_arch,0.5714285714285714,False,0.0
ciciot2023,3,4,s533196,white_box,0.8888888888888888,True,0.0
ciciot2023,3,4,s533196,cross_seed,0.5714285714285714,True,0.0
ciciot2023,3,4,s533196,cross_arch,0.0,True,0.0
ciciot2023,3,4,s39773,white_box,0.8888888888888888,True,0.0
ciciot2023,3,4,s39773,cross_seed,0.5714285714285714,False,0.0
ciciot2023,3,4,s39773,cross_arch,0.33333333333333337,True,0.0
ciciot2023,3,4,s1565486,white_box,0.8888888888888888,True,0.0
ciciot2023,3,4,s1565486,cross_seed,0.33333333333333337,False,0.0
ciciot2023,3,4,s1565486,cross_arch,0.33333333333333337,True,0.0
ciciot2023,3,4,s802229,white_box,0.8888888888888888,True,0.0
ciciot2023,3,4,s802229,cross_seed,0.33333333333333337,False,0.0
ciciot2023,3,4,s802229,cross_arch,0.0,True,0.0
ciciot2023,3,4,s529303,white_box,0.8888888888888888,True,0.0
ciciot2023,3,4,s529303,cross_seed,0.5714285714285714,False,0.0
ciciot2023,3,4,s529303,cross_arch,0.33333333333333337,True,0.0
ciciot2023,3,4,s1074294,white_box,0.8888888888888888,True,0.0
ciciot2023,3,4,s1074294,cross_seed,0.5714285714285714,False,0.0
ciciot2023,3,4,s1074294,cross_arch,0.33333333333333337,True,0.0
ciciot2023,3,4,s419308,white_box,0.8888888888888888,True,0.0
ciciot2023,3,4,s419308,cross_seed,0.75,False,0.0
ciciot2023,3,4,s419308,cross_arch,0.0,True,0.0
ciciot2023,3,4,s785697,white_box,0.8888888888888888,True,0.0
ciciot2023,3,4,s785697,cross_seed,0.5714285714285714,False,0.0
ciciot2023,3,4,s785697,cross_arch,0.0,True,0.0
ciciot2023,3,4,s1268402,white_box,0.8888888888888888,True,0.0
ciciot2023,3,4,s1268402,cross_seed,0.0,True,0.0
ciciot2023,3,4,s1268402,cross_arch,0.0,True,0.0
ciciot2023,3,4,s133779,white_box,0.8888888888888888,True,0.0
ciciot2023,3,4,s133779,cross_seed,0.75,True,0.0
ciciot2023,3,4,s133779,cross_arch,0.33333333333333337,True,0.0
ciciot2023,3,4,s408209,white_box,0.8888888888888888,True,0.0
ciciot2023,3,4,s408209,cross_seed,0.75,True,0.0
ciciot2023,3,4,s408209,cross_arch,0.33333333333333337,True,0.0
ciciot2023,3,4,s1283067,white_box,0.8888888888888888,True,0.0
ciciot2023,3,4,s1283067,cross_seed,0.5714285714285714,False,0.0
ciciot2023,3,4,s1283067,cross_arch,0.0,True,0.0
ciciot2023,3,4,s130568,white_box,0.8888888888888888,True,0.0
ciciot2023,3,4,s130568,cross_seed,0.8888888888888888,False,0.0
ciciot2023,3,4,s130568,cross_arch,0.0,True,0.0
ciciot2023,3,4,s732282,white_box,0.8888888888888888,True,0.0
ciciot2023,3,4,s732282,cross_seed,0.33333333333333337,False,0.0
ciciot2023,3,4,s732282,cross_arch,0.33333333333333337,True,0.0
ciciot2023,3,4,s1284259,white_box,0.8888888888888888,True,0.0
ciciot2023,3,4,s1284259,cross_seed,0.5714285714285714,False,0.0
ciciot2023,3,4,s1284259,cross_arch,0.33333333333333337,True,0.0
ciciot2023,3,4,s1451027,white_box,0.8888888888888888,True,0.0
ciciot2023,3,4,s1451027,cross_seed,0.75,False,0.0
ciciot2023,3,4,s1451027,cross_arch,0.33333333333333337,True,0.0
ciciot2023,3,4,s8634,white_box,0.8888888888888888,True,0.0
ciciot2023,3,4,s8634,cross_seed,0.5714285714285714,False,0.0
ciciot2023,3,4,s8634,cross_arch,0.0,True,0.0
ciciot2023,3,4,s931852,white_box,0.8888888888888888,True,0.0
ciciot2023,3,4,s931852,cross_seed,0.75,False,0.0
ciciot2023,3,4,s931852,cross_arch,0.0,True,0.0
ciciot2023,3,4,s1332401,white_box,0.8888888888888888,True,0.0
ciciot2023,3,4,s1332401,cross_seed,0.75,False,0.0
ciciot2023,3,4,s1332401,cross_arch,0.33333333333333337,True,0.0
ciciot2023,3,4,s1290297,white_box,0.8888888888888888,True,0.0
ciciot2023,3,4,s1290297,cross_seed,0.5714285714285714,False,0.0
ciciot2023,3,4,s1290297,cross_arch,0.5714285714285714,True,0.0
ciciot2023,3,4,s1567559,white_box,0.8888888888888888,True,0.0
ciciot2023,3,4,s1567559,cross_seed,0.5714285714285714,False,0.0
ciciot2023,3,4,s1567559,cross_arch,0.5714285714285714,True,0.0
ciciot2023,3,4,s676371,white_box,0.8888888888888888,True,0.0
ciciot2023,3,4,s676371,cross_seed,0.8888888888888888,False,0.0
ciciot2023,3,4,s676371,cross_arch,0.5714285714285714,True,0.0
ciciot2023,3,4,s377452,white_box,0.8888888888888888,True,0.0
ciciot2023,3,4,s377452,cross_seed,0.5714285714285714,True,0.0
ciciot2023,3,4,s377452,cross_arch,0.33333333333333337,True,0.0
ciciot2023,3,4,s147860,white_box,0.8888888888888888,True,0.0
ciciot2023,3,4,s147860,cross_seed,0.5714285714285714,False,0.0
ciciot2023,3,4,s147860,cross_arch,0.33333333333333337,True,0.0
ciciot2023,3,4,s551226,white_box,0.8888888888888888,True,0.0
ciciot2023,3,4,s551226,cross_seed,0.75,False,0.0
ciciot2023,3,4,s551226,cross_arch,0.33333333333333337,True,0.0
ciciot2023,3,4,s201595,white_box,0.8888888888888888,True,0.0
ciciot2023,3,4,s201595,cross_seed,0.5714285714285714,True,0.0
ciciot2023,3,4,s201595,cross_arch,0.33333333333333337,True,0.0
ciciot2023,3,4,s1584491,white_box,0.8888888888888888,True,0.0
ciciot2023,3,4,s1584491,cross_seed,0.33333333333333337,True,0.0
ciciot2023,3,4,s1584491,cross_arch,0.75,False,0.0
ciciot2023,3,4,s441075,white_box,0.8888888888888888,True,0.0
ciciot2023,3,4,s441075,cross_seed,0.75,False,0.0
ciciot2023,3,4,s441075,cross_arch,0.33333333333333337,True,0.0
ciciot2023,4,4,s1119017,white_box,0.75,True,0.0
ciciot2023,4,4,s1119017,cross_seed,0.33333333333333337,True,0.0
ciciot2023,4,4,s1119017,cross_arch,0.0,True,0.0
ciciot2023,4,4,s757472,white_box,0.75,True,0.0
ciciot2023,4,4,s757472,cross_seed,0.75,True,0.0
ciciot2023,4,4,s757472,cross_arch,0.33333333333333337,True,0.0
ciciot2023,4,4,s1436698,white_box,0.75,True,0.0
ciciot2023,4,4,s1436698,cross_seed,0.5714285714285714,False,0.0
ciciot2023,4,4,s1436698,cross_arch,0.33333333333333337,True,0.0
ciciot2023,4,4,s269590,white_box,0.8888888888888888,True,0.0
ciciot2023,4,4,s269590,cross_seed,0.75,False,0.0
ciciot2023,4,4,s269590,cross_arch,0.0,True,0.0
ciciot2023,4,4,s287251,white_box,0.75,True,0.0
ciciot2023,4,4,s287251,cross_seed,0.8888888888888888,False,0.0
ciciot2023,4,4,s287251,cross_arch,0.0,True,0.0
ciciot2023,4,4,s216924,white_box,0.75,True,0.0
ciciot2023,4,4,s216924,cross_seed,0.75,True,0.0
ciciot2023,4,4,s216924,cross_arch,0.33333333333333337,True,0.0
ciciot2023,4,4,s827160,white_box,0.8888888888888888,True,0.0
ciciot2023,4,4,s827160,cross_seed,0.5714285714285714,True,0.0
ciciot2023,4,4,s827160,cross_arch,0.33333333333333337,True,0.0
ciciot2023,4,4,s1322711,white_box,0.75,True,0.0
ciciot2023,4,4,s1322711,cross_seed,0.33333333333333337,True,0.0
ciciot2023,4,4,s1322711,cross_arch,0.33333333333333337,True,0.0
ciciot2023,4,4,s491919,white_box,0.75,True,0.0
ciciot2023,4,4,s491919,cross_seed,0.5714285714285714,True,0.0
ciciot2023,4,4,s491919,cross_arch,0.5714285714285714,True,0.0
ciciot2023,4,4,s1498671,white_box,0.75,True,0.0
ciciot2023,4,4,s1498671,cross_seed,0.75,False,0.0
ciciot2023,4,4,s1498671,cross_arch,0.33333333333333337,True,0.0
ciciot2023,4,4,s521271,white_box,0.75,True,0.0
ciciot2023,4,4,s521271,cross_seed,0.5714285714285714,False,0.0
ciciot2023,4,4,s521271,cross_arch,0.33333333333333337,True,0.0
ciciot2023,4,4,s1092853,white_box,0.75,True,0.0
ciciot2023,4,4,s1092853,cross_seed,0.75,False,0.0
ciciot2023,4,4,s1092853,cross_arch,0.33333333333333337,True,0.0
ciciot2023,4,4,s1151243,white_box,0.75,True,0.0
ciciot2023,4,4,s1151243,cross_seed,0.75,False,0.0
ciciot2023,4,4,s1151243,cross_arch,0.5714285714285714,True,0.0
ciciot2023,4,4,s805280,white_box,0.75,True,0.0
ciciot2023,4,4,s805280,cross_seed,0.75,False,0.0
ciciot2023,4,4,s805280,cross_arch,0.0,True,0.0
ciciot2023,4,4,s984365,white_box,0.75,True,0.0
ciciot2023,4,4,s984365,cross_seed,0.5714285714285714,True,0.0
ciciot2023,4,4,s984365,cross_arch,0.0,True,0.0
ciciot2023,4,4,s1540055,white_box,0.75,True,0.0
ciciot2023,4,4,s1540055,cross_seed,0.75,False,0.0
ciciot2023,4,4,s1540055,cross_arch,0.5714285714285714,False,0.0
ciciot2023,4,4,s397537,white_box,0.75,True,0.0
ciciot2023,4,4,s397537,cross_seed,0.33333333333333337,True,0.0
ciciot2023,4,4,s397537,cross_arch,0.0,True,0.0
ciciot2023,4,4,s366490,white_box,0.8888888888888888,True,0.0
ciciot2023,4,4,s366490,cross_seed,0.75,False,0.0
ciciot2023,4,4,s366490,cross_arch,0.5714285714285714,False,0.0
ciciot2023,4,4,s1181570,white_box,0.75,True,0.0
ciciot2023,4,4,s1181570,cross_seed,0.75,True,0.0
ciciot2023,4,4,s1181570,cross_arch,0.0,True,0.0
ciciot2023,4,4,s786618,white_box,0.75,True,0.0
ciciot2023,4,4,s786618,cross_seed,0.75,False,0.0
ciciot2023,4,4,s786618,cross_arch,0.0,True,0.0
ciciot2023,4,4,s847779,white_box,0.75,True,0.0
ciciot2023,4,4,s847779,cross_seed,0.33333333333333337,True,0.0
ciciot2023,4,4,s847779,cross_arch,0.0,True,0.0
ciciot2023,4,4,s1106404,white_box,0.75,True,0.0
ciciot2023,4,4,s1106404,cross_seed,0.5714285714285714,False,0.0
ciciot2023,4,4,s1106404,cross_arch,0.5714285714285714,True,0.0
ciciot2023,4,4,s1390853,white_box,0.75,True,0.0
ciciot2023,4,4,s1390853,cross_seed,0.33333333333333337,False,0.0
ciciot2023,4,4,s1390853,cross_arch,0.0,True,0.0
ciciot2023,4,4,s739923,white_box,0.8888888888888888,True,0.0
ciciot2023,4,4,s739923,cross_seed,0.33333333333333337,True,0.0
ciciot2023,4,4,s739923,cross_arch,0.0,True,0.0
ciciot2023,4,4,s1109073,white_box,0.75,True,0.0
ciciot2023,4,4,s1109073,cross_seed,0.75,False,0.0
ciciot2023,4,4,s1109073,cross_arch,0.5714285714285714,False,0.0
ciciot2023,4,4,s774024,white_box,0.75,True,0.0
ciciot2023,4,4,s774024,cross_seed,0.33333333333333337,True,0.0
ciciot2023,4,4,s774024,cross_arch,0.0,True,0.0
ciciot2023,4,4,s225669,white_box,0.75,True,0.0
ciciot2023,4,4,s225669,cross_seed,0.5714285714285714,False,0.0
ciciot2023,4,4,s225669,cross_arch,0.0,True,0.0
ciciot2023,4,4,s165632,white_box,0.75,True,0.0
ciciot2023,4,4,s165632,cross_seed,0.5714285714285714,False,0.0
ciciot2023,4,4,s165632,cross_arch,0.0,True,0.0
ciciot2023,4,4,s1427643,white_box,0.8888888888888888,True,0.0
ciciot2023,4,4,s1427643,cross_seed,0.75,False,0.0
ciciot2023,4,4,s1427643,cross_arch,0.33333333333333337,True,0.0
ciciot2023,4,4,s1570634,white_box,0.75,True,0.0
ciciot2023,4,4,s1570634,cross_seed,0.5714285714285714,False,0.0
ciciot2023,4,4,s1570634,cross_arch,0.33333333333333337,True,0.0
ciciot2023,4,4,s1243246,white_box,0.75,True,0.0
ciciot2023,4,4,s1243246,cross_seed,0.8888888888888888,False,0.0
ciciot2023,4,4,s1243246,cross_arch,0.33333333333333337,True,0.0
ciciot2023,4,4,s1457699,white_box,0.75,True,0.0
ciciot2023,4,4,s1457699,cross_seed,0.5714285714285714,False,0.0
ciciot2023,4,4,s1457699,cross_arch,0.33333333333333337,True,0.0
ciciot2023,4,4,s160791,white_box,0.75,True,0.0
ciciot2023,4,4,s160791,cross_seed,0.75,True,0.0
ciciot2023,4,4,s160791,cross_arch,0.5714285714285714,True,0.0
ciciot2023,4,4,s910564,white_box,0.75,True,0.0
ciciot2023,4,4,s910564,cross_seed,0.33333333333333337,True,0.0
ciciot2023,4,4,s910564,cross_arch,0.0,True,0.0
ciciot2023,4,4,s224241,white_box,0.75,True,0.0
ciciot2023,4,4,s224241,cross_seed,0.75,False,0.0
ciciot2023,4,4,s224241,cross_arch,0.33333333333333337,True,0.0
ciciot2023,4,4,s1016374,white_box,0.75,True,0.0
ciciot2023,4,4,s1016374,cross_seed,0.33333333333333337,True,0.0
ciciot2023,4,4,s1016374,cross_arch,0.33333333333333337,True,0.0
ciciot2023,4,4,s122984,white_box,0.75,True,0.0
ciciot2023,4,4,s122984,cross_seed,0.33333333333333337,True,0.0
ciciot2023,4,4,s122984,cross_arch,0.0,True,0.0
ciciot2023,4,4,s487064,white_box,0.5714285714285714,True,0.0
ciciot2023,4,4,s487064,cross_seed,0.8888888888888888,False,0.0
ciciot2023,4,4,s487064,cross_arch,0.33333333333333337,True,0.0
ciciot2023,4,4,s335561,white_box,0.75,True,0.0
ciciot2023,4,4,s335561,cross_seed,0.33333333333333337,True,0.0
ciciot2023,4,4,s335561,cross_arch,0.33333333333333337,True,0.0
ciciot2023,4,4,s833041,white_box,0.75,True,0.0
ciciot2023,4,4,s833041,cross_seed,0.75,False,0.0
ciciot2023,4,4,s833041,cross_arch,0.33333333333333337,True,0.0
ciciomt2024,0,4,s598550,white_box,0.75,True,0.0
ciciomt2024,0,4,s598550,cross_seed,0.75,True,0.0
ciciomt2024,0,4,s598550,cross_arch,0.0,True,0.0
ciciomt2024,0,4,s759106,white_box,0.8888888888888888,True,0.0
ciciomt2024,0,4,s759106,cross_seed,0.75,True,0.0
ciciomt2024,0,4,s759106,cross_arch,0.33333333333333337,False,0.0
ciciomt2024,0,4,s633932,white_box,1.0,True,0.0
ciciomt2024,0,4,s633932,cross_seed,0.33333333333333337,True,0.0
ciciomt2024,0,4,s633932,cross_arch,0.33333333333333337,True,0.0
ciciomt2024,0,4,s315684,white_box,1.0,True,0.0
ciciomt2024,0,4,s315684,cross_seed,0.5714285714285714,False,0.0
ciciomt2024,0,4,s315684,cross_arch,0.33333333333333337,False,0.0
ciciomt2024,0,4,s608219,white_box,0.8888888888888888,True,0.0
ciciomt2024,0,4,s608219,cross_seed,0.8888888888888888,True,0.0
ciciomt2024,0,4,s608219,cross_arch,0.0,True,0.0
ciciomt2024,0,4,s588431,white_box,0.8888888888888888,True,0.0
ciciomt2024,0,4,s588431,cross_seed,0.75,True,0.0
ciciomt2024,0,4,s588431,cross_arch,0.0,True,0.0
ciciomt2024,0,4,s587599,white_box,0.8888888888888888,True,0.0
ciciomt2024,0,4,s587599,cross_seed,0.75,True,0.0
ciciomt2024,0,4,s587599,cross_arch,0.33333333333333337,True,0.0
ciciomt2024,0,4,s276938,white_box,0.8888888888888888,True,0.0
ciciomt2024,0,4,s276938,cross_seed,0.75,True,0.0
ciciomt2024,0,4,s276938,cross_arch,0.33333333333333337,False,0.0
ciciomt2024,0,4,s665179,white_box,0.8888888888888888,True,0.0
ciciomt2024,0,4,s665179,cross_seed,0.5714285714285714,True,0.0
ciciomt2024,0,4,s665179,cross_arch,0.0,True,0.0
ciciomt2024,0,4,s594993,white_box,0.8888888888888888,True,0.0
ciciomt2024,0,4,s594993,cross_seed,0.5714285714285714,True,0.0
ciciomt2024,0,4,s594993,cross_arch,0.0,True,0.0
ciciomt2024,0,4,s183165,white_box,1.0,True,0.0
ciciomt2024,0,4,s183165,cross_seed,0.8888888888888888,False,0.0
ciciomt2024,0,4,s183165,cross_arch,0.33333333333333337,True,0.0
ciciomt2024,0,4,s256114,white_box,0.8888888888888888,True,0.0
ciciomt2024,0,4,s256114,cross_seed,0.8888888888888888,True,0.0
ciciomt2024,0,4,s256114,cross_arch,0.0,True,0.0
ciciomt2024,0,4,s276057,white_box,0.8888888888888888,True,0.0
ciciomt2024,0,4,s276057,cross_seed,0.33333333333333337,True,0.0
ciciomt2024,0,4,s276057,cross_arch,0.0,True,0.0
ciciomt2024,0,4,s764510,white_box,0.75,True,0.0
ciciomt2024,0,4,s764510,cross_seed,0.75,True,0.0
ciciomt2024,0,4,s764510,cross_arch,0.0,True,0.0
ciciomt2024,0,4,s253485,white_box,0.8888888888888888,True,0.0
ciciomt2024,0,4,s253485,cross_seed,0.75,False,0.0
ciciomt2024,0,4,s253485,cross_arch,0.0,True,0.0
ciciomt2024,0,4,s597025,white_box,0.8888888888888888,True,0.0
ciciomt2024,0,4,s597025,cross_seed,0.75,True,0.0
ciciomt2024,0,4,s597025,cross_arch,0.33333333333333337,True,0.0
ciciomt2024,0,4,s699984,white_box,0.8888888888888888,True,0.0
ciciomt2024,0,4,s699984,cross_seed,0.8888888888888888,True,0.0
ciciomt2024,0,4,s699984,cross_arch,0.5714285714285714,True,0.0
ciciomt2024,0,4,s593900,white_box,1.0,True,0.0
ciciomt2024,0,4,s593900,cross_seed,0.75,True,0.0
ciciomt2024,0,4,s593900,cross_arch,0.33333333333333337,True,0.0
ciciomt2024,0,4,s674198,white_box,0.8888888888888888,True,0.0
ciciomt2024,0,4,s674198,cross_seed,0.75,False,0.0
ciciomt2024,0,4,s674198,cross_arch,0.0,True,0.0
ciciomt2024,0,4,s630171,white_box,0.8888888888888888,True,0.0
ciciomt2024,0,4,s630171,cross_seed,0.75,True,0.0
ciciomt2024,0,4,s630171,cross_arch,0.0,True,0.0
ciciomt2024,0,4,s252093,white_box,0.8888888888888888,True,0.0
ciciomt2024,0,4,s252093,cross_seed,0.75,True,0.0
ciciomt2024,0,4,s252093,cross_arch,0.33333333333333337,False,0.0
ciciomt2024,0,4,s761190,white_box,0.8888888888888888,True,0.0
ciciomt2024,0,4,s761190,cross_seed,0.33333333333333337,True,0.0
ciciomt2024,0,4,s761190,cross_arch,0.33333333333333337,True,0.0
ciciomt2024,0,4,s244678,white_box,0.8888888888888888,True,0.0
ciciomt2024,0,4,s244678,cross_seed,0.5714285714285714,False,0.0
ciciomt2024,0,4,s244678,cross_arch,0.33333333333333337,True,0.0
ciciomt2024,0,4,s765224,white_box,0.8888888888888888,True,0.0
ciciomt2024,0,4,s765224,cross_seed,0.5714285714285714,True,0.0
ciciomt2024,0,4,s765224,cross_arch,0.33333333333333337,True,0.0
ciciomt2024,0,4,s660895,white_box,0.8888888888888888,True,0.0
ciciomt2024,0,4,s660895,cross_seed,0.5714285714285714,True,0.0
ciciomt2024,0,4,s660895,cross_arch,0.33333333333333337,True,0.0
ciciomt2024,0,4,s228716,white_box,0.8888888888888888,True,0.0
ciciomt2024,0,4,s228716,cross_seed,0.75,True,0.0
ciciomt2024,0,4,s228716,cross_arch,0.0,True,0.0
ciciomt2024,0,4,s168699,white_box,0.8888888888888888,True,0.0
ciciomt2024,0,4,s168699,cross_seed,0.5714285714285714,True,0.0
ciciomt2024,0,4,s168699,cross_arch,0.0,True,0.0
ciciomt2024,0,4,s624402,white_box,0.8888888888888888,True,0.0
ciciomt2024,0,4,s624402,cross_seed,0.75,True,0.0
ciciomt2024,0,4,s624402,cross_arch,0.0,True,0.0
ciciomt2024,0,4,s318150,white_box,0.8888888888888888,True,0.0
ciciomt2024,0,4,s318150,cross_seed,0.75,True,0.0
ciciomt2024,0,4,s318150,cross_arch,0.0,True,0.0
ciciomt2024,0,4,s301919,white_box,0.8888888888888888,True,0.0
ciciomt2024,0,4,s301919,cross_seed,0.75,True,0.0
ciciomt2024,0,4,s301919,cross_arch,0.33333333333333337,True,0.0
ciciomt2024,0,4,s727289,white_box,0.8888888888888888,True,0.0
ciciomt2024,0,4,s727289,cross_seed,0.5714285714285714,False,0.0
ciciomt2024,0,4,s727289,cross_arch,0.0,True,0.0
ciciomt2024,0,4,s647614,white_box,0.8888888888888888,True,0.0
ciciomt2024,0,4,s647614,cross_seed,0.5714285714285714,False,0.0
ciciomt2024,0,4,s647614,cross_arch,0.33333333333333337,True,0.0
ciciomt2024,0,4,s616836,white_box,0.8888888888888888,True,0.0
ciciomt2024,0,4,s616836,cross_seed,0.75,True,0.0
ciciomt2024,0,4,s616836,cross_arch,0.5714285714285714,True,0.0
ciciomt2024,0,4,s683996,white_box,0.8888888888888888,True,0.0
ciciomt2024,0,4,s683996,cross_seed,0.75,True,0.0
ciciomt2024,0,4,s683996,cross_arch,0.33333333333333337,True,0.0
ciciomt2024,0,4,s587869,white_box,0.8888888888888888,True,0.0
ciciomt2024,0,4,s587869,cross_seed,0.8888888888888888,True,0.0
ciciomt2024,0,4,s587869,cross_arch,0.33333333333333337,True,0.0
ciciomt2024,0,4,s628438,white_box,0.8888888888888888,True,0.0
ciciomt2024,0,4,s628438,cross_seed,0.75,True,0.0
ciciomt2024,0,4,s628438,cross_arch,0.0,True,0.0
ciciomt2024,0,4,s622596,white_box,1.0,True,0.0
ciciomt2024,0,4,s622596,cross_seed,0.5714285714285714,True,0.0
ciciomt2024,0,4,s622596,cross_arch,0.0,True,0.0
ciciomt2024,0,4,s642776,white_box,1.0,True,0.0
ciciomt2024,0,4,s642776,cross_seed,0.5714285714285714,True,0.0
ciciomt2024,0,4,s642776,cross_arch,0.33333333333333337,False,0.0
ciciomt2024,0,4,s584393,white_box,1.0,True,0.0
ciciomt2024,0,4,s584393,cross_seed,0.5714285714285714,True,0.0
ciciomt2024,0,4,s584393,cross_arch,0.33333333333333337,True,0.0
ciciomt2024,0,4,s754545,white_box,0.8888888888888888,True,0.0
ciciomt2024,0,4,s754545,cross_seed,0.75,True,0.0
ciciomt2024,0,4,s754545,cross_arch,0.33333333333333337,False,0.0
ciciomt2024,1,4,s712713,white_box,0.8888888888888888,True,0.0
ciciomt2024,1,4,s712713,cross_seed,0.33333333333333337,True,0.0
ciciomt2024,1,4,s712713,cross_arch,0.0,True,0.0
ciciomt2024,1,4,s737585,white_box,0.8888888888888888,True,0.0
ciciomt2024,1,4,s737585,cross_seed,0.5714285714285714,True,0.0
ciciomt2024,1,4,s737585,cross_arch,0.0,True,0.0
ciciomt2024,1,4,s263804,white_box,0.75,True,0.0
ciciomt2024,1,4,s263804,cross_seed,0.33333333333333337,True,0.0
ciciomt2024,1,4,s263804,cross_arch,0.33333333333333337,True,0.0
ciciomt2024,1,4,s667942,white_box,0.8888888888888888,True,0.0
ciciomt2024,1,4,s667942,cross_seed,0.5714285714285714,True,0.0
ciciomt2024,1,4,s667942,cross_arch,0.0,True,0.0
ciciomt2024,1,4,s228915,white_box,0.8888888888888888,True,0.0
ciciomt2024,1,4,s228915,cross_seed,0.5714285714285714,False,0.0
ciciomt2024,1,4,s228915,cross_arch,0.33333333333333337,True,0.0
ciciomt2024,1,4,s607504,white_box,0.8888888888888888,True,0.0
ciciomt2024,1,4,s607504,cross_seed,0.8888888888888888,False,0.0
ciciomt2024,1,4,s607504,cross_arch,0.33333333333333337,True,0.0
ciciomt2024,1,4,s611659,white_box,0.8888888888888888,True,0.0
ciciomt2024,1,4,s611659,cross_seed,0.5714285714285714,True,0.0
ciciomt2024,1,4,s611659,cross_arch,0.33333333333333337,True,0.0
ciciomt2024,1,4,s763404,white_box,0.8888888888888888,True,0.0
ciciomt2024,1,4,s763404,cross_seed,0.75,True,0.0
ciciomt2024,1,4,s763404,cross_arch,0.33333333333333337,True,0.0
ciciomt2024,1,4,s171920,white_box,0.8888888888888888,True,0.0
ciciomt2024,1,4,s171920,cross_seed,0.75,False,0.0
ciciomt2024,1,4,s171920,cross_arch,0.0,True,0.0
ciciomt2024,1,4,s291384,white_box,0.8888888888888888,True,0.0
ciciomt2024,1,4,s291384,cross_seed,0.75,False,0.0
ciciomt2024,1,4,s291384,cross_arch,0.33333333333333337,True,0.0
ciciomt2024,1,4,s641497,white_box,0.8888888888888888,True,0.0
ciciomt2024,1,4,s641497,cross_seed,0.33333333333333337,True,0.0
ciciomt2024,1,4,s641497,cross_arch,0.0,True,0.0
ciciomt2024,1,4,s674429,white_box,0.75,True,0.0
ciciomt2024,1,4,s674429,cross_seed,0.75,True,0.0
ciciomt2024,1,4,s674429,cross_arch,0.0,True,0.0
ciciomt2024,1,4,s172533,white_box,0.8888888888888888,True,0.0
ciciomt2024,1,4,s172533,cross_seed,0.8888888888888888,True,0.0
ciciomt2024,1,4,s172533,cross_arch,0.33333333333333337,False,0.0
ciciomt2024,1,4,s313918,white_box,1.0,True,0.0
ciciomt2024,1,4,s313918,cross_seed,0.33333333333333337,False,0.0
ciciomt2024,1,4,s313918,cross_arch,0.33333333333333337,True,0.0
ciciomt2024,1,4,s775959,white_box,0.8888888888888888,True,0.0
ciciomt2024,1,4,s775959,cross_seed,0.5714285714285714,True,0.0
ciciomt2024,1,4,s775959,cross_arch,0.33333333333333337,True,0.0
ciciomt2024,1,4,s726747,white_box,0.8888888888888888,True,0.0
ciciomt2024,1,4,s726747,cross_seed,0.8888888888888888,False,0.0
ciciomt2024,1,4,s726747,cross_arch,0.33333333333333337,True,0.0
ciciomt2024,1,4,s255994,white_box,0.75,True,0.0
ciciomt2024,1,4,s255994,cross_seed,0.33333333333333337,True,0.0
ciciomt2024,1,4,s255994,cross_arch,0.33333333333333337,True,0.0
ciciomt2024,1,4,s760724,white_box,0.75,True,0.0
ciciomt2024,1,4,s760724,cross_seed,0.0,True,0.0
ciciomt2024,1,4,s760724,cross_arch,0.33333333333333337,True,0.0
ciciomt2024,1,4,s311796,white_box,0.75,True,0.0
ciciomt2024,1,4,s311796,cross_seed,0.33333333333333337,True,0.0
ciciomt2024,1,4,s311796,cross_arch,0.0,True,0.0
ciciomt2024,1,4,s740694,white_box,0.8888888888888888,True,0.0
ciciomt2024,1,4,s740694,cross_seed,0.5714285714285714,True,0.0
ciciomt2024,1,4,s740694,cross_arch,0.0,True,0.0
ciciomt2024,1,4,s576597,white_box,0.75,True,0.0
ciciomt2024,1,4,s576597,cross_seed,0.33333333333333337,True,0.0
ciciomt2024,1,4,s576597,cross_arch,0.33333333333333337,True,0.0
ciciomt2024,1,4,s693898,white_box,0.8888888888888888,True,0.0
ciciomt2024,1,4,s693898,cross_seed,0.75,True,0.0
ciciomt2024,1,4,s693898,cross_arch,0.0,True,0.0
ciciomt2024,1,4,s267455,white_box,0.8888888888888888,True,0.0
ciciomt2024,1,4,s267455,cross_seed,0.33333333333333337,True,0.0
ciciomt2024,1,4,s267455,cross_arch,0.33333333333333337,False,0.0
ciciomt2024,1,4,s302318,white_box,0.75,True,0.0
ciciomt2024,1,4,s302318,cross_seed,0.5714285714285714,True,0.0
ciciomt2024,1,4,s302318,cross_arch,0.33333333333333337,True,0.0
ciciomt2024,1,4,s694951,white_box,0.8888888888888888,True,0.0
ciciomt2024,1,4,s694951,cross_seed,0.75,False,0.0
ciciomt2024,1,4,s694951,cross_arch,0.0,True,0.0
ciciomt2024,1,4,s291337,white_box,0.75,True,0.0
ciciomt2024,1,4,s291337,cross_seed,0.5714285714285714,True,0.0
ciciomt2024,1,4,s291337,cross_arch,0.33333333333333337,True,0.0
ciciomt2024,1,4,s184900,white_box,0.8888888888888888,True,0.0
ciciomt2024,1,4,s184900,cross_seed,0.5714285714285714,True,0.0
ciciomt2024,1,4,s184900,cross_arch,0.0,True,0.0
ciciomt2024,1,4,s293572,white_box,0.8888888888888888,True,0.0
ciciomt2024,1,4,s293572,cross_seed,0.75,False,0.0
ciciomt2024,1,4,s293572,cross_arch,0.0,True,0.0
ciciomt2024,1,4,s188096,white_box,0.8888888888888888,True,0.0
ciciomt2024,1,4,s188096,cross_seed,0.5714285714285714,True,0.0
ciciomt2024,1,4,s188096,cross_arch,0.0,True,0.0
ciciomt2024,1,4,s690092,white_box,0.8888888888888888,True,0.0
ciciomt2024,1,4,s690092,cross_seed,0.5714285714285714,True,0.0
ciciomt2024,1,4,s690092,cross_arch,0.33333333333333337,True,0.0
ciciomt2024,1,4,s242243,white_box,0.75,True,0.0
ciciomt2024,1,4,s242243,cross_seed,0.5714285714285714,True,0.0
ciciomt2024,1,4,s242243,cross_arch,0.33333333333333337,True,0.0
ciciomt2024,1,4,s228146,white_box,0.75,True,0.0
ciciomt2024,1,4,s228146,cross_seed,0.5714285714285714,True,0.0
ciciomt2024,1,4,s228146,cross_arch,0.33333333333333337,True,0.0
ciciomt2024,1,4,s771786,white_box,0.8888888888888888,True,0.0
ciciomt2024,1,4,s771786,cross_seed,0.8888888888888888,False,0.0
ciciomt2024,1,4,s771786,cross_arch,0.33333333333333337,True,0.0
ciciomt2024,1,4,s763778,white_box,0.8888888888888888,True,0.0
ciciomt2024,1,4,s763778,cross_seed,0.5714285714285714,True,0.0
ciciomt2024,1,4,s763778,cross_arch,0.33333333333333337,True,0.0
ciciomt2024,1,4,s721332,white_box,0.8888888888888888,True,0.0
ciciomt2024,1,4,s721332,cross_seed,0.5714285714285714,False,0.0
ciciomt2024,1,4,s721332,cross_arch,0.0,True,0.0
ciciomt2024,1,4,s702174,white_box,0.8888888888888888,True,0.0
ciciomt2024,1,4,s702174,cross_seed,0.75,True,0.0
ciciomt2024,1,4,s702174,cross_arch,0.33333333333333337,True,0.0
ciciomt2024,1,4,s723167,white_box,0.8888888888888888,True,0.0
ciciomt2024,1,4,s723167,cross_seed,0.5714285714285714,True,0.0
ciciomt2024,1,4,s723167,cross_arch,0.0,True,0.0
ciciomt2024,1,4,s691438,white_box,0.8888888888888888,True,0.0
ciciomt2024,1,4,s691438,cross_seed,0.5714285714285714,True,0.0
ciciomt2024,1,4,s691438,cross_arch,0.33333333333333337,True,0.0
ciciomt2024,1,4,s260564,white_box,0.8888888888888888,True,0.0
ciciomt2024,1,4,s260564,cross_seed,0.75,False,0.0
ciciomt2024,1,4,s260564,cross_arch,0.0,True,0.0
ciciomt2024,1,4,s756669,white_box,0.75,True,0.0
ciciomt2024,1,4,s756669,cross_seed,0.33333333333333337,True,0.0
ciciomt2024,1,4,s756669,cross_arch,0.33333333333333337,True,0.0
ciciomt2024,2,4,s762726,white_box,0.8888888888888888,True,0.0
ciciomt2024,2,4,s762726,cross_seed,0.5714285714285714,True,0.0
ciciomt2024,2,4,s762726,cross_arch,0.5714285714285714,False,0.0
ciciomt2024,2,4,s289780,white_box,0.75,True,0.0
ciciomt2024,2,4,s289780,cross_seed,0.33333333333333337,True,0.0
ciciomt2024,2,4,s289780,cross_arch,0.0,True,0.0
ciciomt2024,2,4,s194411,white_box,0.8888888888888888,True,0.0
ciciomt2024,2,4,s194411,cross_seed,0.75,True,0.0
ciciomt2024,2,4,s194411,cross_arch,0.5714285714285714,False,0.0
ciciomt2024,2,4,s262187,white_box,0.75,True,0.0
ciciomt2024,2,4,s262187,cross_seed,0.75,True,0.0
ciciomt2024,2,4,s262187,cross_arch,0.5714285714285714,False,0.0
ciciomt2024,2,4,s778020,white_box,0.75,True,0.0
ciciomt2024,2,4,s778020,cross_seed,0.75,True,0.0
ciciomt2024,2,4,s778020,cross_arch,0.0,True,0.0
ciciomt2024,2,4,s292559,white_box,0.8888888888888888,True,0.0
ciciomt2024,2,4,s292559,cross_seed,0.5714285714285714,False,0.0
ciciomt2024,2,4,s292559,cross_arch,0.33333333333333337,True,0.0
ciciomt2024,2,4,s191205,white_box,0.75,True,0.0
ciciomt2024,2,4,s191205,cross_seed,0.5714285714285714,True,0.0
ciciomt2024,2,4,s191205,cross_arch,0.33333333333333337,True,0.0
ciciomt2024,2,4,s760118,white_box,0.8888888888888888,True,0.0
ciciomt2024,2,4,s760118,cross_seed,0.5714285714285714,False,0.0
ciciomt2024,2,4,s760118,cross_arch,0.5714285714285714,False,0.0
ciciomt2024,2,4,s761167,white_box,0.75,True,0.0
ciciomt2024,2,4,s761167,cross_seed,0.5714285714285714,True,0.0
ciciomt2024,2,4,s761167,cross_arch,0.33333333333333337,True,0.0
ciciomt2024,2,4,s622912,white_box,0.75,True,0.0
ciciomt2024,2,4,s622912,cross_seed,0.5714285714285714,False,0.0
ciciomt2024,2,4,s622912,cross_arch,0.33333333333333337,True,0.0
ciciomt2024,2,4,s733043,white_box,0.75,True,0.0
ciciomt2024,2,4,s733043,cross_seed,0.33333333333333337,False,0.0
ciciomt2024,2,4,s733043,cross_arch,0.5714285714285714,False,0.0
ciciomt2024,2,4,s650872,white_box,0.75,True,0.0
ciciomt2024,2,4,s650872,cross_seed,0.75,True,0.0
ciciomt2024,2,4,s650872,cross_arch,0.33333333333333337,True,0.0
ciciomt2024,2,4,s279031,white_box,0.75,True,0.0
ciciomt2024,2,4,s279031,cross_seed,0.5714285714285714,True,0.0
ciciomt2024,2,4,s279031,cross_arch,0.33333333333333337,True,0.0
ciciomt2024,2,4,s774180,white_box,0.75,True,0.0
ciciomt2024,2,4,s774180,cross_seed,0.5714285714285714,True,0.0
ciciomt2024,2,4,s774180,cross_arch,0.33333333333333337,True,0.0
ciciomt2024,2,4,s602414,white_box,0.75,True,0.0
ciciomt2024,2,4,s602414,cross_seed,0.33333333333333337,True,0.0
ciciomt2024,2,4,s602414,cross_arch,0.33333333333333337,True,0.0
ciciomt2024,2,4,s776846,white_box,0.75,True,0.0
ciciomt2024,2,4,s776846,cross_seed,0.5714285714285714,False,0.0
ciciomt2024,2,4,s776846,cross_arch,0.0,True,0.0
ciciomt2024,2,4,s602275,white_box,0.75,True,0.0
ciciomt2024,2,4,s602275,cross_seed,0.33333333333333337,False,0.0
ciciomt2024,2,4,s602275,cross_arch,0.5714285714285714,False,0.0
ciciomt2024,2,4,s168648,white_box,0.75,True,0.0
ciciomt2024,2,4,s168648,cross_seed,0.5714285714285714,True,0.0
ciciomt2024,2,4,s168648,cross_arch,0.5714285714285714,False,0.0
ciciomt2024,2,4,s670999,white_box,0.75,True,0.0
ciciomt2024,2,4,s670999,cross_seed,0.75,False,0.0
ciciomt2024,2,4,s670999,cross_arch,0.33333333333333337,True,0.0
ciciomt2024,2,4,s689890,white_box,0.75,True,0.0
ciciomt2024,2,4,s689890,cross_seed,0.5714285714285714,True,0.0
ciciomt2024,2,4,s689890,cross_arch,0.0,True,0.0
ciciomt2024,2,4,s707449,white_box,0.75,True,0.0
ciciomt2024,2,4,s707449,cross_seed,0.75,True,0.0
ciciomt2024,2,4,s707449,cross_arch,0.5714285714285714,False,0.0
ciciomt2024,2,4,s687664,white_box,0.8888888888888888,True,0.0
ciciomt2024,2,4,s687664,cross_seed,0.75,True,0.0
ciciomt2024,2,4,s687664,cross_arch,0.33333333333333337,True,0.0
ciciomt2024,2,4,s577830,white_box,0.75,True,0.0
ciciomt2024,2,4,s577830,cross_seed,0.5714285714285714,True,0.0
ciciomt2024,2,4,s577830,cross_arch,0.0,True,0.0
ciciomt2024,2,4,s718823,white_box,0.8888888888888888,True,0.0
ciciomt2024,2,4,s718823,cross_seed,0.5714285714285714,False,0.0
ciciomt2024,2,4,s718823,cross_arch,0.33333333333333337,True,0.0
ciciomt2024,2,4,s736617,white_box,0.75,True,0.0
ciciomt2024,2,4,s736617,cross_seed,0.75,True,0.0
ciciomt2024,2,4,s736617,cross_arch,0.33333333333333337,True,0.0
ciciomt2024,2,4,s594667,white_box,0.8888888888888888,True,0.0
ciciomt2024,2,4,s594667,cross_seed,0.33333333333333337,False,0.0
ciciomt2024,2,4,s594667,cross_arch,0.5714285714285714,False,0.0
ciciomt2024,2,4,s679624,white_box,0.8888888888888888,True,0.0
ciciomt2024,2,4,s679624,cross_seed,0.5714285714285714,True,0.0
ciciomt2024,2,4,s679624,cross_arch,0.5714285714285714,False,0.0
ciciomt2024,2,4,s720121,white_box,0.8888888888888888,True,0.0
ciciomt2024,2,4,s720121,cross_seed,0.5714285714285714,False,0.0
ciciomt2024,2,4,s720121,cross_arch,0.33333333333333337,True,0.0
ciciomt2024,2,4,s753931,white_box,0.75,True,0.0
ciciomt2024,2,4,s753931,cross_seed,0.5714285714285714,True,0.0
ciciomt2024,2,4,s753931,cross_arch,0.5714285714285714,True,0.0
ciciomt2024,2,4,s602956,white_box,0.75,True,0.0
ciciomt2024,2,4,s602956,cross_seed,0.75,False,0.0
ciciomt2024,2,4,s602956,cross_arch,0.33333333333333337,True,0.0
ciciomt2024,2,4,s304284,white_box,0.75,True,0.0
ciciomt2024,2,4,s304284,cross_seed,0.75,True,0.0
ciciomt2024,2,4,s304284,cross_arch,0.0,True,0.0
ciciomt2024,2,4,s594748,white_box,0.75,True,0.0
ciciomt2024,2,4,s594748,cross_seed,0.5714285714285714,True,0.0
ciciomt2024,2,4,s594748,cross_arch,0.33333333333333337,True,0.0
ciciomt2024,2,4,s661926,white_box,0.75,True,0.0
ciciomt2024,2,4,s661926,cross_seed,0.5714285714285714,True,0.0
ciciomt2024,2,4,s661926,cross_arch,0.33333333333333337,True,0.0
ciciomt2024,2,4,s634716,white_box,0.8888888888888888,True,0.0
ciciomt2024,2,4,s634716,cross_seed,0.33333333333333337,False,0.0
ciciomt2024,2,4,s634716,cross_arch,0.5714285714285714,False,0.0
ciciomt2024,2,4,s617977,white_box,0.75,True,0.0
ciciomt2024,2,4,s617977,cross_seed,0.5714285714285714,True,0.0
ciciomt2024,2,4,s617977,cross_arch,0.33333333333333337,True,0.0
ciciomt2024,2,4,s700364,white_box,0.75,True,0.0
ciciomt2024,2,4,s700364,cross_seed,0.75,False,0.0
ciciomt2024,2,4,s700364,cross_arch,0.5714285714285714,False,0.0
ciciomt2024,2,4,s281363,white_box,0.8888888888888888,True,0.0
ciciomt2024,2,4,s281363,cross_seed,0.75,True,0.0
ciciomt2024,2,4,s281363,cross_arch,0.33333333333333337,True,0.0
ciciomt2024,2,4,s696871,white_box,0.75,True,0.0
ciciomt2024,2,4,s696871,cross_seed,0.5714285714285714,True,0.0
ciciomt2024,2,4,s696871,cross_arch,0.33333333333333337,True,0.0
ciciomt2024,2,4,s639892,white_box,0.8888888888888888,True,0.0
ciciomt2024,2,4,s639892,cross_seed,0.5714285714285714,False,0.0
ciciomt2024,2,4,s639892,cross_arch,0.33333333333333337,True,0.0
ciciomt2024,2,4,s290964,white_box,0.75,True,0.0
ciciomt2024,2,4,s290964,cross_seed,0.75,False,0.0
ciciomt2024,2,4,s290964,cross_arch,0.33333333333333337,True,0.0
ciciomt2024,3,4,s585464,white_box,0.75,True,0.0
ciciomt2024,3,4,s585464,cross_seed,0.5714285714285714,True,0.0
ciciomt2024,3,4,s585464,cross_arch,0.0,True,0.0
ciciomt2024,3,4,s767054,white_box,0.75,True,0.0
ciciomt2024,3,4,s767054,cross_seed,0.33333333333333337,True,0.0
ciciomt2024,3,4,s767054,cross_arch,0.0,True,0.0
ciciomt2024,3,4,s767043,white_box,0.75,True,0.0
ciciomt2024,3,4,s767043,cross_seed,0.5714285714285714,True,0.0
ciciomt2024,3,4,s767043,cross_arch,0.0,True,0.0
ciciomt2024,3,4,s707607,white_box,0.8888888888888888,True,0.0
ciciomt2024,3,4,s707607,cross_seed,0.8888888888888888,True,0.0
ciciomt2024,3,4,s707607,cross_arch,0.0,True,0.0
ciciomt2024,3,4,s738414,white_box,0.75,True,0.0
ciciomt2024,3,4,s738414,cross_seed,0.5714285714285714,True,0.0
ciciomt2024,3,4,s738414,cross_arch,0.0,True,0.0
ciciomt2024,3,4,s620783,white_box,0.8888888888888888,True,0.0
ciciomt2024,3,4,s620783,cross_seed,0.75,False,0.0
ciciomt2024,3,4,s620783,cross_arch,0.0,True,0.0
ciciomt2024,3,4,s649403,white_box,0.8888888888888888,True,0.0
ciciomt2024,3,4,s649403,cross_seed,0.75,True,0.0
ciciomt2024,3,4,s649403,cross_arch,0.0,True,0.0
ciciomt2024,3,4,s201462,white_box,0.8888888888888888,True,0.0
ciciomt2024,3,4,s201462,cross_seed,0.5714285714285714,True,0.0
ciciomt2024,3,4,s201462,cross_arch,0.0,True,0.0
ciciomt2024,3,4,s227241,white_box,0.8888888888888888,True,0.0
ciciomt2024,3,4,s227241,cross_seed,0.75,False,0.0
ciciomt2024,3,4,s227241,cross_arch,0.0,True,0.0
ciciomt2024,3,4,s203100,white_box,0.8888888888888888,True,0.0
ciciomt2024,3,4,s203100,cross_seed,0.75,False,0.0
ciciomt2024,3,4,s203100,cross_arch,0.0,True,0.0
ciciomt2024,3,4,s614637,white_box,0.8888888888888888,True,0.0
ciciomt2024,3,4,s614637,cross_seed,0.75,False,0.0
ciciomt2024,3,4,s614637,cross_arch,0.0,True,0.0
ciciomt2024,3,4,s218608,white_box,0.8888888888888888,True,0.0
ciciomt2024,3,4,s218608,cross_seed,0.75,True,0.0
ciciomt2024,3,4,s218608,cross_arch,0.0,True,0.0
ciciomt2024,3,4,s777062,white_box,0.8888888888888888,True,0.0
ciciomt2024,3,4,s777062,cross_seed,0.5714285714285714,True,0.0
ciciomt2024,3,4,s777062,cross_arch,0.0,True,0.0
ciciomt2024,3,4,s733039,white_box,0.8888888888888888,True,0.0
ciciomt2024,3,4,s733039,cross_seed,0.5714285714285714,False,0.0
ciciomt2024,3,4,s733039,cross_arch,0.0,True,0.0
ciciomt2024,3,4,s699363,white_box,0.8888888888888888,True,0.0
ciciomt2024,3,4,s699363,cross_seed,0.33333333333333337,True,0.0
ciciomt2024,3,4,s699363,cross_arch,0.0,True,0.0
ciciomt2024,3,4,s776730,white_box,0.8888888888888888,True,0.0
ciciomt2024,3,4,s776730,cross_seed,0.75,True,0.0
ciciomt2024,3,4,s776730,cross_arch,0.0,True,0.0
ciciomt2024,3,4,s642070,white_box,0.75,True,0.0
ciciomt2024,3,4,s642070,cross_seed,0.33333333333333337,True,0.0
ciciomt2024,3,4,s642070,cross_arch,0.0,True,0.0
ciciomt2024,3,4,s167980,white_box,0.75,True,0.0
ciciomt2024,3,4,s167980,cross_seed,0.75,False,0.0
ciciomt2024,3,4,s167980,cross_arch,0.0,True,0.0
ciciomt2024,3,4,s675624,white_box,0.75,True,0.0
ciciomt2024,3,4,s675624,cross_seed,0.33333333333333337,True,0.0
ciciomt2024,3,4,s675624,cross_arch,0.0,True,0.0
ciciomt2024,3,4,s234925,white_box,0.8888888888888888,True,0.0
ciciomt2024,3,4,s234925,cross_seed,0.75,False,0.0
ciciomt2024,3,4,s234925,cross_arch,0.0,True,0.0
ciciomt2024,3,4,s668152,white_box,0.8888888888888888,True,0.0
ciciomt2024,3,4,s668152,cross_seed,0.75,False,0.0
ciciomt2024,3,4,s668152,cross_arch,0.0,True,0.0
ciciomt2024,3,4,s279929,white_box,0.75,True,0.0
ciciomt2024,3,4,s279929,cross_seed,0.5714285714285714,True,0.0
ciciomt2024,3,4,s279929,cross_arch,0.0,True,0.0
ciciomt2024,3,4,s274588,white_box,0.8888888888888888,True,0.0
ciciomt2024,3,4,s274588,cross_seed,0.5714285714285714,True,0.0
ciciomt2024,3,4,s274588,cross_arch,0.0,True,0.0
ciciomt2024,3,4,s715942,white_box,0.8888888888888888,True,0.0
ciciomt2024,3,4,s715942,cross_seed,0.75,False,0.0
ciciomt2024,3,4,s715942,cross_arch,0.0,True,0.0
ciciomt2024,3,4,s307060,white_box,0.8888888888888888,True,0.0
ciciomt2024,3,4,s307060,cross_seed,0.5714285714285714,True,0.0
ciciomt2024,3,4,s307060,cross_arch,0.0,True,0.0
ciciomt2024,3,4,s237792,white_box,0.8888888888888888,True,0.0
ciciomt2024,3,4,s237792,cross_seed,0.33333333333333337,True,0.0
ciciomt2024,3,4,s237792,cross_arch,0.0,True,0.0
ciciomt2024,3,4,s247236,white_box,0.8888888888888888,True,0.0
ciciomt2024,3,4,s247236,cross_seed,0.75,False,0.0
ciciomt2024,3,4,s247236,cross_arch,0.0,True,0.0
ciciomt2024,3,4,s177641,white_box,0.8888888888888888,True,0.0
ciciomt2024,3,4,s177641,cross_seed,0.33333333333333337,True,0.0
ciciomt2024,3,4,s177641,cross_arch,0.0,True,0.0
ciciomt2024,3,4,s610620,white_box,0.75,True,0.0
ciciomt2024,3,4,s610620,cross_seed,0.75,False,0.0
ciciomt2024,3,4,s610620,cross_arch,0.0,True,0.0
ciciomt2024,3,4,s295714,white_box,0.8888888888888888,True,0.0
ciciomt2024,3,4,s295714,cross_seed,0.75,False,0.0
ciciomt2024,3,4,s295714,cross_arch,0.0,True,0.0
ciciomt2024,3,4,s617362,white_box,0.75,True,0.0
ciciomt2024,3,4,s617362,cross_seed,0.75,True,0.0
ciciomt2024,3,4,s617362,cross_arch,0.0,True,0.0
ciciomt2024,3,4,s618435,white_box,0.8888888888888888,True,0.0
ciciomt2024,3,4,s618435,cross_seed,0.33333333333333337,False,0.0
ciciomt2024,3,4,s618435,cross_arch,0.0,True,0.0
ciciomt2024,3,4,s243719,white_box,0.75,True,0.0
ciciomt2024,3,4,s243719,cross_seed,0.5714285714285714,False,0.0
ciciomt2024,3,4,s243719,cross_arch,0.0,True,0.0
ciciomt2024,3,4,s588624,white_box,0.8888888888888888,True,0.0
ciciomt2024,3,4,s588624,cross_seed,0.5714285714285714,True,0.0
ciciomt2024,3,4,s588624,cross_arch,0.0,True,0.0
ciciomt2024,3,4,s244341,white_box,0.8888888888888888,True,0.0
ciciomt2024,3,4,s244341,cross_seed,0.5714285714285714,True,0.0
ciciomt2024,3,4,s244341,cross_arch,0.0,True,0.0
ciciomt2024,3,4,s777898,white_box,0.8888888888888888,True,0.0
ciciomt2024,3,4,s777898,cross_seed,0.75,False,0.0
ciciomt2024,3,4,s777898,cross_arch,0.0,True,0.0
ciciomt2024,3,4,s286069,white_box,0.8888888888888888,True,0.0
ciciomt2024,3,4,s286069,cross_seed,0.5714285714285714,True,0.0
ciciomt2024,3,4,s286069,cross_arch,0.0,True,0.0
ciciomt2024,3,4,s191935,white_box,0.8888888888888888,True,0.0
ciciomt2024,3,4,s191935,cross_seed,0.33333333333333337,True,0.0
ciciomt2024,3,4,s191935,cross_arch,0.0,True,0.0
ciciomt2024,3,4,s679054,white_box,0.8888888888888888,True,0.0
ciciomt2024,3,4,s679054,cross_seed,0.75,True,0.0
ciciomt2024,3,4,s679054,cross_arch,0.0,True,0.0
ciciomt2024,3,4,s249825,white_box,0.8888888888888888,True,0.0
ciciomt2024,3,4,s249825,cross_seed,0.33333333333333337,True,0.0
ciciomt2024,3,4,s249825,cross_arch,0.33333333333333337,True,0.0
ciciomt2024,4,4,s227347,white_box,0.8888888888888888,True,0.0
ciciomt2024,4,4,s227347,cross_seed,0.33333333333333337,False,0.0
ciciomt2024,4,4,s227347,cross_arch,0.0,True,0.0
ciciomt2024,4,4,s311749,white_box,0.8888888888888888,True,0.0
ciciomt2024,4,4,s311749,cross_seed,0.8888888888888888,True,0.0
ciciomt2024,4,4,s311749,cross_arch,0.0,True,0.0
ciciomt2024,4,4,s272669,white_box,0.8888888888888888,True,0.0
ciciomt2024,4,4,s272669,cross_seed,0.75,True,0.0
ciciomt2024,4,4,s272669,cross_arch,0.0,True,0.0
ciciomt2024,4,4,s766192,white_box,0.8888888888888888,True,0.0
ciciomt2024,4,4,s766192,cross_seed,0.5714285714285714,False,0.0
ciciomt2024,4,4,s766192,cross_arch,0.0,True,0.0
ciciomt2024,4,4,s581153,white_box,0.75,True,0.0
ciciomt2024,4,4,s581153,cross_seed,0.5714285714285714,True,0.0
ciciomt2024,4,4,s581153,cross_arch,0.0,True,0.0
ciciomt2024,4,4,s736900,white_box,0.8888888888888888,True,0.0
ciciomt2024,4,4,s736900,cross_seed,0.33333333333333337,True,0.0
ciciomt2024,4,4,s736900,cross_arch,0.0,True,0.0
ciciomt2024,4,4,s657358,white_box,0.75,True,0.0
ciciomt2024,4,4,s657358,cross_seed,0.75,False,0.0
ciciomt2024,4,4,s657358,cross_arch,0.0,True,0.0
ciciomt2024,4,4,s249902,white_box,0.8888888888888888,True,0.0
ciciomt2024,4,4,s249902,cross_seed,0.8888888888888888,True,0.0
ciciomt2024,4,4,s249902,cross_arch,0.0,True,0.0
ciciomt2024,4,4,s231883,white_box,0.8888888888888888,True,0.0
ciciomt2024,4,4,s231883,cross_seed,0.75,True,0.0
ciciomt2024,4,4,s231883,cross_arch,0.33333333333333337,True,0.0
ciciomt2024,4,4,s664810,white_box,0.8888888888888888,True,0.0
ciciomt2024,4,4,s664810,cross_seed,0.33333333333333337,False,0.0
ciciomt2024,4,4,s664810,cross_arch,0.0,True,0.0
ciciomt2024,4,4,s735711,white_box,0.75,True,0.0
ciciomt2024,4,4,s735711,cross_seed,0.5714285714285714,True,0.0
ciciomt2024,4,4,s735711,cross_arch,0.33333333333333337,True,0.0
ciciomt2024,4,4,s674750,white_box,0.75,True,0.0
ciciomt2024,4,4,s674750,cross_seed,0.33333333333333337,True,0.0
ciciomt2024,4,4,s674750,cross_arch,0.0,True,0.0
ciciomt2024,4,4,s199007,white_box,0.8888888888888888,True,0.0
ciciomt2024,4,4,s199007,cross_seed,0.75,True,0.0
ciciomt2024,4,4,s199007,cross_arch,0.0,True,0.0
ciciomt2024,4,4,s718732,white_box,0.8888888888888888,True,0.0
ciciomt2024,4,4,s718732,cross_seed,0.5714285714285714,True,0.0
ciciomt2024,4,4,s718732,cross_arch,0.0,True,0.0
ciciomt2024,4,4,s216483,white_box,0.8888888888888888,True,0.0
ciciomt2024,4,4,s216483,cross_seed,0.8888888888888888,True,0.0
ciciomt2024,4,4,s216483,cross_arch,0.33333333333333337,True,0.0
ciciomt2024,4,4,s607999,white_box,0.8888888888888888,True,0.0
ciciomt2024,4,4,s607999,cross_seed,0.5714285714285714,True,0.0
ciciomt2024,4,4,s607999,cross_arch,0.0,True,0.0
ciciomt2024,4,4,s690189,white_box,1.0,True,0.0
ciciomt2024,4,4,s690189,cross_seed,0.8888888888888888,True,0.0
ciciomt2024,4,4,s690189,cross_arch,0.0,True,0.0
ciciomt2024,4,4,s693752,white_box,0.8888888888888888,True,0.0
ciciomt2024,4,4,s693752,cross_seed,0.5714285714285714,True,0.0
ciciomt2024,4,4,s693752,cross_arch,0.0,True,0.0
ciciomt2024,4,4,s202632,white_box,0.8888888888888888,True,0.0
ciciomt2024,4,4,s202632,cross_seed,0.5714285714285714,True,0.0
ciciomt2024,4,4,s202632,cross_arch,0.0,True,0.0
ciciomt2024,4,4,s179191,white_box,0.8888888888888888,True,0.0
ciciomt2024,4,4,s179191,cross_seed,0.5714285714285714,True,0.0
ciciomt2024,4,4,s179191,cross_arch,0.0,True,0.0
ciciomt2024,4,4,s702735,white_box,0.8888888888888888,True,0.0
ciciomt2024,4,4,s702735,cross_seed,0.5714285714285714,True,0.0
ciciomt2024,4,4,s702735,cross_arch,0.33333333333333337,True,0.0
ciciomt2024,4,4,s232274,white_box,0.8888888888888888,True,0.0
ciciomt2024,4,4,s232274,cross_seed,0.75,True,0.0
ciciomt2024,4,4,s232274,cross_arch,0.0,True,0.0
ciciomt2024,4,4,s684999,white_box,0.8888888888888888,True,0.0
ciciomt2024,4,4,s684999,cross_seed,0.5714285714285714,False,0.0
ciciomt2024,4,4,s684999,cross_arch,0.0,True,0.0
ciciomt2024,4,4,s304339,white_box,0.8888888888888888,True,0.0
ciciomt2024,4,4,s304339,cross_seed,0.33333333333333337,True,0.0
ciciomt2024,4,4,s304339,cross_arch,0.0,True,0.0
ciciomt2024,4,4,s774768,white_box,0.75,True,0.0
ciciomt2024,4,4,s774768,cross_seed,0.5714285714285714,True,0.0
ciciomt2024,4,4,s774768,cross_arch,0.0,True,0.0
ciciomt2024,4,4,s307075,white_box,0.8888888888888888,True,0.0
ciciomt2024,4,4,s307075,cross_seed,0.75,True,0.0
ciciomt2024,4,4,s307075,cross_arch,0.0,True,0.0
ciciomt2024,4,4,s744937,white_box,0.8888888888888888,True,0.0
ciciomt2024,4,4,s744937,cross_seed,0.5714285714285714,True,0.0
ciciomt2024,4,4,s744937,cross_arch,0.0,True,0.0
ciciomt2024,4,4,s707304,white_box,0.75,True,0.0
ciciomt2024,4,4,s707304,cross_seed,0.8888888888888888,False,0.0
ciciomt2024,4,4,s707304,cross_arch,0.0,True,0.0
ciciomt2024,4,4,s653731,white_box,0.8888888888888888,True,0.0
ciciomt2024,4,4,s653731,cross_seed,0.5714285714285714,False,0.0
ciciomt2024,4,4,s653731,cross_arch,0.0,True,0.0
ciciomt2024,4,4,s250656,white_box,0.75,True,0.0
ciciomt2024,4,4,s250656,cross_seed,0.5714285714285714,True,0.0
ciciomt2024,4,4,s250656,cross_arch,0.0,True,0.0
ciciomt2024,4,4,s221126,white_box,0.8888888888888888,True,0.0
ciciomt2024,4,4,s221126,cross_seed,0.75,True,0.0
ciciomt2024,4,4,s221126,cross_arch,0.0,True,0.0
ciciomt2024,4,4,s582094,white_box,0.8888888888888888,True,0.0
ciciomt2024,4,4,s582094,cross_seed,0.8888888888888888,True,0.0
ciciomt2024,4,4,s582094,cross_arch,0.0,True,0.0
ciciomt2024,4,4,s743171,white_box,0.75,True,0.0
ciciomt2024,4,4,s743171,cross_seed,0.75,True,0.0
ciciomt2024,4,4,s743171,cross_arch,0.0,True,0.0
ciciomt2024,4,4,s700232,white_box,0.75,True,0.0
ciciomt2024,4,4,s700232,cross_seed,0.75,True,0.0
ciciomt2024,4,4,s700232,cross_arch,0.0,True,0.0
ciciomt2024,4,4,s765852,white_box,0.8888888888888888,True,0.0
ciciomt2024,4,4,s765852,cross_seed,0.75,True,0.0
ciciomt2024,4,4,s765852,cross_arch,0.0,True,0.0
ciciomt2024,4,4,s607968,white_box,0.8888888888888888,True,0.0
ciciomt2024,4,4,s607968,cross_seed,0.5714285714285714,True,0.0
ciciomt2024,4,4,s607968,cross_arch,0.0,True,0.0
ciciomt2024,4,4,s736732,white_box,0.8888888888888888,True,0.0
ciciomt2024,4,4,s736732,cross_seed,0.75,True,0.0
ciciomt2024,4,4,s736732,cross_arch,0.0,True,0.0
ciciomt2024,4,4,s310427,white_box,0.8888888888888888,True,0.0
ciciomt2024,4,4,s310427,cross_seed,0.75,True,0.0
ciciomt2024,4,4,s310427,cross_arch,0.0,True,0.0
ciciomt2024,4,4,s177981,white_box,0.8888888888888888,True,0.0
ciciomt2024,4,4,s177981,cross_seed,0.5714285714285714,False,0.0
ciciomt2024,4,4,s177981,cross_arch,0.0,True,0.0
ciciomt2024,4,4,s614262,white_box,0.8888888888888888,True,0.0
ciciomt2024,4,4,s614262,cross_seed,0.5714285714285714,True,0.0
ciciomt2024,4,4,s614262,cross_arch,0.0,True,0.0
